source,translation
Ground Slam,グラウンドスラム
Table Charge,テーブルチャージ
Shield Charge,シールドチャージ
Rallying Cry,ラリイングクライ
Leap Slam,リープスラム
Molten Crash,モルテンクラッシュ
Double Strike,ダブルストライク
Dual Strike,デュアルストライク
Whirling Blades,ワーリングブレード
Frenzy,フレンジー
Caustic Arrow,コースティックアロー
Vaal Caustic Arrow,ヴァールコースティックアロー
Backstab,バックスタッブ
Detonate Dead,デトネートデッド
Vaal Detonate Dead,ヴァールデトネートデッド
Flicker Strike,フリッカーストライク
Vaal Flicker Strike,ヴァールフリッカーストライク
Blood Rage,ブラッドレイジ
Split Arrow,スプリットアロー
Vaal Split Arrow,ヴァールスプリットアロー
Cold Snap,コールドスナップ
Vaal Cold Snap,ヴァールコールドスナップ
Ice Nova,アイスノヴァ
Firebolt,ファイヤーボルト
Vaal Fireball,ヴァールファイヤーボール
Valako's Charge,ヴァラコズチャージ
Arc,アーク
Vaal Arc,ヴァールアーク
Raise Zombie,ゾンビ蘇生
Righteous Fire,ライチャスファイヤー
Vaal Righteous Fire,ヴァールライチャスファイヤー
Basic Attack,基本アタック
Cobra Lash,コブララッシュ
Spark,スパーク
Vaal Spark,ヴァールスパーク
Ice Spear,アイススピア
Spectre: {0},スペクター: {0}
Infernal Blow,インファーナルブロウ
Glacial Hammer,グレイシャルハンマー
Frost Wall,フロストウォール
Freezing Pulse,フリージングパルス
Viper Strike,ヴァイパーストライク
Explosive Arrow,エクスプローシブアロー
Temporal Chains,テンポラルチェーン
Elemental Weakness,エレメンタルウィークネス
Enfeeble,エンフィーブル
Sniper's Mark,スナイパーの呪印
Vulnerability,ヴァルネラビリティ
Inevitable Agony,インエビタブルアゴニー
Lightning Warp,ライトニングワープ
His Vile Intrusion,ヒズヴァイルイントリュージョン
Summon Skeletons,スケルトン召喚
Armour Breaker,アーマーブレイカー
Dominating Blow,ドミネイティングブロウ
Rain of Arrows,レインオブアロー
Vaal Rain of Arrows,ヴァールレインオブアロー
Firestorm,ファイヤーストーム
Vaal Firestorm,ヴァールファイヤーストーム
Icestorm,アイスストーム
Tempest Shield,テンペストシールド
Molten Shell,モルテンシェル
Vaal Molten Shell,ヴァールモルテンシェル
Power Siphon,パワーサイフォン
Puncture,パンクチャー
Lightning Arrow,ライトニングアロー
Vaal Lightning Arrow,ヴァールライトニングアロー
Haste,ヘイスト
Purity of Elements,ピュリティオブエレメンツ
Vitality,バイタリティ
Discipline,ディシプリン
Precision,プレシジョン
Grace,グレース
Determination,デターミネーション
Anger,アンガー
Hatred,ヘイトレッド
Wrath,ラース
Burning Arrow,バーニングアロー
Vaal Burning Arrow,ヴァールバーニングアロー
Clarity,クラリティ
Fire Trap,ファイヤートラップ
Vaal Fire Trap,ヴァールファイヤートラップ
Ethereal Knives,イシリアルナイフ
Ice Shot,アイスショット
Vaal Ice Shot,ヴァールアイスショット
Creeping Frost,クリーピングフロスト
Flammability,フラマビリティ
Hypothermia,ハイポサーミア
Conductivity,コンダクティヴィティ
Ball Lightning,ボールライトニング
Vaal Cyclone,ヴァールサイクロン
Cyclone,サイクロン
Smoke Mine,スモークマイン
Spectral Throw,スペクトラルスロー
Vaal Spectral Throw,ヴァールスペクトラルスロー
Purity of Fire,ピュリティオブファイア
Purity of Ice,ピュリティオブアイス
Purity of Lightning,ピュリティオブライトニング
Impurity,インピュリティ
Storm Call,ストームコール
Vaal Storm Call,ヴァールストームコール
Flameblast,フレイムブラスト
Blood Sacrament,ブラッドサークラメント
Vaal Flameblast,ヴァールフレイムブラスト
Flames of Judgement,フレイムオブジャッジメント
Barrage,バラージ
Summon Raging Spirit,レイジングスピリット召喚
Flame Surge,フレイムサージ
Desecrate,デセクレート
Bone Offering,ボーンオファリング
Glacial Cascade,グレイシャルカスケード
Storm Cascade,ストームカスケード
Molten Strike,モルテンストライク
Vaal Molten Strike,ヴァールモルテンストライク
Tornado Shot,トルネードショット
Herald of Ash,ヘラルドオブアッシュ
Herald of Ice,ヘラルドオブアイス
Herald of Thunder,ヘラルドオブサンダー
Herald of Purity,ヘラルドオブピュリティ
Consecrate,コンセクレート
Kinetic Blast,キネティックブラスト
Summon Chaos Golem,カオスゴーレム召喚
Summon Ice Golem,アイスゴーレム召喚
Summon Flame Golem,フレイムゴーレム召喚
Ice Crash,アイスクラッシュ
Enervating Nova,エナーベイティングノヴァ
Flame Dash,フレイムダッシュ
Vigilant Strike,ヴィジラントストライク
Frost Blades,フロストブレード
Rolling Magma,ローリングマグマ
Punishment,パニッシュメント
Vaal Arctic Armour,ヴァールアークティックアーマー
Wild Strike,ワイルドストライク
Mortar,迫撃スキル
Bladefall,ブレードフォール
Rain of Blades,レインオブブレード
Frost Bomb,フロストボム
Manifest Dancing Dervish,ダルヴィーシュの舞顕現
Manifest Dancing Dervishes,ダルヴィーシュの舞顕現
Orb of Storms,オーブオブストーム
Summon Stone Golem,ストーンゴーレム召喚
Whirling Leap,ワーリングリープ
Earthquake,アースクエイク
Contagion,コンテージョン
Wither,ウィザー
Essence Drain,エッセンスドレイン
Sunder,サンダー
Frostbolt,フロストボルト
Vortex,ヴォーテックス
Face Last Target,フェイスラストターゲット
Summon Lightning Golem,ライトニングゴーレム召喚
Izaro Warp,イザロワープ
Lacerate,ラセレイト
Dark Pact,ダークパクト
Abyssal Pact,アビサルパクト
Scorching Ray,スコーチングレイ
Blade Vortex,ブレードヴォーテックス
Bone Mortar,ボーンモーター
Lightning Bolt,ライトニングボルト
Raise Spiders,スパイダー召喚
Skeletal Warrior Minion,スケルトンウォーリアーミニオン
Skeletal Reaver Minion,スケルトンリーバーミニオン
Skeletal Brute Minion,スケルトンブルートミニオン
Skeletal Sniper Minion,スケルトンスナイパーミニオン
Skeletal Frost Mage Minion,スケルトンフロストメイジミニオン
Skeletal Storm Mage Minion,スケルトンストームメイジミニオン
Skeletal Arsonist Minion,スケルトンアーソニストミニオン
Skeletal Cleric Minion,スケルトンクレリックミニオン
Azmerian Wolf,アズメリウルフ
Mist Raven,ミストレイヴン
Spiraling Conspiracy,スパイラリングコンスピラシー
Corrupted Cry,コラㇷ゚テッドクライ
Twisted Pact,ツイステッドパクト
Profane Decay,プロフェンディケイ
Volatile Dead,ボラタイルデッド
Stalking Pustule,ストーキングパスチュール
Cremation,クリメーション
Tectonic Slam,テクトニックスラム
Despair,ディスペア
Petrification Statue,石化の像
Glimpse of Eternity,永遠の兆し
Twister,ツイスター
Seismic Trap,サイズミックトラップ
Consecrated Path,コンセクレイテッドパス
Toxic Rain,トキシックレイン
Summon Holy Relic,ホーリーレリック召喚
"Summon an image of Beidat, Archangel of Death",死の大天使、ベイダットの像召喚
Summon Pale Angel,ペール・エンジェル召喚
Summon Pale Cherubim,ペール・ケルビム召喚
Summon Pale Servitor,ペール・サーヴィター召喚
"Summon an image of K'tash, the Hate Shepherd",憎悪の羊飼い、カタッシュの像召喚
Summon Demon Harpy,デーモン・ハーピィ召喚
Summon Demon Imp,デーモン・インプ召喚
Summon Demon Beast,デーモン・ビースト召喚
Feast of Flesh,フィーストオブフレッシュ
Soulrend,ソウルレンド
Bane,ベイン
Wave of Conviction,ウェーブオブコンヴィクション
Zealotry,ゼロトリー
Malevolence,マレヴォレンス
Steelskin,スティールスキン
Dash,ダッシュ
Bladestorm,ブレードストーム
Perforate,パーフォレイト
Chain Hook,チェーンフック
Shockwave,ショックウェーブ
Gore Shockwave,ゴアショックウェーブ
Pride,プライド
Summon Carrion Golem,キャリオンゴーレム召喚
Withering Step,ウィザリングステップ
Pyroclast Mine,パイロクラストマイン
Stormblast Mine,ストームブラストマイン
Icicle Mine,アイシクルマイン
Venom Gyre,ヴェノムジャイア
Vaal Venom Gyre,ヴァールヴェノムジャイア
Ensnaring Arrow,エンスネアリングアロー
Siege Ballista,シージバリスタ
Arcane Cloak,アーケインクローク
Snipe,スナイプ
Infernal Cry,インファーナルクライ
Seismic Cry,サイズミッククライ
Ancestral Cry,アンセストラルクライ
Volcanic Steps,ヴォルカニックステップ
Volcanic Eruption,ボルカニックエラプション
Earthshatter,アースシャッター
Crackling Lance,クラックリングランス
Rite of Restoration,ライトオブレストレーション
Sigil of Power,シギルオブパワー
Flame Wall,フレイムウォール
Doom Blast,ドゥームブラスト
Hexblast,ヘックスブラスト
Hydrosphere,ハイドロスフィア
Generosity,ジェネロシティ
Ancestral Warrior Totem,アンセストラルウォーリアートーテム
Spell Totem,スペルトーテム召喚
Summon Ballista Totem,バリスタトーテム召喚
Mortar Cannon,モルタルキャノン
Exsanguinate,イグザングイネイト
Corrupting Fever,コラプティングフィーバー
Reap,リープ
Vaal Reap,ヴァールリープ
His Winnowing Flame,ヒズウィノウイングフレイム
Petrified Blood,ペトリファイドブラッド
Voltaxic Burst,ボルタキシックバースト
DNT-UNUSED Rage Vortex,レイジヴォーテックス
Battlemage's Cry,バトルメイジズクライ
Ambush,アンブッシュ
Blade Trap,ブレードトラップ
Manabond,マナボンド
Storm Rain,ストームレイン
Shield Crush,シールドクラッシュ
Spectral Helix,スペクトラルヘリックス
Boneshatter,ボーンシャッター
Bonebreaker,ボーンブレーカー
Eye of Winter,アイオブウィンター
Temporal Rift,テンポラルリフト
Tornado,トルネード
Elemental Storm,エレメンタルストーム
Energy Blade,エナジーブレード
Soul Link,ソウルリンク
Flame Link,フレイムリンク
Vampiric Link,ヴァンピリックリンク
Protective Link,プロテクティブリンク
Intuitive Link,インテュイティブリンク
Destructive Link,ディストラクティブリンク
Lightning Conduit,ライトニングコンジット
Galvanic Field,ガルヴァニックフィールド
Direct Ants,ダイレクトアンツ
Polymorph,ポリモーフ
Rapid Assault,ラピッドアサルト
Impale,インペール
Blood Hunt,ブラッドハント
Disengage,ディスエンゲージ
Whirling Slash,ワーリングスラッシュ
Spearfield,スピアフィールド
Summon Demon Magus,デーモンメイガス召喚
Lightning Spear,ライトニングスピア
Blazing Lance,ブレイジングランス
Summon Infernal Hound,インファーナルハウンド召喚
"Navira, the Last Mirage",最後の蜃気楼、ナヴィラ
"Ruzhan, the Blazing Sword",灼熱の剣、ルザン
"Kelari, the Tainted Sands",汚染された砂、ケラリ
Kelari's Malediction,ケラリの呪詛
Power Shot,パワーショット
Explosive Shot,エクスプローシブショット
Load Explosive Shot,エクスプローシブショット装填
High Velocity Rounds,ハイベロシティー弾
Load High Velocity Rounds,ハイベロシティー弾装填
Glacial Bolt,グレイシャルボルト
Load Glacial Bolt,グレイシャルボルト装填
Plasma Blast,プラズマブラスト
Load Plasma Blast,プラズマブラスト装填
Siege Cascade,シージカスケード
Load Siege Cascade,シージカスケード装填
Hailstorm Rounds,ヘイルストーム弾
Load Hailstorm Rounds,ヘイルストーム弾装填
Stormblast Bolts,ストームブラストボルト
Load Stormblast Bolts,ストームブラストボルト装填
Whirling Assault,ワーリングアサルト
Rolling Slam,ローリングスラム
Escape Shot,エスケープショット
Supercharged Slam,スーパーチャージドスラム
Wind Blast,ウィンドブラスト
Volcanic Fissure,ヴォルカニックフィッシャー
Frozen Legion,フローズンリージョン
Frozen Sweep,フローズンスウィープ
Vaal Volcanic Fissure,ヴァールヴォルカニックフィッシャー
Summon Triggerbots,トリガーボット召喚
Flip a coin,コイントス
DNT-UNUSED Stance Swap,スタンススワップ
Summon Barrel,バレル召喚
Quickstep,クイックステップ
Freezing Shards,フリージングシャード
Chaos Bolt,カオスボルト
Coiling Bolts,コイリングボルト
Wave of Frost,ウェーブオブフロスト
Rapid Shot,ラピッドショット
Load Rapid Shot,ラピッドショット装填
Armour Piercing Rounds,アーマーピアシング弾
Load Armour Piercing Rounds,アーマーピアシング装填
Ice Shards,アイスシャード
Load Ice Shards,アイスシャード装填
Shockburst Rounds,ショックバースト弾
Load Shockburst Rounds,ショックバースト弾装填
Burst Shot,バーストショット
Incendiary Shot,インセンディアリーショット
Load Incendiary Shot,インセンディアリーショット装填
Fragmentation Rounds,フラグメンテーション弾
Load Fragmentation Rounds,フラグメンテーション弾装填
Permafrost Bolts,パーマフロストボルト
Load Permafrost Bolts,パーマフロストボルト装填
Galvanic Shards,ガルバニックシャード
Load Galvanic Shards,ガルバニックシャード装填
Ice Strike,アイスストライク
Comet,コメット
His Foul Emergence,ヒズフォウルエマージェンス
BurningNova,バーニングノヴァ
Artillery Ballista,アーティラリーバリスタ
Mana Tempest,マナテンペスト
His Dark Horizon,ヒズダークホライゾン
Arctic Armour,アークティックアーマー
Meditate,メディテイト
Killing Palm,キリングパーム
Falling Thunder,フォーリングサンダー
Volcano,ボルケーノ
Wolf Pack,ウルフパック
Cackling Companions,ハイエナコンパニオン
Shattering Palm,シャッタリングパーム
Spiral Volley,スパイラルボレー
Mirror Breaker,ミラーブレーカー
Maul,モール
Pounce,パウンス
Default Attack,デフォルトアタック
Rampage,ランページ
Spear Throw,スピアスロー
Unleash,アンリーシュ
Thunderstorm,サンダーストーム
Combust,コンバスト
Furious Slam,フューリアススラム
Ferocious Roar,フェロシアスロア
Cast on Shock,ショックフラッシュ
Cast on Freeze,凍結時キャスト
Cast on Ignite,発火時キャスト
Cast on Elemental Ailment,元素系状態異常時キャスト
Cast on Melee Kill,近接撃破時キャスト
Cast on Death,死亡時キャスト
Cast when Stunned,被スタン時キャスト
Cast when Damage Taken,被ダメージ時キャスト
Cast on Critical,クリティカル時キャスト
Barrier Invocation,バリアーインボケーション
Cast on Dodge,ドッジ時キャスト
Cast while Channelling,チャネリング中キャスト
Cast on Melee Stun,近接スタン時キャスト
Lingering Illusion,リンガーリングイリュージョン
Void Illusion,ヴォイドイリュージョン
Ghost Dance,ゴーストダンス
Bind Spectre,バインドスペクター
Basic Bolt,基本ボルト
Summon Companion,コンパニオン召喚
Explosive Grenade,エクスプローシブグレネード
Flash Grenade,フラッシュグレネード
Gas Grenade,ガスグレネード
Oil Grenade,オイルグレネード
Fire Bomb,ファイヤーボム
Voltaic Grenade,ヴォルタイークグレネード
Revive Skeleton,スケルトン復活
Pain Offering,ペインオファリング
Command: {0},コマンド：{0}
Resonating Slam,レゾーネーティングスラム
Enrage,エンレイジ
Gas Arrow,ガスアロー
Eternal Hunt,エターナルハント
Death Storm,デスストーム
Explosive Demise,エクスプローシブデマイズ
Navira's Well,ナヴィラの井戸
Navira's Calming,ナヴィラの鎮静
Tempest Flurry,テンペストフラリィ
Staggering Palm,スタガリングパーム
Projectile,投射物
Charged Staff,チャージドスタッフ
Charged Shockwave,チャージドショックウェーブ
Siphoning Strike,サイフォニングストライク
Tempest Bell,テンペストベル
Direct Minions,ミニオン操作
Frozen Locus,フローズンローカス
Bonestorm,ボーンストーム
Bone Cage,ボーンケージ
Consume Corpse,死体消費
Unearth,アンアース
Detonating Arrow,デトネーティングアロー
Poisonburst Arrow,ポイズンバーストアロー
Toxic Growth,トキシックグロース
Stormcaller Arrow,ストームコーラーアロー
Phantasmal Arrow,ファンタズマルアロー
Lightning Rod,ライトニングロッド
Solar Orb,ソーラーオーブ
Fireball,ファイヤーボール
Plague Bearer,プレイグベアラー
Electrocuting Arrow,エレクトロカッティングアロー
Snap,スナップ
Perfect Strike,パーフェクトストライク
Raise Shield,レイズシールド
Kinetic Bash,キネティックバッシュ
Resonating Shield,レゾネーティングシールド
Mana Remnants,マナレムナント
Sanguine Revelry,サングインレヴェルリー
Magma Barrier,マグマバリアー
Magma Spray,マグマスプレー
Punch,パンチ
Quarterstaff Strike,クォータースタッフストライク
Flail Strike,フレイルストライク
Sword Slash,ソードスラッシュ
Axe Slash,アックススラッシュ
Mace Strike,メイスストライク
Claw Stab,クロースタブ
Dagger Stab,ダガースタブ
Spear Stab,スピアスタブ
Bow Shot,ボウショット
Crossbow Shot,クロスボウショット
Grenade,グレネード
Playtest Attack,プレイテストアタック
Playtest Slam,プレイテストスラム
Playtest Spell,プレイテストスペル
Shockwave Totem,ショックウェーブトーテム
Shockwave Slam,ショックウェーブスラム
Vine Arrow,ヴァインアロー
Rhoa Mount,ロアマウント
Plague Burst,プレイグバースト
Decompose,デコンポーズ
Raging Spirits,レイジングスピリット
Ice Shard,アイスシャード
Elemental Discharge,エレメンタルディスチャージ
Catalysing Discharge,カタライジングディスチャージ
Fiery Death,ファイヤリィデス
Explosive Spear,エクスプローシブスピア
Wind Wave,ウィンドウェーブ
Elemental Siphon,エレメンタルサイフォン
Thunderous Leap,サンダラスリープ
Wind Dancer,ウィンドダンサー
Gale Force,ゲールフォース
Mana Flare,マナフレア
Profane Ritual,プロファンリチュアル
Soul Offering,ソウルオファリング
Dark Effigy,ダークエフィジー
Vile Effusion,ヴァイルエフュージョン
Ice Bomb,アイスボム
Grim Feast,グリムフィースト
Blasphemy,ブラスファミー
Cast on Minion Death,ミニオン死亡時キャスト
Scavenged Plating,スカベンジドプレーティング
Spinning Inferno,スピニングインフェルノ
Mana Drain,マナドレイン
Bone Blast,ボーンブラスト
Blink,ブリンク
Black Powder Blitz,ブラックパウダーブリッツ
Incinerate,インシネレート
Molten Blast,モルテンブラスト
Malice,マリス
Hydra Familiar,ヒドラ使い魔
Hammer of the Gods,ハンマーオブゴッズ
Living Bomb,リビングボム
Untether,アンテザー
Stampede,スタンピード
Shield Wall,シールドウォール
Fortifying Cry,フォティファイイングクライ
Shield Wave,シールドウェーブ
Ember Fusillade,エンバーフューシレイド
His Scattering Calamity,ヒズスキャッタリングカラミティ
Sorcery Ward,ソーサリーワード
Stomping Ground Shockwave,スタンピンググラウンドショックウェーブ
Life Remnants,ライフレムナント
Shockchain Arrow,ショックチェインアロー
Vaulting Impact,ヴォールティングインパクト
Storm Wave,ストームウェーブ
Mantra of Destruction,マントラオブデストラクション
Bone Explosion,ボーンエクスプロージョン
Soulbreaker,ソウルブレーカー
Explosive Concoction,エクスプローシブコンコクション
Fulminating Concoction,ファルミネーティングコンコクション
Shattering Concoction,シャッタリングコンコクション
Acidic Concoction,アシッドコンコクション
Bleeding Concoction,ブリーディングコンコクション
Elemental Expression,エレメンタルエクスプレッション
War Banner,ウォーバナー
Defiance Banner,デファイアンスバナー
Dread Banner,ドレッドバナー
Freezing Mark,凍結の呪印
Voltaic Mark,電流の呪印
Unbound Avatar,アンバウンドアバター
Hand of Chayula,チャユラの手
DNT-UNUSED Freezing Word,DNT-UNUSEDフリージングワード
Freezing Explosion,フリージングエクスプロージョン
Time Snap,タイムスナップ
Time Freeze,タイムフリーズ
Demon Form,デーモンフォーム
Time of Need,タイムオブニード
Encase in Jade,ヒスイの守り
Align Fate,運命の調和
Moment of Vulnerability,無防備の瞬間
Ancestral Spirits,アンセストラルスピリット
Elemental Invocation,エレメンタルインボケーション
Into the Breach,イントゥーザブリーチ
Attrition,アトリション
Elemental Conflux,エレメンタルコンフラックス
Emergency Reload,緊急リロード
Cluster Grenade,クラスターグレネード
Lightning Clone Retaliation,リタリエーション
Charge Regulation,チャージレギュレーション
Shard Scavenger,シャードスカベンジャー
Overwhelming Presence,オーバーウェルミングプレゼンス
Alchemist's Boon,アルケミストブーン
Reaper's Invocation,リーパーズインボケーション
Sacrifice,サクリファイス
Archmage,アークメイジ
Burning Inscription,バーニングインスクリプション
Magnetic Salvo,マグネティックサルヴォ
Freezing Salvo,フリージングサルヴォ
Berserk,バーサーク
Herald of Plague,ヘラルドオブプレイグ
Herald of Blood,ヘラルドオブブラッド
Withering Presence,ウィザリングプレゼンス
Ravenous Swarm,ラヴェナススウォーム
Mirage Deadeye,ミラージュデッドアイ
Mirage Archer,ミラージュアーチャー
Combat Frenzy,コンバットフレンジー
Cast on Block,ブロック時キャスト
Curse on Block,ブロック時呪い
Gathering Storm,ギャザリングストーム
Ritual Sacrifice,リチュアルサクリファイス
Blood Boil,ブラッドボイル
Shattering Spite,シャタリングスパイト
Vivid Stampede,ビビッドスタンピード
Wild Protector,ワイルドプロテクター
Hollow Form,ホロウフォーム
Hollow Focus,ホロウフォーカス
Hollow Resonance,ホロウレゾナンス
Called Shots,コールショット
Bone Shrapnel Explosion,ボーンシュラプネルエクスプロージョン
Battershout,バターシャウト
Caltrops,マキビシ
Haemocrystals,血の結晶
Quill Burst,クイルバースト
Brambles,荊棘
Static Shocks,スタティックショック
Tawhoa's Vengeance,タウホアの復讐
Whirlwind Lance,ワールウィンドランス
Wind Serpent's Fury,ウィンドサーペントズフューリー
Rake,レーキ
Bloodhound's Mark,ブラッドハウンドの呪印
Blood Explosion,ブラッドエクスプロージョン
Tame Beast,テイムビースト
Spear of Solaris,スピアオブソラリス
Storm Lance,ストームランス
Parry,パリィ
Fangs of Frost,ファングオブフロスト
Elemental Sundering,エレメンタルサンダリング
Companion: {0},コンパニオン: {0}
DNT-UNUSED Frozen Vortex,ヴォーテックス
Cast on Charm Use,チャーム使用時キャスト
Trinity,トリニティ
Glacial Lance,グレイシャルランス
Primal Strikes,プライマルストライク
Cull the Weak,カルザウィーク
Elemental Surge,エレメンタルサージ
Chaotic Surge,カオティックサージ
Trail of Caltrops,トレイルオブカルトロップ
Thundergod's Wrath,雷神の怒り
Fire Spell on Melee Hit,近接ヒット時火スペル
DNT-UNUSED triggered_hoarfrost,トリガードホアフロスト
Manifest Weapon,マニフェストウェポン
Supporting Fire,サポーティングファイヤー
Death From Above,デスフロムアバブ
Mad Flight,マッドファイト
Temper Weapon,テンパーウェポン
Convalescence,コンバレセンス
Set Shark Bait,サメの餌設置
Gemini Surge,ジェム二サージ
Rend,レンド
Wing Blast,ウィングバースト
Bursting Fen Toad,バースティングフェントード
Navira's Embrace,ナヴィラの抱擁
Navira's Fracturing,ナヴィラの破砕
Navira's Oasis,ナヴィラのオアシス
Kelari's Brutality,ケラリの残虐
Kelari's Deception,ケラリの欺き
Kelari's Judgment,ケラリの裁き
Sandblast,サンドブラスト
Ruzhan's Brand,ルザンの焼き印
Ruzhan's Trap,ルザンの罠
Ruzhan's Reckoning,ルザンの清算
Ruzhan's Fury,ルザンの怒り
Ruzhan's Zealotry,ルザンの狂信
Slam,スラム
Roar,ロアー
Oil Barrage,オイルバラージ
Iron Ward,アイアンワード
Flame Breath,フレイムブレス
Entangle,エンタングル
Ice Fragments,アイスフラグメント
Shred,シュレッド
Fury of the Mountain,フューリーオブザマウンテン
Predator's Mark,プレデターの呪印
Cross Slash,クロススラッシュ
Pinnacle of Power,ピナクルオブパワー
Requiem,レクイエム
Compose Requiem,コンポーズレクイエム
Lunar Assault,ルナーアサルト
Heart of Ice,ハートオブアイス
Primal Avatar,プライマルアバター
Devour,デバウアー
Thrashing Vines,スラッシングバイン
Triggered Caustic Cloud,トリガードコースティッククラウド
Lunar Blessing,ルナーブレッシング
Arctic Howl,アークティックハウル
Living Lightning,リビングライトニング
Living Bolt,リビングボルト
Electromagnetism,エレクトロマグネティズム
Flame Pillar,火柱
Grisly Pyre,グリスリーパイア
Crater,クレーター
Fiery Reclamation,ファイアリーリクラメーション
Skittering Stone,スキッタリングストーン
Forge Hammer,フォージハンマー
Toggle Mount Minion,トグルマウントミニオン
Fulmination,フルミネーション
Grim Resurrection,グリムリザレクション
Primal Bounty,プライマルバウンティ
Lightless Stalker,ライトレスストーカー
Toxic Domain,トキシックドメイン
Spellslinger,スペルスリンガー
Ice-Tipped Arrows,アイスティップアロー
Crackling Palm,クラックリングパーム
Gelid Palm,ジェリッドパーム
Mark as prey,獲物に指定
Future-Past,時の交差
Runic Tempering,ルーニックテンパリング
Doedre's Dark Design,ドゥードリのダークデザイン
Ice Armour,アイスアーマー
Siphon Elements,サイフォンエレメント
Shattering Roar,シャタリングロアー
Frost Darts,フロストダーツ
His Grave Command,ヒズグレーブコマンド
Abyssal Apparition,アビサルアパリション
Creeping Chill,クリーピングチル
Arm Whack,アームワック
Briarpatch,ブライアパッチ
Eternal Rage,エターナルレイジ
Savage Fury,サベージフューリー
Summon Wolf,ウルフ召喚
Walking Calamity,ウォーキングカラミティ
Meteors,メテオ
The Stars Answer,スターアンサー
Starfall,スターフォール
Apocalypse,アポカリプス
Meteor,メテオ
Hailstorm,ヘイルストーム
Crash Lightning,クラッシュライトニング
Accelerated Growth,成長の加速
Fan the Flames,ファンザフレイム
Coursing Current,雷の奔流
Mirror of Refraction,屈折の鏡
Barkskin,バークスキン
Feral Invocation,フェラルインヴォケーション
Poison Spores,毒胞子
Annihilation,アニヒレーション
Deadly Resolve,デッドリーリソルブ
Empowered Sparks,強化のスパーク
Moonbeam,ムーンビーム
Archon of Chayula,アルコンオブチャユラ
Wildwood's Gifts,ワイルドウッドギフト
Righteous Descent,ライチャスデセント
Starborn Onslaught,スターボーンオンスロート
Voltaic Fulmination,ヴォルカニックフルミネーション
Azmerian Swarms,アズメリスウォーム
Harbinger of Madness,ハービンジャーオブマッドネス
Winged Entropy,ウィングエントロピー
Soaring Midnight,ソアリングミッドナイト
Embrace The Fall,エンブレースザフォール
Chayula's Will,チャユラズウィル
Spirit Vessel,スピリットヴェセル
Mesmerize,メスメライズ
Crushing Fear,クラッシングフィアー
Midnight Zenith,ミッドナイトゼニス
Virtuous Barrier,ヴァーチュアスバリア
Dark Consequences,ダーク・コンシクエンス
Concussive Runes,コンカッシブルーン
Leylines,レイライン
Frostflame Nova,フロストフレイムノヴァ
Hollow Shell,ホロウシェル
Molten Shower,モルテンシャワー
Runeforged Blades,ルーンフォージブレード
Fist of Kalguur,フィストオブカルグール
Powered by Verisium,パワードバイヴェリシウム
Refutation,リフュテーション
Repulsion,リパルション
Repulsion Wave,リパルションウェーブ
Triskelion Cascade,トリスケリオンカスケード
Skyfall,スカイフォール
Detonate Living,デトネートリビング
Animus Exchange,アニムスエクスチェンジ
Bitter Dead,ビターデッド
Eternal March,エターナルマーチ
Grim Pillars,グリムピラー
Verisium Manifestations,ヴェリシウムマニフェステーション
Manifest Rune,マニフェストルーン
Remnants of Kalguur,レムナントオブカルグール
Wardbound Minions,ワードバウンドミニオン
Fragments of the Past,フラグメントオブザパスト
Conductive Runes,コンダクティブルーン
Herald of the Royal Queen,ヘラルドオブロイヤルクイーン
Nature's Exchange,ネイチャーエクスチェンジ
Animus Splinters,アニムススプリンター
Runic Reprieve,ルーニックリプリーブ
Voltaic Barrier,ボルタイックバリア
Fragment Self,フラクチャーセルフ
Explosive Transmutation,エクスプローシブトランスミューテーション
Transmutation Explosion,トランスミューテーションエクスプローション
Falling Blade,フォーリングブレード
Smash to Smithereens,スマッシュトゥスミザリンズ
Queen's Procession,クイーンズプロセッション
"The character slams the ground in front of them with a Mace, creating a wave that travels forward and damages enemies with an increased chance to stun.",前方の地面をメイスでスラムして前方に移動する衝撃波を放ち、敵にダメージを与える。スタン確率が増加する。
"Slams the ground in front of you, creating a wave that travels forward and damages enemies.",前方の地面をスラムして前方に移動する衝撃波を放ち、敵にダメージを与える。
"DNT-UNUSED Slams the ground in front of you, creating a wave that travels in all directions that damages enemies with an increased chance to stun. The wave deals more damage to closer enemies.",前方の地面を叩きつけ、周囲に衝撃波を放つ。衝撃波は敵にダメージを与え、高いスタン確率を持つ。近くの敵に対してはダメージが上昇する。
"The character swings their weapon (or both weapons if dual wielding) in an arc, damaging monsters in an area in front of them. Only works with Axes and Swords.",武器 (二刀流の場合は両方の武器 )を弧を描くように振り、前方範囲内のモンスターにダメージを与える。使用するには斧または剣を装備する必要がある。
"Charges at an enemy, bashing it with the character's shield and striking it. This knocks it back and stuns it. Enemies in the way are pushed to the side. Damage and stun are proportional to distance travelled. Cannot be supported by Multistrike.",敵に向かって突進し、盾で強打することで敵をはねつけスタンさせる。道を塞いでいる敵は横に押しのけられる。ダメージとスタンは移動距離に比例する。マルチストライクでサポートすることができない。
"Channel to charge in the target direction. You will crash into enemies on your path, stopping your charge and dealing damage to enemies in an area, and extra damage to the enemies you collided with. While charging, your Shield is raised and you will Block all incoming Blockable hits.",チャネリングし対象方向に突撃する。進路上の敵に突進した後、突撃を止め、範囲内の敵にダメージを与える。衝突した敵には追加のダメージを与える。突撃中は、盾を掲げ、前方から来るブロック可能なヒットをブロックする。
"Performs a warcry, granting increased damage and mana regeneration to the user and nearby allies if there are nearby enemies. The damage increase is proportional to the number of surrounding enemies. Shares a cooldown with other Warcry skills.",ウォークライを行い、近くに敵がいた場合に使用者と近くの味方にダメージ増加とマナ自動回復を付与する。ダメージ増加は包囲している敵の数に比例する。他のウォークライスキルとクールダウンを共有する。
"Jump into the air, damaging and Knocking Back enemies with your mace where you land. Enemies you would land on are
pushed out of the way.","空中に飛び上がり、着地点にいる敵にメイスでダメージを与えノックバックさせる。
着地点にいる敵は押し出される。"
"Jump into the air, damaging and Knocking Back back enemies with your weapon where you land. Enemies you would land on are pushed out of the way.",空中に飛び上がり、着地点にいる敵に武器でダメージを与えノックバックさせる。着地点にいる敵は押し出される。
"Shapeshift into a burning monstrosity and leap through the air to crash down upon the earth, Slamming twice and creating Molten Fissures. Consumes Rage to create additional Molten Fissures.",燃え盛る化け物にシェープシフトし、上空に飛び上がり、大地に着地し、二回スラムを行い、マグマの亀裂を生成する。憤怒を消費し、追加のマグマの亀裂を生成する。
Performs two fast strikes with a melee weapon.,近接武器を使って素早い強打を2回行う。
"DNT-UNUSED Performs two fast strikes with a melee weapon, each of which summons a double of you for a duration to continuously attack monsters in this fashion.",近接武器を使って素早い強打を2回行う。強打はそれぞれ使用者の分身を召喚し、分身は持続時間中、同じく2回強打を行い敵を攻撃し続ける。
"DNT-UNUSED Each attack with this skill will choose an element at random, and will only be able to deal damage of that element. If the attack hits an enemy, it will also deal damage in an area around them, with the radius being larger if that enemy is suffering from an ailment of the chosen element. It will avoid choosing the same element twice in a row.",攻撃のたびに元素が一種ランダムに選ばれ、その元素ダメージしか与えることができない。攻撃が敵にヒットすると、その敵の周囲に範囲ダメージを与える。攻撃がヒットした敵が選択された元素の状態異常を負っていればその範囲は拡大する。同じ元素が二度連続で選ばれることはない。
"Attacks with both weapons, dealing the damage of both in one strike. Dual wield only. Does not work with wands.",両方の武器で攻撃し、両武器のダメージを強力な一撃として与える。二刀流でのみ使用可能で、ワンドでは使用できない。
"Dive through enemies, dealing weapon damage. Only works with daggers, claws and one handed swords. Cannot be supported by Multistrike.",敵に向かって飛び込み、武器ダメージを与える。使用するには短剣、鉤爪または片手剣を装備する必要がある。マルチストライクでサポートすることができない。
Performs an attack that gives the character a frenzy charge if it hits. Frenzy charges increase your attack speed.,敵にヒットすると使用者にフレンジーチャージを付与するアタックを行う。フレンジーチャージはアタックスピードを増加させる。
"Fires an arrow which deals chaos damage in an area on impact, and spreads caustic ground. Enemies standing on the caustic ground take chaos damage over time.",着弾時に周囲に混沌ダメージを与え、腐食領域を作る矢を放つ。腐食領域上の敵は混沌継続ダメージを受ける。
"Fires a slow-moving serpentine arrow which deals chaos damage while piercing enemies, and leaves a trail of caustic ground. Enemies standing on the caustic ground take chaos damage over time.",蛇のような低速の矢が敵を貫通しながら混沌ダメージを与える。腐食領域の軌跡が残り、領域上の敵は混沌継続ダメージを受ける。
A dagger skill that deals a critical strike and additional damage to an enemy if the attack is made from behind the enemy. Has high mana cost and cooldown.,敵の背後から攻撃すると、クリティカルストライクとなり、追加ダメージを与える短剣スキル。マナコストが高く、クールダウンが長い。
"Cause a Corpse to violently explode, damaging surrounding enemies.",死体を爆発させ、周囲の敵にダメージを与える。
"Explodes an unused corpse, dealing fire damage to nearby enemies. Nearby corpses will also explode in a chain reaction. The explosions are not affected by modifiers to spell damage.",未使用の死体を爆発させ、周囲の敵に火ダメージを与える。近くの死体も連鎖して爆発する。爆発のダメージはスペルダメージのモッドに影響されない。
Teleport to an enemy and Strike them. Consumes Power Charges to perform additional teleporting Strikes on nearby enemies.,敵の元へテレポートしストライクを行う。パワーチャージを消費し、追加のテレポートとストライクを周囲の敵に行う。
"Repeatedly teleports to enemies and hits them, inflicting a wound but dealing no damage. After the repeating finishes, each enemy is hit by the total damage of their wounds, which are removed.",繰り返し敵へテレポートし、ダメージを与えないが傷を付与するヒットを行う。テレポートが終了した際、敵は受けている傷の合計のダメージを受け、その傷は取り除かれる。
"Adds a buff that deals Physical Damage over time, while increasing Attack Speed and Life Leech. Killing an enemy while this buff is active refreshes the buff duration, and can grant a Frenzy Charge.",アタックスピードとライフリーチを増加させながら物理継続ダメージを与えるバフを追加する。バフがアクティブな間に敵を倒すとバフの持続時間が更新され、フレンジーチャージが付与されることがある。
Fires multiple arrows at different targets.,異なる対象に複数の矢を放つ。
"Creates a sudden burst of cold in a targeted area, damaging enemies. This also creates an expanding area which is filled with chilled ground, and deals cold damage over time to enemies. Enemies that die while in the area have a chance to grant Frenzy Charges. The cooldown can be bypassed by expending a Frenzy Charge.",対象箇所へ急激に冷気を発生させ、敵にダメージを与える。冷気領域の範囲は拡大し、敵に冷気継続ダメージを与える。このエリア内で死亡した敵は、フレンジーチャージを付与する場合がある。フレンジーチャージを消費すれば、クールダウンを回避できる。
"Creates a sudden burst of cold around you, damaging enemies. This also creates a chilling area around you which expands and deals cold damage over time to surrounding enemies in addition to chilling them. Enemies that die while in the area grant Frenzy Charges, and you will passively gain Frenzy Charges while there are enemies in the area.",使用者の周囲へ急激に冷気を発生させ、敵にダメージを与える。また、使用者の周りにも冷気のエリアを作る。この範囲は広がり、周囲の敵を冷却すると同時に冷気ダメージを与える。このエリア内で死亡した敵はフレンジーチャージを付与する。エリア内に敵がいる間、使用者はフレンジーチャージを得る。
"Conjure a wave of ice in all directions, Knocking Back enemies based on how close they are to you. Casting Ice Nova targeting near a Frostbolt Projectile will cause it to originate from the Frostbolt instead of you. Consumes a Cold Infusion if possible to leave a patch of Chilled Ground.",全方向に氷の波動を呼び出し、敵との距離に応じて敵をノックバックさせる。フロストボルトの投射物の近くでアイスノヴァをキャストすると、プレイヤーの代わりにフロストボルトからノヴァが放たれる。もし可能なら、コールドインフュージョンを消費し、まだら状の冷却領域を残す。
"Launch a fiery Projectile towards a target. The Projectile explodes on impact, damaging foes in a small area.",火の玉の投射物を敵に向かって放つ。投射物は衝突すると爆発し、狭い範囲の敵にダメージを与える。
Launches a series of fireballs in a spiral around the caster.,使用者の周囲に螺旋状の火の玉を立て続けに打ち出す。
"While active, taking Lightning damage builds up charge on you. Reaching full charge expends all charge to Trigger this skill, creating a Chaining lightning bolt that arcs to nearby enemies.",アクティブ中、雷ダメージを受けるとプレイヤーにチャージを貯める。チャージがフルになると、全てのチャージを使用し、このスキルをトリガーし、近くの敵にアーク電流を放つ連鎖する稲妻を放つ。
An arc of Lightning stretches from the caster to a targeted enemy and Chains on to other nearby enemies. Shocked enemies Hit release damaging pulses.,使用者から対象となる敵に向かって雷が弧を描いて伸び、近くの敵に連鎖する。ヒットを受けた感電状態の敵はパルスを放つ。
"A shocking arc of lightning stretches from the caster to a targeted enemy and chains to other nearby enemies. Each time the beam chains it will also chain simultaneously to a second enemy, but no enemy can be hit twice by the beams. Also grants a buff making you lucky when damaging enemies with Arc for a short duration.",稲妻の放電が対象の敵に使用者から放出され、周囲の他の敵に連鎖する。放電は一度に2体の敵に同時に連鎖するが、敵は一度の放電で2回ヒットを受けることはない。また、アークで敵にダメージを与えた際に、短時間幸運をもたらすバフも付与する。
Consume a Corpse or Power Charge to create a short-lived Zombie. Zombies created from Power Charges are Empowered and also create two additional non-empowered Zombies.,死体またはパワーチャージを消費し、短命のゾンビを生成する。パワーチャージによって生成されたゾンビは強化され、強化されてないバージョンのゾンビを追加で2体生成する。
Engulfs you in magical fire that rapidly burns you and nearby enemies. Your spell damage is substantially increased while under this effect. The effect ends when you have 1 life remaining.,使用者を魔法の炎で包み込み、使用者と近くの敵を燃やす。この効果が続く間、スペルダメージが大幅に増加する。使用者のライフが1になったとき、効果は終了する。
Sacrifices a portion of your Life and Energy Shield to engulf you in magical fire that rapidly burns nearby enemies for a duration. Your spell damage is increased while under this effect.,ライフとエナジーシールドの一部を犠牲にして使用者を魔法の炎で包み込み、持続時間中近くにいる敵を急速に燃やす。この効果が続く間、スペルダメージが増加する。
Fires a poisonous projectile based on your weapon that will chain between enemies.,武器に応じた毒の投射物を放ち、その投射物は敵の間を連鎖する。
Launch a spray of sparking Projectiles that travel erratically along the ground until they hit an enemy or expire. Consumes a Cold Infusion if possible to fire many sparks in a circle.,火花を散らす投射物を複数放つ。投射物は敵にヒットするか効果が切れるまで不規則に移動する。もし可能なら、コールドインフュージョンを消費し、多くのスパークの弾を放射状に放つことができる。
Continuously launches unpredictable sparks in all directions that move randomly until they hit an enemy or expire.,敵に当たるか効果が切れるまで全方位に不規則に動く火花を連続で放つ。
"Launches shards of ice in rapid succession. After travelling a short distance they change to a second form, which moves much faster and pierces through enemies.",氷の破片を素早く連射する。短い距離を移動後、これらの氷の破片は第2形態に変化し、投射物の速度が早くなり、全ての敵を貫通するようになる。
Summon the spirit of the bound monster as a Reviving Minion.,地縛霊となったモンスターの魂を復活するミニオンとして召喚する。
"Attacks with your weapon, applying a charged debuff to enemies hit by your strike, and an uncharged debuff to any other enemies hit. Upon reaching 6 charges, expiring, or the enemy's death, the charged debuff is removed, and it deals damage to that and other nearby enemies. Enemies with either debuff explode when they die, damaging other nearby enemies. Damage from this explosion cannot be reflected.",武器でアタックを行い、ストライク攻撃を受けた敵にチャージ状態のデバフを与え、ストライク以外の攻撃を受けた敵には非チャージ状態のデバフを与える。チャージ状態のデバフが6スタックになるか、デバフの効果時間が切れる、または敵が倒されるとチャージ状態のデバフは取り除かれ、デバフを受けた敵とその周囲の敵にダメージを与える。どちらかの状態のデバフを受けたまま敵が倒されると爆発し周囲の敵にダメージを与える。この爆発のダメージは反射されない。
"Hits enemies, converting some of your physical damage to cold damage. If an enemy is frozen and is on less than one third life, they will shatter when hit by Glacial Hammer. If striking three times in a row, the third strike will freeze enemies more easily.",敵をヒットし、物理ダメージの一部を冷気ダメージに変換したダメージを与える。敵が凍結状態で、残っているライフが3分の1未満場合、このグレイシャルハンマーのヒットを受けた時、粉砕する。3回連続でストライクする場合、3回目の攻撃は敵が凍結状態になりやすくなる。
Creates a wall of ice which holds back enemies. Targets under the wall are damaged and pushed back.,敵を食い止める氷の壁を生成する。壁の下にいた敵はダメージを受け、後ろに押し戻される。
"Create a wall of Ice Crystals which holds back enemies. The Crystals explode if sufficiently damaged, or if pushed hard enough, damaging nearby enemies. Consumes a Lightning Infusion if possible to add another Lightning explosion if destroyed.",敵を食い止める氷の結晶の壁を生成する。氷の結晶は十分なダメージを受けるか強く押し出されると爆発し、周囲の敵にダメージを与える。もし可能ならば、ライトニングインフュージョンを消費し、破壊された時に雷の爆発を追加する。
"An icy projectile which has a chance to freeze enemies it passes through. The projectile fades quickly, reducing damage and freezing chance until it dissipates.",貫通した敵を確率で凍結させる氷の投射物を放つ。投射物はすぐに消え始め、完全に消えるまでダメージと凍結確率は減少し続ける。
"Hits enemies, converting some of your physical damage to chaos damage and inflicting poison which will be affected by modifiers to skill duration. If dual wielding, will strike with both weapons.",敵にヒットを与え、物理ダメージの一部を混沌ダメージとして変換したダメージを与え、毒を敵に付与する。毒の持続時間はスキルの持続時間のモッドの影響を受ける。二刀流時は両方の武器で攻撃する。
"Fires an arrow which acts as a short duration fuse. Applying additional arrows to an enemy extends the duration. When the target dies or the fuses expire, the arrows explode, dealing fire AoE damage to nearby enemies. The AoE radius is proportional to the number of arrows upon death.",持続時間の短い導火線として機能する矢を放つ。追加の矢を敵に放つと持続時間が延びる。対象が死ぬか導火線が切れることにより矢は爆発し、近くの敵に火の範囲ダメージを与える。範囲効果の大きさは、敵が死んだ際の矢の数に比例する。
"Curse all enemies in an area, Slowing them and making other effects on them expire more slowly.",範囲内にいる全ての敵に呪いをかけるとともに、敵を減速させ、その敵に付与したその他のエフェクトの消失速度を遅くする。
"Curse all targets in an area after a short delay, lowering their Elemental Resistances.",範囲内にいる全ての敵に呪いをかけ、短い遅延の後に元素耐性を下げる。
"Curse all targets in an area after a short delay, making them deal less damage.",短い遅延の後に範囲内にいる全ての敵に呪いをかけ、敵が与えるダメージを減少させる。
"Mark a target. The next Critical Hit the target receives Activates the Mark, Consuming it to deal extra damage and grant you a Frenzy Charge.",対象1体に呪印をかける。次に対象が受けるクリティカルヒットは呪印をアクティベートし呪印を消費し、追加のダメージを与え、プレイヤーにフレンジーチャージを付与する。
"Curse all targets in an area after a short delay, making Hits against them ignore a portion of their Armour.",短い遅延の後に範囲内にいる全ての敵に呪いをかけ、その敵に対するヒットがそのアーマーの一部を無視するようにする。
"Debuff all targets in an area, causing a portion of Damage they take from Hits to be tracked by the Debuff. When the debuff's duration expires or can kill the target, the target loses life equal to that tracked damage all at once.",範囲内の全ての対象にデバフをかけ、その対象がヒットから受けたダメージをデバフが記録する。デバフの持続時間が切れた時またはデバフが対象を倒せるときに、記録したダメージと同量のライフ一度に失う。
"Target an enemy to either teleport inside the target's body if they are under the Cull threshold, causing it to violently explode, or to apply a Debuff to them, which will cause the same effect if that enemy falls under the Cull threshold during its duration. Can also be used on Ball Lightning Projectiles. On teleport, the target is destroyed, and the explosion deals Lightning damage to surrounding enemies. If targeting an enemy, the explosion also creates Shocked Ground. Creates a Lightning Infusion on successful use. Highlights enemies that can be Culled.",敵の位置、または敵がカリングストライク圏内の敵の体内にテレポートし、その敵を激しく爆発させる。またはデバフを付与し、持続時間中に敵がカリングストライク圏内になった時に爆発させる。ボールライトニングの投射物に対しても使用できる。テレポート時に対象は破壊され、爆発により周囲の敵に雷ダメージを与える。敵を対象とした場合、爆発は感電領域を生成する。使用に成功すると、雷のインフュージョンを生成する。カリングストライク可能な敵はハイライトされる。
"Target an enemy to either teleport inside the target's body if they are under the Cull threshold, causing it to violently explode, or to apply a Debuff to them, which will cause the same effect if that enemy falls under the Cull threshold during its duration. On teleport, the target is destroyed, and the explosion deals Physical damage to surrounding enemies and inflicts Impale.",敵の位置、または敵がカリングストライク圏内の敵の体内にテレポートし、その敵を激しく爆発させる。またはデバフを付与し、持続時間中に敵がカリングストライク圏内になった時に爆発させる。テレポート時に対象は破壊され、爆発により周囲の敵に物理ダメージを与え、串刺しを付与する。
"Summon Skeleton Warrior minions at the targeted location. They use a melee attack and die after a duration. If made aggressive, Skeleton Warriors will also dash towards nearby enemies.",対象地点にスケルトンウォーリアーミニオンを召喚する。ミニオンは近接攻撃を行い、持続時間が経過すると死ぬ。攻撃的なミニオンは近くの敵に向かって突進する。
"Strike with a forceful blow, knocking enemies back and weakening their Armour.",強力な打撃でストライクし敵をノックバックさせ、アーマーを弱体化させる。
"Attacks enemies with a melee strike, applying a debuff for a short duration. If a non-unique enemy dies while affected by the debuff, the enemy's corpse will be consumed and a Sentinel of Dominance with the same rarity, prefix and suffix modifiers will be summoned for a longer secondary duration.",近接ストライクにより敵を攻撃し、短時間持続するデバフを付与する。デバフの効果中に非ユニークモンスターが死んだ場合、敵の死体は消費され、敵と同じレア度と接頭辞・接尾辞モッドを持つ支配のセンチネルがより長い持続時間で召喚される。
"Fires a large number of arrows into the air, to land in an area around the target after a short delay. Consumes a Frenzy Charge on use to fire additional arrows.",多数の矢を空中に放ち、短い遅延の後に対象の周囲のエリアに降り注ぐ。使用時にフレンジーチャージを1個消費し、追加の矢を放つ。
"Fires multiple arrows into the air, to land in sequence after a delay, starting at the targeted location and spreading outwards in all directions. Each arrow deals damage in an area around it. Half of the arrows will land directly on targets if there are targets in their range.",多数の矢が空中に放たれ、遅れて対象の位置から周囲に広がりながら連続して着弾する。全ての矢はそれぞれ周囲にダメージを与える。矢の範囲内に対象がいた場合、矢の半数は対象に直接当たる。
"Fires multiple arrows into the air, to land in multiple sequences after a delay, each starting at the targeted location and spreading outwards in all directions. Each arrow deals damage in an area around it. Half of the arrows will land directly on targets if there are targets in their range.",多数の矢が空中に放たれ、遅れて対象の位置から周囲に広がりながら連続して複数回着弾する。全ての矢はそれぞれ周囲にダメージを与える。矢の範囲内に対象がいた場合、矢の半数は対象に直接当たる。
"Rain a storm of flaming bolts over the targeted area. Can Consume all three types of Elemental Infusion, creating a much larger storm when Fire-Infused, causing lightning bolts when Lightning-Infused, and raining ice bolts when Cold-Infused.",燃え盛る隕石を対象の範囲に降り注がせる。3属性のエレメンタルインフュージョンを消費できる。ファイヤーインフューズされた場合、隕石がより巨大になる。ライトニングインフューズされた場合、雷を降り注がせる。コールドインフューズされた場合、氷の隕石を降り注がせる。
"A fixed number of flaming bolts rain down in a spiral, culminating in the central one impacting the targeted location. They explode when landing, dealing damage to nearby enemies and leaving burning ground, which deals fire damage over time.",一定数の炎のボルトが螺旋状に降り注ぎ、中央の矢が対象とした地点に燃え盛りながら着弾する。着弾時に爆発して周囲の敵にダメージを与え、火継続ダメージを与える燃焼領域を残す。
Conjure a hail of icy bolts over the targeted area. Chill and Freeze on enemies in front of you are Consumed to fuel the Icestorm by creating improved bolts.,氷のボルトを対象の範囲に降り注がせる。プレイヤーの前方にいる敵の冷却と凍結は消費され、向上したボルトを放つようにし、アイスストームの氷を激しくする。
"DNT-UNUSED Infuses your melee weapon with electrical energies as you swing. In addition to converting some of your physical damage to lightning damage, the stored energy becomes an orb attached to the enemy you hit, or the ground if you don't hit an enemy. The orb will periodically fire projectiles at other nearby enemies for a duration, which will also damage the enemy the orb is attached to.",近接武器を振りかぶり電気エネルギーを注入する。物理ダメージの一部が雷ダメージに変換された後、蓄えられたエネルギーは敵にヒットした場合敵に付着するオーブとなり、敵にヒットできなければ地面に付着するオーブとなる。オーブは持続時間中周囲の敵に周期的に投射物を放つとともに、付着している敵にもダメージを与える。
"Enchants your shield with the power of storms, which lashes out to deal arcing lightning damage to attackers when you block them.",盾に嵐の力を付与する。攻撃をブロックした際に攻撃者に雷ダメージを与える。
"Summons fiery elemental shields providing additional armour for a short duration. If cumulative physical damage prevented by your blocking or armour reaches a threshold, the shields explode outwards, dealing fire damage to surrounding enemies.",短時間追加のアーマーを付与する火の盾を召喚する。ブロックやアーマーにより防がれた累積物理ダメージが閾値に達すると盾は爆発し、周囲の敵に火ダメージを与える。
"Applies a buff that adds to your armour, and can take some of the damage from hits for you before being depleted. When the buff expires or is depleted, the skill deals reflected damage to enemies around you based on the total damage that was taken from the buff. Shares a cooldown with other Guard skills.",効果が尽きるまでヒットダメージの一部を使用者の代わりに受け、追加のアーマーを付与するバフを適用する。バフの効果が尽きたとき、バフで受けた合計ダメージに応じて周囲の敵に反射ダメージを与える。他のガードスキルとクールダウンを共有する。
"Applies a buff that raises your armour, and takes some of the damage from hits for you before being depleted. Each second, the skill deals reflected damage to surrounding enemies based on the damage taken by the buff in that second. When the buff is removed, the skill deals reflected damage to enemies around you based on the total damage that was taken by the buff. You cannot have the buff at the same time as any other Guard skill.",効果が尽きるまでヒットダメージの一部を使用者の代わりに受け、アーマーを強化するバフを適用する。バフで1秒間受けたダメージに応じて、周囲の敵に反射ダメージを毎秒与える。バフの効果が尽きたとき、バフで受けた合計ダメージに応じて周囲の敵に反射ダメージを与える。他のガードスキルと同時にこのバフを纏うことはできない。
"Attempt to rip the lifeforce from an enemy. Enemies within Culling range will be highlighted and instantly killed on Hit, granting a Power Charge. Can only target Enemies in Culling range.",瀕死の敵から生命力を抜き取ろうとする。カリングストライク圏内の敵はハイライトされ、ヒット時にその敵を即座にキルし、パワーチャージが付与される。カリングストライク圏内の敵だけを対象にできる。
"Punctures enemies, causing a bleeding debuff, which will be affected by modifiers to skill duration. Puncture works with bows, daggers, claws or swords.",敵に刺し傷を与え、出血のデバフを付与する。このデバフはスキル持続時間のモッドの影響を受ける。使用するには弓、短剣、鉤爪または剣を装備する必要がある。
"Fire a charged arrow at the target. On hitting an enemy or wall, the arrow will fire Chaining Lightning beams at nearby enemies.",帯電した矢を対象に放つ。その矢が対象にヒットするか、壁に当たった時に、矢は連鎖する雷のビームを近くの敵に放つ。
"Fires charged arrows, which repeatedly travel for a short time before changing direction. When they hit enemies, they are struck by a bolt of lightning which damages a number of surrounding enemies.",帯電した矢を対象に放つ。その矢は飛んでは方向を繰り返し変える。矢が敵に当たると、その矢には雷が落ち、周囲の多数の敵にダメージを与える。
"Casts an aura that increases the movement speed, attack speed and cast speed of you and your allies.",使用者とその仲間の移動スピード、アタックスピードおよびキャストスピードを増加させるオーラを纏う。
Casts an aura that grants elemental resistances and elemental ailment immunity to you and your allies.,使用者とその仲間に元素耐性および元素系の状態異常完全無効化を付与するオーラを纏う。
Casts an aura that grants life regeneration to you and your allies.,使用者とその仲間にライフ自動回復を付与するオーラを纏う。
Emit an Aura that grants you and Allies in your Presence additional Total Energy Shield.,プレイヤーおよびプレイヤーの存在下にいる味方に追加の合計エナジーシールドを付与するオーラを発する。
Casts an aura that grants accuracy and critical strike chance to you and your allies.,使用者とその仲間に命中力とクリティカル率を付与するオーラを纏う。
Casts an aura that grants evasion to you and your allies.,使用者とその仲間に回避力を付与するオーラを纏う。
Casts an aura that grants armour to you and your allies.,使用者とその仲間にアーマーを付与するオーラを纏う。
Casts an aura that adds fire damage to the attacks and spells of you and your allies.,使用者とその仲間のアタックとスペルに火ダメージを追加するオーラを纏う。
Casts an aura that grants extra cold damage based on physical damage to you and your allies.,使用者とその仲間に物理ダメージに基づく追加の冷気ダメージを付与するオーラを纏う。
"Casts an aura that adds lightning damage to the attacks of you and your allies, and makes your spells deal more lightning damage.",使用者とその仲間のアタックに雷ダメージを追加し、使用者のスペルの雷ダメージを上昇させるオーラを纏う。
Fires a burning arrow that deals fire damage and has a chance to ignite.,火ダメージを与え、発火させる確率を持つ燃える矢を放つ。
"Fires an arrow that explodes, dealing fire damage to its target and other nearby enemies, with an increased chance of igniting them.",対象と周囲の敵に火ダメージを与え、高い発火確率を有する爆発する矢を放つ。
Casts an aura that grants mana regeneration to you and your allies.,使用者と仲間にマナ自動回復を付与するオーラを纏う。
"Throws a trap that explodes when triggered, dealing fire damage to surrounding enemies and leaving an area of burning ground that damages enemies who walk through it.",作動すると爆発し周囲の敵に火ダメージを与え、燃焼領域を作りその上を通過する敵にダメージを与えるトラップを投げる。
"Throws multiple traps that explode when triggered, dealing fire damage to surrounding enemies and leaving areas of burning ground that damages enemies who walk through them.",複数のトラップを投げる。そのトラップは作動すると爆発し周囲の敵に火ダメージを与え、燃焼領域を作りその上の敵にダメージを与える。
Fire an arc of knives in front of the caster which deals physical damage.,使用者の前方に、物理ダメージを与えるナイフを扇状に発射する。
Fire an icy arrow that sprays a cone of ice shards when it hits a target.,対象に氷の矢を発射し、対象にヒットした時に対象の後ろの円錐状領域に氷のシャードを放つ。
"Fires an arrow that converts some physical damage to cold on its target and converts all physical damage to cold in a cone behind that target. When you use this skill, it summons a squad of Mirage Sharpshooters for a duration. Cannot be used by Totems, Traps, or Mines.",対象に矢を発射し、物理ダメージの一部を冷気ダメージに変換したダメージを与える。対象の後ろの円錐状領域に物理ダメージの全てを冷気ダメージに変換したダメージを与える。プレイヤーがこのスキルを使用した時に、ミラージュシャープシューターの部隊を持続時間の間召喚する。トーテム、トラップまたはマインにより使用することはできない。
"Fire an icy projectile that bursts on impact or when reaching the targeted area, dealing area damage and creating a chilling area that deals cold damage over time. This area will creep across the ground towards nearby enemies until its duration expires.",着弾時または指定したエリアに到達したときに炸裂する氷の投射物を放ち、範囲ダメージを与えるとともに、冷気継続ダメージを与える冷却エリアを生成する。このエリアは持続時間が切れるまで近くの敵に向かって地面を這うように移動する。
"Curse all targets in an area after a short delay, lowering their Fire Resistance.",範囲内の敵を呪い、短い遅延の後に、敵の火耐性を下げる。
"Curse all targets in an area after a short delay, lowering their Cold Resistance.",範囲内の敵を呪い、短い遅延の後に、敵の冷気耐性を下げる。
"Curse all targets in an area after a short delay, lowering their Lightning Resistance.",範囲内の敵を呪い、短い遅延の後に、敵の雷耐性を下げる。
"Fire a slow-moving Projectile that moves through enemies. The Projectile itself does not Hit enemies, but repeatedly discharges bolts of Lightning at nearby enemies. Consumes a Fire Infusion if possible to slow down over time, create Ignited Ground as it travels, and explode dealing Fire damage in an Area after it dissipates.",動きが遅く、敵の間をすり抜ける投射物を放つ。投射物自体は敵にヒットを与えないが、近くの敵に繰り返し雷の稲妻を放つ。もし可能ならば、ファイヤーインフュージョンを消費し、時間経過とともに減速するようになり、移動した跡に発火領域を生成し、投射物が消えた後に、火ダメージの爆発を起こす。
"DNT-UNUSED Continuously launches a torrent of fire from your hand, repeatedly damaging enemies. As you channel this spell longer, the flames spread wider close to you and spread longer directly in front of you. When you stop channelling you release a wave of fire damage over a wide and long area that will apply a powerful Ignite.",DNT手から火を大量に連続的に放ち、敵に連続ダメージを与える。長い間このスペルをチャネリングするほど、炎は周囲のより広い範囲に広がり、使用者の前方のより遠くまで届くようになる。チャネリングを止めると、幅が広く長い範囲に火ダメージの波が放出され、強力な発火を付与する。
"Spin and attack in place, damaging nearby enemies and pulling others towards you. While using this skill, you cannot be stunned or knocked back. Cannot be supported by Ruthless.",同じ場所で回転しながら攻撃し、近くの敵にダメージを与え範囲外の敵をプレーヤーに引き寄せる。このスキルの使用中は、スタンもノックバックもさせられることはない。ルースレスでサポートすることができない。
"Channel this skill to move towards a targeted location while spinning. While channelling this skill, you cannot be knocked back.",このスキルをチャネリングし、回転しながら対象とした地点に移動する。このスキルをチャネリング中はノックバックを受けることがない。
"DNT-UNUSED Attacks a small area in front of you. Each Reave that hits an enemy grants stages, which you will begin to lose after a short period without hitting anything. Only works with Daggers, Claws, and One-Handed Swords.",前方の小範囲を攻撃する。リーヴで敵をヒットするたびにステージが付与されるが、ヒットを新たに行うことがなければ短時間でそのステージは減り始める。使用するには短剣、鉤爪または片手剣を装備する必要がある。
"DNT-UNUSED Repeatedly attacks a large area in different directions. Each Vaal Reave that hits an enemy grants stages, which you will begin to lose after a short period without hitting anything. Only works with Daggers, Claws, and One-Handed Swords.",様々な方向の広範囲を繰り返し攻撃する。ヴァールリーヴで敵をヒットするたびにステージが付与されるが、ヒットを新たに行うことがなければ短時間でそのステージは減る。使用するには短剣、鉤爪または片手剣を装備する必要がある。
"Throws a mine that will teleport you to it when detonated. It covers both your escape and arrival with a cloud of smoke that blinds enemies, and gives you a temporary buff to movement speed. Shares a cooldown with other Blink skills.",起爆すると使用者をマインの位置にテレポートさせるマインを投げる。脱出地点と到着地点に敵を盲目状態にする煙幕を発生させ、移動スピードに一時的なバフを与える。他のブリンクスキルとクールダウンを共有する。
"Throws a spectral copy of your melee weapon. It flies out and then returns to you, in a spinning attack that damages enemies in its path.",近接武器のコピーを投げる。コピーは投射後ブーメランのように使用者に戻り、進路上の敵に回転しながらダメージを与える。
Throws a spectral copy of your melee weapon. It spirals out in a spinning attack that strikes enemies in its path.,近接武器のコピーを投げる。コピーは投射後螺旋を描きながら、進路上の敵に回転しながらダメージを与える。
Emit an Aura that boosts the Fire Resistance of you and Allies in your Presence.,プレイヤーおよびプレイヤーの存在下にいる味方の火耐性をブーストするオーラを発する。
Emit an Aura that boosts the Cold Resistance of you and Allies in your Presence.,プレイヤーおよびプレイヤーの存在下にいる味方の冷気耐性をブーストするオーラを発する。
Emit an Aura that boosts the Lightning Resistance of you and Allies in your Presence.,プレイヤーおよびプレイヤーの存在下にいる味方の雷耐性をブーストするオーラを発する。
Emit an Aura that boosts the Chaos Resistance of you and Allies in your Presence.,プレイヤーおよびプレイヤーの存在下にいる味方の混沌耐性をブーストするオーラを発する。
"Sets a marker at a location. After a short duration, lightning strikes the marker, dealing damage around it. When this happens, it will also set off the lightning at any other markers you've cast.",指定地点にマーカーを設置する。短い時間の後に雷がそのマーカーに落ち、周囲にダメージを与える。このとき、すでに設置した他のマーカーにも雷が落ちる。
"Sets a marker at a location. Lightning strikes random enemies around the marker repeatedly over the skill's duration, dealing damage in an area around the strike. Modifiers to the skill's duration will also affect the delay between these strikes. When the duration ends, a large bolt of lightning strikes the marker, dealing damage around it.",指定地点にマーカーを設置する。スキル持続時間中、雷がマーカーの近くのランダムな敵に繰り返し落ち、その周囲の敵にダメージを与える。スキルの持続時間のモッドは、落雷の間の間隔にも影響する。スキルの持続時間が終わると、巨大な稲妻がマーカーを襲い、周囲にダメージを与える。
"Channels to build up a large explosion. The longer you channel, the larger the area of effect and damage of the explosion. The explosion occurs after using another skill or after a short period without casting.",チャネリングにより大きな爆発を作り出す。長くチャネリングすることで爆発の範囲とダメージは増加する。この爆発は他のスキルを使用するか、短時間キャストを行わないことで起こる。
Channel to build destructive energy around you. Releasing the energy causes a devastating explosion that is larger and more intense the longer you Channel for.,チャネリングを行いプレイヤーの周囲に破壊的エネルギーを構築する。エネルギーを放つことで破壊的な爆発を起こし、チャネリングした時間が長いほど、爆発はより大きくより強力になる。
"Channel this skill to reserve more and more of your life, building up power in a marker on the ground under you. Release to deal physical damage in an area based on how much life you reserved. Cannot be cast by Totems.",このスキルをチャネリングするとより多くのライフがリザーブされるようになり、プレーヤーの下の地面のマーカーにパワーが貯まる。パワーを放出し、範囲にリザーブしたライフ量に応じてより大きな物理ダメージを与える。トーテムはキャストはできない。
"Targets an area and builds up stages in that area based on cast speed. It explodes every 3 stages, until it reaches a maximum of 15. As it gains more stages, the area gets smaller but the damage gets higher.",位置を指定し、キャストスピードに応じた速度でステージを獲得していく。最大値の15ステージに達するまで3ステージごとに爆発が起きる。獲得したステージが多くなるごとに範囲は狭くなるがダメージは増加する。
Targets an area and builds up a large explosion. The build-up speed is based on cast speed. The explosion occurs after it reaches 10 stacks.,位置を指定し、大爆発を作り出す。その準備スピードはキャストスピードに応じて決まる。爆発はステージが10スタックに達すると起きる。
"Creates markers at your location and a targeted location, which grow over time based on cast speed, then explode, dealing fire damage. Cannot be supported by Spell Cascade.",プレーヤーの位置と指定した位置にマーカーを作成する。マーカーはキャストスピードに応じた速度で時間とともに広がり、爆発し、火ダメージを与える。スペルカスケードでサポートすることができない。
"After a short preparation time, you attack repeatedly with a ranged weapon. These attacks have a small randomised spread. Only works with Bows and Wands. This skill cannot be Triggered.",短い準備時間の後、遠距離武器で繰り返し攻撃する。この攻撃はわずかにランダムなばらつきを持つ。使用するには弓またはワンドを装備する必要がある。このスキルはトリガーできない。
"Ready a volley of arrows or spears, Empowering your next Repeatable Bow or Projectile Spear Attack to Repeat multiple times. Consumes your Frenzy Charges on use to add additional repeats.",矢またはスピアの斉射を準備し、次に行う繰り返し可能な弓 または投射物スピアアタックを強化して複数回繰り返すようにする。使用時にフレンジーチャージを消費し、追加で繰り返し攻撃を行う。
"Summons a short-lived flaming skull that rushes at nearby enemies and attacks them rapidly. Enemies will not directly engage these spirits, and can pass through them.",一時的な炎の髑髏を召喚する。炎の髑髏は近くの敵に突進し繰り返し攻撃する。敵はこの亡霊を直接攻撃の対象とすることはなく、亡霊を通り抜けていく。
"Strikes enemies in front of you with a surge of flame. Burning enemies are dealt more damage. If you hit an ignited enemy, will create burning ground under them. Your damage modifiers don't apply to this burning ground.",炎の波動で前方の敵を攻撃する。燃焼状態の敵には与えるダメージが上昇する。発火している敵にヒットした場合、その敵の下に燃焼領域を生成する。ダメージのモッドは、燃焼領域には適用されない。
"Desecrates the ground, summoning corpses and dealing chaos damage to all enemies in the area. The corpses will be chosen from the monsters in the current area and any Spectres that have existed in this instance.",地面を穢して死体を召喚し、範囲内の全ての敵に混沌ダメージを与える。その死体は現在のエリアにいる敵とそのインスタンスに存在したことのあるスペクターから選ばれる。
"Impale a Skeleton on a bone spike to shield your Minions while the spike remains, reducing the amount of damage taken from Hits. Taking a Hit that deals damage above a certain threshold will cause that Minion's shield to absorb all damage from that Hit, then explode.  The bone spike is itself a Minion, and shields itself. If it dies, shields on your other Minions disappear.",骨のスパイクでスケルトンを串刺しにしミニオンにシールドを付与し、スパイクが残っている間ヒットから受けるダメージ量を減少させる。一定の閾値を超えるダメージを与えるヒットを受けると、ミニオンのシールドがそのヒットから受けるダメージを全て吸収し、その後爆発する。骨のスパイク自体もミニオンで、自らをシールドで防御する。もし、スパイクが死亡した場合、他のミニオンのシールドは消滅する。
"Icicles emerge from the ground in a series of small bursts, each damaging enemies caught in the area.",氷柱が連続して地面から出現し、それぞれ範囲内の敵にダメージを与える。
"Lightning crackles in a series of small bursts, each damaging enemies caught in the area.",稲妻が連続して小爆発を起こす。各爆発で範囲内の敵にそれぞれダメージを与える。
"Infuses your melee weapon with molten energies to attack with physical and fire damage. This attack causes balls of molten magma to launch forth from the enemies you hit, divided amongst all enemies hit by the strike. These will deal area attack damage to enemies where they land.",近接武器に高温のマグマエネルギーを注入し、物理ダメージと火ダメージで攻撃する。溶けたマグマの玉がヒットした敵から前方に放たれ、分散して触れた敵全てにダメージを与える。この玉は着弾地点にいる敵に範囲アタックダメージを与える。
Infuses your melee weapon with molten energies to attack with physical and fire damage. This attack causes balls of molten magma to launch forth causing area attack damage to enemies where they land.,近接武器に高温のマグマエネルギーを注入し、物理ダメージと火ダメージで攻撃する。溶けたマグマの玉がヒットした敵から前方に放たれ、着弾地点にいる敵に範囲アタックダメージを与える。
"Fire a skyward shot that whips up a Tornado where it lands, dealing Physical damage over time and Hindering enemies standing in it. Arrows, thrown Spears and Crossbow bolts fired at the Tornado are sucked into it, causing the Tornado to spit out a ring of copied Projectiles. Copied Projectiles cannot be copied again, even by further Tornados.",空に向かって放ち、着弾した場所に竜巻を引き起こし、物理継続ダメージを与え、その中に立っている敵を阻害する。プレイヤーが竜巻に向かって放ったスピアまたはクロスボウのボルトは竜巻に吸い込まれ、トルネードはそれと一致する投射物のコピーのノヴァを放つ。コピーされた投射物は、さらにトルネードによって再びコピーされることはない。
"While active, enemies you sufficiently Overkill with non-Herald Attacks will cause an explosion that Ignites nearby enemies based on the Overkill damage dealt.",アクティブ中、ヘラルド以外のアタックでオーバーキルダメージを与えた敵は爆発し、与えたオーバーキルダメージに応じて近くの敵を発火させる。
"While active, Shattering an enemy with a non-Herald Attack Hit will cause an icy explosion that deals Attack damage to surrounding enemies.",アクティブ中、ヘラルド以外のアタックのヒットで敵を粉砕すると氷の爆発を起こし、周囲の敵にアタックダメージを与える。
"While active, killing Shocked enemies with a non-Herald Attack Hit will cause subsequent Attack Hits to release lightning bolts which dealAttack damage to all surrounding enemies.",アクティブな間、感電状態の敵をヘラルド以外のアタックヒットでキルすると、次に行うアタックヒットが稲妻を放ち、周囲の敵にアタックダメージを与えるようになる。
"Grants a buff which lets you deal more physical damage. When you kill an enemy while you have this buff, this skill will summon a Sentinel of Purity, or refresh the duration and life of an existing one instead if you have the maximum number of them. The Sentinels of Purity have a single-target melee attack and an area melee attack.",物理ダメージを上昇させるバフを付与する。このバフの効果中に敵を倒すと、このスキルにより浄化のセンチネルが召喚される。すでに最大数まで召喚している場合には既存のセンチネルの持続時間とライフを更新する。浄化のセンチネルは単体の敵への近接攻撃と近接範囲攻撃を行う。
Create an area of Consecrated Ground around you.,プレイヤーの周囲に神聖領域を生成する。
"Creates an area of Consecrated Ground, providing life regeneration and reducing the effect of curses for you and allies who stand in it.",神聖領域を作り、その上の使用者とその仲間にライフ自動回復および呪い効果減少を付与する。
"DNT-UNUSED While you channel this skill, it releases pulses of electrical energy, dealing lightning damage in a semicircular area in front of you.",このスキルをチャネリングすると、電気エネルギーのパルスが放たれ、前方の半円状の範囲に雷ダメージを与える。
Generic monster mortar skill. Like Monster Projectile but has an impact effect.,一般的なモンスターの炸裂スキル。モンスターが放つ投射物に似ているが、衝撃効果を持つ。
"Fires a projectile from a Wand that causes a series of small explosions surrounding its point of impact, each damaging enemies caught in the area.",ワンドから投射物を放ち、着弾地点の周囲に小さな爆発を連続して引き起こす。各爆発は範囲内の敵にそれぞれダメージを与える。
Summons a Chaos Golem that grants you Physical Damage Reduction. The Chaos Golem can use a damage over time Chaos aura and a cascade of Chaos spikes in addition to its melee attack.,召喚者に物理ダメージ軽減を付与するカオスゴーレムを召喚する。カオスゴーレムは近接攻撃のほか、混沌継続ダメージを与えるオーラとカオススパイクのカスケード攻撃を行う。
Summons an Ice Golem that grants you increased Critical Strike Chance and Accuracy. The Ice Golem can use an icy barrage spell and a chilling spinning dash in addition to its melee attack.,召喚者のクリティカル率と命中率の増加させるアイスゴーレムを召喚する。アイスゴーレムは近接攻撃のほか、氷の弾幕スペルと冷却回転ダッシュをおこなう。
"Summons a Flame Golem that grants you increased Damage. The Flame Golem can use a fire spray, a wave of fire damage, and an explosive arcing projectile.",召喚者のダメージを増加させるフレイムゴーレムを召喚する。フレイムゴーレムは火の噴射攻撃、火ダメージの波動攻撃、弧を描く爆発性の投射物による攻撃を使用する。
"Slam the ground, damaging enemies in an area around the impact in three stages. Enemies take slightly less damage on the second and third stage.",地面にスラムを行い、その範囲内の敵に3ステージにわたる衝撃でダメージを与える。2ステージ目と3ステージ目のダメージはダメージ量が少し低下する。
Unleash a Nova of Lightning damage to Electrocute enemies. Enemies close to you take no damage while enemies at the edge of the ring take significantly more damage. Enemies Hit can be Electrocuted by all Lightning damage for a short duration.,雷ダメージのノヴァを放ち、敵を麻痺状態にする。プレイヤーの近くにいる敵はダメージを全く受けないが、リングの端にいる敵は受けるダメージが大幅に上昇する。ヒットを受けた敵は短い間、全ての雷ダメージにより麻痺を受けるようになる。
"Teleport to a location, damaging enemies and leaving a trail of burning ground in your wake. Shares a cooldown with other Blink skills.",指定位置にテレポートし、通り道上の敵にダメージを与え燃焼領域を残す。他のブリンクスキルとクールダウンを共有する。
"Attacks enemies with a powerful melee strike which grants Fortification, reducing damage you take from hits. The cooldown can be bypassed by expending an Endurance Charge.",敵に強力な近接ストライクでアタックを行い、そのアタックは堅牢化を付与し、プレイヤーがヒットから受けるダメージを減少させる。エンデュランスチャージを使用することでクールダウンをバイパスできる。
"Attack enemies with increased range, releasing icy blades from the first enemy hit which fly at other enemies.",広い近接ストライク距離を持つアタックを敵に行い、最初に命中した敵から他の敵に向かって氷の刃を飛ばす。
"Jump into the air, damaging enemies (and knocking back some) with your weapon where you land. Enemies you would land on are pushed out of the way.",空中に舞い上がり、着地地点の敵にダメージを与える(ノックバックすることもある)。敵の真上に着地した場合はその敵はその位置から押し出される。
"Shapeshift into a Wyvern and lob a ball of magma that deals area damage as it hits the ground. The skillChains, bouncing forward to deal damage multiple times. Impacts on Molten Fissures or Volcanos will activate them as though they were Slammed.",ワイバーンにシェープシフトし、マグマの玉を放ち、地面に当たった時に範囲ダメージを与える。スキルは連鎖し、前方へ跳ねながら複数回ダメージを与える。マグマの亀裂またはボルケーノの上に当たるとそれらをスラムを行ったかのようにアクティベートする。
"Lob a fiery orb that deals area damage as it hits the ground. The skill Chains, bouncing forward to deal damage multiple times. The number of  Chains is refreshed when passing through a Flame Wall.",火球を放ち、着弾時に範囲ダメージを与える。スキルは連鎖し、前方へ跳ねながら複数回ダメージを与える。フレイムウォールを通過すると、連鎖の回数がリフレッシュされる。
"Curses all targets in an area, causing them to be debilitated when they hit enemies and increasing damage they take while on low life.",範囲内の全ての敵を呪い、その敵がヒットを行った際に弱体化のデバフを与え、低ライフ状態の時に受けるダメージを増加させる。
"Immediately encases you in ice, protecting you for a duration or until you take damage from a number of hits, and also grants a buff once the cast time has finished. You cannot move or perform non-instant actions while in the ice. When the ice breaks, the buff is also removed.",即座にプレイヤーを氷で包み、持続時間の間または一定数のヒットによりダメージを受けるまでプレイヤーを防御する。またキャストタイムが終わるとバフを付与する。氷の中にいる時は、移動と即時でないアクションを行うことはできない。氷が破壊されると、バフもまた取り除かれる。
"Your melee weapon strikes enemies, converting physical damage to a random element. Then, depending on the element chosen, it releases a fiery explosion, an arcing bolt of lightning, or an icy wave. It will avoid choosing the same element twice in a row.",近接武器で敵を攻撃し、物理ダメージをランダムな元素ダメージに変換する。変換された元素ダメージに応じて、炎の爆発、稲妻の放電または氷の波動のいずれかを放つ。このスキルは同じ元素が2回連続して選ばれることはない。
"Like monster mortar skill, but leaves a ground effect on impact.",モンスターの炸裂スキルに似ているが、着弾時に地面効果を作成する。
"Ethereal weapons rain from the sky, dealing damage to enemies in a sequence of volleys, each wider but less damaging than the last. Enemies can be hit multiple times where these overlap.",空からエーテルの刃が雨のように飛来し、刃が何列にも連なって敵にダメージを与える。刃の列は広がる代わりに与えるダメージが低下する。刃の列が重なると敵は複数回のヒットを受けることがある。
"Create a pulsing Orb of frost. Each pulse inflicts Elemental Exposure on nearby enemies. When the Orb's duration ends, it Detonates, dealing Cold damage to surrounding enemies and leaving behind a Cold Infusion.",パルスを放つ霜のオーブを生成する。それぞれのパルスは近くの敵に元素の曝露も付与する。オーブの持続時間が終わると、オーブは爆発し、周囲の敵に冷気ダメージを与え、コールドインフュージョンを残す。
"Manifests a Dancing Dervish to fight by your side. While manifested, you have Onslaught and cannot use the original item. Cannot be supported by supports that would create other minions.",ダルヴィーシュの舞を出現させ味方として戦わせる。ダルヴィーシュの舞顕現中、使用者は猛攻状態となり、武器を使用することができない。他のミニオンを生成させるサポートジェムによりサポートすることができない。
"Manifests two Dancing Dervishes to fight by your side. While a Dancing Dervish is manifested, you have Onslaught and cannot use the original item. Cannot be supported by supports that would create other minions.",ダルヴィーシュの舞2体を出現させ味方として戦わせる。ダルヴィーシュの舞出現中、使用者は猛攻状態となり、武器を使用することができない。他のミニオンを召喚させるサポートジェムによりサポートすることができない。
Create an Orb of electricity that fires Chaining Lightning bolts at nearby enemies. The Orb leaves behind a Lightning Infusion Remnant when it expires.,近くの敵に連鎖する稲妻を放つ電気のオーブを生成する。効果が切れると、ライトニングインフュージョンのレムナントを生成する。
"Summons a Stone Golem that grants you life regeneration. In addition to its melee attack, the Stone Golem uses a rolling charge and a powerful slam that can taunt enemies.",召喚者にライフ自動回復を付与するストーンゴーレムを召喚する。ストーンゴーレムは近接攻撃に加え、回転しながらの突撃攻撃と敵を挑発する強力なスラム攻撃を行う。
"Smash the ground, dealing damage in an area and leaving behind Jagged Ground that slows enemies. The Jagged Ground erupts in a powerful Aftershock after a duration. Cannot create Jagged Ground on top of an existing patch, or if you already have the maximum number of active patches.",地面を叩きつけ、範囲ダメージを与えるとともに地面に敵を減速するギザギザ領域を生成する。このギザギザ領域は持続時間の後に強力な余震を起こして噴出する。既存のギザギザ領域の上にギザギザ領域を生成することはできず、ギザギザ領域の斑点の数が最大数を越えている場合も生成することはできない。
"DNT-UNUSED Smashes the ground, dealing damage in an area and cracking the earth. The crack will erupt in a powerful aftershock after a short duration. After using this skill, your steps will deal damage around you, cracking the earth if the previous cracks have erupted. This effect ends after a secondary duration, or after a maximum number of aftershocks.",地面を叩きつけ、範囲ダメージを与えるとともに地面に亀裂を入れる。この亀裂は短い持続時間の後に強力な余震を起こして爆発する。このスキルを使用した後にプレーヤーが移動すると、地面に亀裂を入れてプレーヤーの周囲に範囲ダメージを与える。直前に作った亀裂が爆破していなければ新たな亀裂の爆破は起きない。この効果は短い副次的持続時間の後か余震の最大発生数に達した後に終了する。
"Afflict a single enemy with a Debuff that deals Chaos damage over time. If the enemy dies while affected by Contagion, it spreads itself, Curses, and other Chaos damage over time Debuffs on the target to nearby enemies. This refreshes their durations. Reanimating or detonating a corpse affected by Contagion will cause the Minion or explosion to spread Contagion on hit.",1体の敵に混沌継続ダメージを与えるデバフを付与する。敵がコンテージョンの影響下で死亡した場合、コンテージョン、呪いおよび他の全ての混沌継続ダメージのデバフは近くの敵に伝染し、その持続時間を更新する。コンテージョンの影響下の死体を再び蘇生するか爆破すると、そのミニオンまたは爆破はヒット時にコンテージョンを伝染させる。
"Casts a debilitating effect on enemies in an area, Hindering their movement and applying a stacking Withered debuff that increases the Chaos Damage they take. This effect can stack up to 15 times.",範囲内の敵に衰弱効果を与える。移動を遅くする阻害のデバフと、対象の受ける混沌ダメージを増加させるスタック可能な衰弱のデバフを付与する。衰弱のデバフは15スタックまで同時に付与することができる。
Channel a debilitating hex that Withers enemies in the area.,弱体化の呪術をチャネリングし、範囲内の敵を衰弱させる。
Fire a Projectile that applies a powerful Chaos damage over time debuff to enemies it hits.,ヒットすると強力な混沌継続ダメージを与えるデバフを付与する投射物を放つ。
"Slams the ground with a Mace, Sceptre, Axe or Staff, creating a wave of broken ground that damages enemies in an area in front of you. Enemies hit by the wave will release a circular shockwave, dealing damage to other enemies around them.",メイス、セプター、斧またはスタッフにより地面を叩きつけ隆起のうねりを作り、前方の範囲内の敵にダメージを与える。その攻撃を受けた敵は円状に衝撃波を放ち、周囲の敵にダメージを与える。
"Slam the ground, creating a roiling fissure that damages enemies in a sequence of areas in front of you. A number of enemies hit by the wave will release a shockwave, damaging other enemies. Hitting an enemy with Fully Broken Armour applies Sundered Armour, making it take additional increased Physical damage.",地面にスラムを行い、ゆっくりとした亀裂のうねりを作り、前方の範囲の敵にダメージを与える。その波動を受けた多数の敵は衝撃波を放ち、周囲の他の敵にダメージを与える。完全アーマー破壊状態の敵にヒットを与えるとその敵はアーマー寸断を付与され、受ける物理ダメージが増加する。
Fire a slow-moving Piercing Projectile that is effective at Chilling enemies and explodes on colliding with terrain.,敵を貫通するゆっくりと動く投射物を放つ。効果的に敵を冷却し、地形と衝突した時に爆発する。
"An icy blast explodes around the caster, dealing cold damage to enemies, and leaving behind a whirling vortex which deals cold damage over time and chills enemies caught in it. If the caster targets near their Frostbolt projectiles, it will explode from a number of those projectiles instead, destroying them.",使用者の周りに氷の爆発が起こり、敵に冷気ダメージを与え、渦を残す。その渦は敵に冷気の継続ダメージを与え、敵を冷却状態にする。使用者がフロストボルトの近くを対象とすると、爆発はその投射物の元で起こり、投射物は破壊される。
"DNT-UNUSED Apply a debuff to enemies in front of you which deals chaos damage over time. Enemies who aren't already debuffed by Blight are also hindered for a shorter secondary duration, slowing their movement. Continued channelling adds layers of damage to the debuff, each with their own duration.",目の前の敵に混沌継続ダメージを与えるデバフを付与する。ブライトのデバフを受けていない敵は短い副次的持続時間阻害のデバフを受け、移動スピードが遅くなる。チャネリングをし続けると、デバフのスタックが新たに追加される。スタックごとにそれぞれの持続時間を持つ。
"DNT-UNUSED Apply a powerful debuff to enemies around you which deals chaos damage over time. Then applies two additional layers in a larger area, growing greatly in size each time. Enemies are also substantially hindered for a shorter secondary duration, slowing their movement.",周囲の敵に混沌継続ダメージを与える強力なデバフを付与する。その後、広範囲に2スタックのデバフを追加で付与し、それぞれ付与するたびに効果範囲が広くなっていく。敵はまた副次的持続時間阻害のデバフも受け、ムーブメントスピードが遅くなる。
"DNT-UNUSED Repeatedly hit enemies in a circle in front of you while channelling, dealing damage to and around the enemy. The damage is continually boosted while channelling. You unleash an additional hit for each stage reached once the channelling ends.",チャネリング中、前方にいる敵を攻撃し、その敵とその周囲の敵にダメージを与える。チャネリング中ダメージはブーストされ続ける。チャネリングを終えると獲得したステージごとに追加の攻撃を放つ。
"DNT-UNUSED Channel to create an expanding circle area around you that blinds enemies within it. When you stop channelling, deals damage in a smaller area around each enemy in the circle.",チャネリングにより自身の周囲に拡大する円形の領域を作り、その中にいる敵に盲目を付与する。チャネリングを止めた時に、領域内にいる敵の周囲に小さな範囲にダメージを与える。
"Summons a Lightning Golem that grants you increased Attack and Cast speed. The Lightning Golem fires a projectile spell, creates orbs of Lightning that zap nearby enemies, and casts a temporary aura that grants added Lightning Damage to spells and attacks used by the Golem and its nearby allies.",召喚者のアタックスピードとキャストスピードを増加させるライトニングゴーレムを召喚する。ライトニングゴーレムは投射物を放つスペル攻撃と、周囲の敵全てにダメージを与える雷のオーブによる攻撃を行い、ゴーレム自らと近くの仲間のスペルとアタックに雷ダメージを追加する一時的オーラを纏う。
"Slashes twice, releasing waves of force that damage enemies they hit. Enemies in the middle of the slashes can be hit by both. The slashes will have a chance to inflict bleeding in Blood Stance, or have a wider angle in Sand Stance. Can be used with Axes and Swords. You are in Blood Stance by default.",2度斬りつけ、ヒットした敵にダメージを与える力の波動を放つ。両方の波動の中間にいる敵は両方から攻撃を受ける。ブラッドスタンスでは斬りつけにより出血のデバフを与える確率が上がり、サンドスタンスでは斬りつけの角度が広くなる。使用するには剣または斧を装備する必要がある。初期状態ではブラッドスタンスである。
"Sacrifice the life of a Minion to deal Chaos damage in an area around it. If you have no Minions, your own life is sacrificed instead.",復活するミニオンのライフを犠牲にし、その周囲のエリアに混沌ダメージを与える。ミニオンがいない場合、代わりにプレイヤー自身のライフを犠牲にする。
Sacrifice some of a damageable Minion's life to deal Physical damage in an area around it.,ダメージを受けることができるミニオンのライフの一部を捧げ、その周囲の範囲に物理ダメージを与える。
"Unleash a beam of fire that burns enemies it touches. Remaining in the beam intensifies the burning, adding a portion of the beam's damage in stages. Inflicts Fire Exposure at maximum stages. Enemies who leave the beam continue to burn for a duration. Increasing cast speed also increases the rate at which the beam can turn.",触れた敵を燃やす炎のビームを放つ。敵がビームの中に留まると燃焼の威力が増し、ステージごとにビームのダメージの一部が追加される。最大ステージに達すると曝露(火)を付与する。ビームから離れた敵も持続時間中は燃焼を続ける。キャストスピードを増加させるとビームの方向を変える速度を増加させることができる。
"An ethereal blade spins around you for a duration, repeatedly damaging enemies that it passes through.",持続時間中、エーテルの刃が使用者の周囲を回転し、触れた敵に繰り返しダメージを与える。
"A bolt of lightning strikes an area, dealing lightning damage.",雷が落ち、雷ダメージを与える。
"Raise two spectral spiders from each nearby corpse that will attack your enemies with Viper Strike. Each raised spider grants you increased Attack Speed and increased Damage with Poison. Enemies will not engage the spiders directly, and they are immune to damage.",近くの死体それぞれを2体の幽体のスパイダーとして蘇生し、敵をヴァイパーストライクで攻撃させる。召喚されたスパイダーの数ごとに召喚者にはアタックスピードと、毒ダメージの増加が付与される。敵はスパイダーを直接の攻撃対象とすることはなく、スパイダーは全てのダメージに完全無効化を持つ。
Activate to summon Reviving Skeletal Warriors.,アクティベートすることで、復活するスケルトンウォーリアーを召喚する。
"Activate to summon aggressive, Reviving Skeletal Reavers that can enrage on Command. Skeletal Reavers do more Attack Damage and gain increased Attack speed based on their Rage",アクティベートすることで、攻撃的で復活するスケルトンリーバーを召喚する。コマンドすることで激怒させることができる。スケルトンリーバーはそれが持つ憤怒の基づいてアタックダメージが上昇し、アタックスピード増加を獲得する。
"Activate to summon hard-hitting, Reviving Skeletal Brutes that can Stun Primed enemies and Warcry on Command. This Warcry Intimidates nearby enemies and Consumes Freeze on enemies and allies to deal damage in an Area around them.",アクティベートすることで、強打を行い復活するスケルトンブルートを召喚する。スタン寸前の敵をスタン状態にすることができ、コマンドするとウォークライを行わせることができる。このウォークライは、近くの敵を威嚇し、近くの敵および味方の凍結を消費し、範囲内にダメージを与える。
"Activate to summon long-ranged, Reviving Skeletal Snipers that can fire a gas arrow on Command.",アクティベートすることで、遠距離攻撃を行う復活するスケルトンスナイパーを召喚する。コマンドすることでガスアローを発射させることができる。
Activate to summon Reviving Skeletal Frost Mages that can envelop your Minions in an icy shield on Command.,アクティベートすることで、復活するスケルトンフロストメイジを召喚する。コマンドすることでミニオンを氷のシールドに包むことができる。
Activate to summon Reviving Skeletal Storm Mages that can call down a lightning strike on dead Skeletons on Command.,アクティベートすることで、復活するスケルトンストームメイジを召喚する。コマンドすることで死亡したスケルトンの位置に雷を降らせることができる。
"Activate to summon bomb-throwing, Reviving Skeletal Arsonists that can detonate other Minions on Command.",アクティベートすることで、爆弾を投げる復活するスケルトンアーソニストを召喚する。コマンドすることで他のミニオンを爆発させることができる。
Activate to summon Reviving Skeletal Clerics that heal other minions and revive fallen Skeletons.,アクティベートすることで、他のミニオンを回復し死亡したスケルトンを復活させる復活するスケルトンクレリックを召喚する
"Summons an ancient Reviving Azmerian Wolf that can howl, calling to spirits convening an Eternal Hunt on Command. It Maims when attacking foes, and can lunge to bite and inflict Bleeding, or howl to inspire nearby allies.",古代の復活するアズメリのオオカミを召喚し、咆哮させ、
"Summons a mysterious undamageable Mist Raven that can be Commanded to dive at target location, crashing through an otherworldly mirror and damaging enemies in an area. The raven grants you a Frenzy Charge for each enemy it Culls.",ダメージを受けることがない神秘的なミストレイヴンを召喚し、コマンドすることで対象とした位置に飛び込ませ、異世界の鏡を割ることで範囲内の敵にダメージを与える。レイヴンはカリングした敵1体ごとにフレンジーチャージを1個プレイヤーに付与する。
"A flock of mist ravens circle you, dealing damage over time in an area. Their numbers are bolstered by slain foes, or in the Presence of dangerous enemies, but the flock as a whole is considered a single minion. You can Command some of them to take flight, leaving the flock to assail your enemies.",プレイヤーの周囲を霧のレイヴンの群れが飛び回り、その領域内の敵に継続ダメージを与える。敵を倒す、または危険な敵の存在下にいることでその群れの数を増やせるが、群れ全体は1体のミニオンとして見なされる。コマンドすることで群れから離れて、敵に向かって飛ばせ襲わせることができる。
"DNT-UNUSED Channel to project an illusion which you steer. You gain stages while it moves, until it stops at a maximum total distance. Waves of area damage frequently pulse along its path, based on your attack speed. Stop channelling to teleport to the illusion, dealing a final wave of damage.",チャネリングをして操作できる幻影を投影する。幻影が動いて最大距離に到達するまでの間、ステージを獲得する。使用者のアタックスピードに応じた頻度で幻影の通り道に範囲ダメージのパルスが発生する。チャネリングをやめると、幻影の位置に使用者がテレポートし最後にダメージの波動を与える。
Covers the target in Corrupted Blood which damages them.,対象を穢れた血で覆い、ダメージを与える。
Covers the target in large quantities of Corrupted Blood which severely damages them.,対象を複数スタックの穢れた血で覆い、ダメージを与える。
"Inflicts Decay on the target, dealing Chaos Damage over time.",対象にディケイ、混沌継続ダメージを与えるデバフを付与する。
Consume a Corpse to create a volatile core that seeks out enemies and Ignites enemies near it. The core explodes at the end of its duration.,死体を消費し、敵を索敵して発火させるボラタイルコアを生成する。コアは持続時間が終わると爆発する。
"A corpse near the targeted location explodes, dealing damage in a small area and creating an orb which moves towards nearby enemies before dealing spell damage in a larger area. The explosion of the corpse is not affected by modifiers to spell damage, and cannot be reflected.",指定した地点の周囲の死体一体が爆発し、狭い範囲にダメージを与え、敵に向かって移動してから広い範囲にスペルダメージを与えるオーブを生成する。死体爆破のダメージはスペルダメージのモッドによって影響されず、反射されることもない。
"A targeted corpse explodes, dealing area damage and turning into a volcanic geyser, which will repeatedly unleash exploding projectiles sequentially over the surrounding area for a duration. The explosion of the corpse is not affected by modifiers to spell damage, and cannot be reflected.",指定した死体を爆発させ範囲ダメージを与え、火山の噴出口に変化させる。持続時間中、噴出口から爆発する投射物が周囲に繰り返し連続して放出される。死体爆破のダメージはスペルダメージの修正値によって影響されず、反射されることもない。
"Slam the ground, unleashing a fiery fissure in front of you, dealing area damage and randomly releasing a number of smaller fissures branching off from it. Consume an Endurance Charge every third time you slam the ground with this skill.",地面にスラムを行い、燃え盛る亀裂を前方に作り、範囲ダメージを与える。さらにその亀裂から多数の小さな亀裂のランダムな枝分かれが生じる。このスキルで地面を3回叩きつけるごとにエンデュランスチャージを消費する。
"Curse all targets in an area after a short delay, lowering their Chaos Resistance.",少し遅れて範囲内の全ての敵に呪いをかけ、混沌耐性を下げる。
"Creates a Petrification Statue in front of you, which will slow enemies with its gaze, until they become fully petrified.",前方に石化の彫像を作成する。その視線を受けた敵は減速し、その後完全に石化する。
"Creates an Eternity Sphere at your location, which reduces the Action Speed of enemies within it. The amount of Action Speed reduction applied by the sphere decreases to zero over its duration.",エタニティースフィアをプレーヤーの場所に作成する。スフィアは内側にいる敵のアクションスピードを減少させる。スフィアが与えるアクションスピード減少効果の大きさは時間経過とともにゼロまで減っていく。
"Launches an unpredictable, piercing twister projectile that moves randomly for a duration, repeatedly dealing damage to enemies it intersects.",持続時間中ランダムな動きを行い、敵を貫通する予測不能な竜巻を放つ。竜巻は触れた敵に繰り返しダメージを与える。
"Throws a trap which, once triggered, repeatedly releases a number of waves for a duration. Each wave deals damage in a series of small bursts in a line, ending with a larger burst. Modifiers to trap throwing speed affects how frequently it releases waves.",作動すると持続時間中、繰り返し衝撃波を放つトラップを投げる。小さな衝撃波が連続して放たれ、最後により大きな衝撃波が放たれダメージを与える。トラップ投擲スピードの修正値は衝撃波の発生頻度に影響する。
"Slams the ground at a targeted location. If an enemy is near where you target, you'll teleport to it from a short distance away, slam, and create an area of consecrated ground.",指定位置の地面にスラムを行う。もしも敵が指定位置の近くにいれば、少し離れた位置からテレポートを行い、地面にスラムを行い、神聖領域を生成する。
"DNT-UNUSED Performs a melee attack, and causes lightning to strike a targeted location or nearby enemy, dealing damage in an area. Each target can only be hit once by this skill. Hitting an enemy grants an aura, giving you and your allies additional lightning damage for a duration.",近接攻撃を行い、指定位置または近くの敵に稲妻を落とし範囲ダメージを与える。各対象は1度のみこのスキルがヒットする。もしこのスキルが敵に命中すれば、プレイヤーにオーラを付与し、プレイヤーおよび味方に追加の雷ダメージを持続時間の間付与する。
"DNT-UNUSED Calls lightning down to infuse your weapon, then performs a melee attack and causes lightning to strike nearby enemies, dealing damage in an area around each. Hitting an enemy grants an aura, giving you and your allies additional lightning damage for a duration, and additional lightning bolts with Smite.",雷を呼び寄せ武器にまとって近接攻撃を行い、周囲の敵およびその周囲にダメージを与える稲妻を降らせる。敵に当たるとオーラを付与し、プレイヤーと味方に追加の雷ダメージを持続時間の間付与し、スマイトで追加の稲妻を降らせる。
"DNT-UNUSED Channel to infuse an arrow with chaos, gaining stages while it is held. Release to fire it, leaving spore pods in its wake. Each spore pod blooms, firing thorn arrows, which travel for a short time before dissipating. Modifiers that cause additional projectiles to be fired will only apply to the initial arrows, and the spore pods will be split between those arrows.",このスキルをチャネリングすることで弓に混沌の力を宿らせ、矢を引いている間ステージを獲得する。チャネリングをやめると棘の矢を放ち、矢の通り道に胞子嚢を生成する。それぞれの胞子嚢は開花するとトゲの矢を放つ。棘の矢は短い間飛んだ後に消滅する。投射物を追加するモッドは最初の矢にのみ適応され、毒の花は両方の投射物に分配されて生成されるようになる。
"Fire arrows into the air that rain down around the targeted area, dealing damage to enemies they hit and creating spore pods where they land. Each spore pod deals chaos damage over time to nearby enemies and slows their movement speed. The pods last for a duration before bursting, dealing area damage.",空中に矢を放ち指定位置に雨のように矢を降らせ、命中した敵にダメージを与え、着地位置に胞子嚢を咲かせる生成する。それぞれの胞子嚢は周囲の敵に混沌継続ダメージを与え、その移動スピードを遅くする。胞子嚢は持続時間が経過すると爆発し、範囲ダメージを与える。
"Summon a Holy Relic that stays near you. When you hit an enemy with an attack, the Holy Relic triggers a nova spell, with a very short cooldown, that deals physical damage to enemies and grants life regeneration to allies. This life regeneration is higher when applied to minions.",ホーリーレリックを周囲に召喚する。召喚者がアタックスキルで敵をヒットすると、ホーリーレリックはクールダウン時間が短いノヴァスペルを放つ。ノヴァスペルは敵に物理ダメージを与えるとともにホーリーレリックと仲間にライフ自動回復を付与する。このライフ自動回復効果はミニオンに対して適応される時、より高い効果を持つ。
"Summon an image of Beidat, Archangel of Death. This is a non-combat entity.",死の大天使、ベイダットの像を召喚する。これは戦闘を行う存在ではない。
Summon a Pale Angel. This is a non-combat entity.,ペール・エンジェルを召喚する。これは戦闘を行う存在ではない。
Summon a Pale Cherubim. This is a non-combat entity.,ペール・ケルビムを召喚する。これは戦闘を行う存在ではない。
Summon a Pale Servitor. This is a non-combat entity.,ペール・サーヴィターを召喚する。これは戦闘を行う存在ではない。
"Summon an illusion of K'tash, the Hate Shepherd. This is a non-combat entity.",憎悪の羊飼い、カタッシュの像を召喚する。これは戦闘を行う存在ではない。
Summon a Demon Harpy. This is a non-combat entity.,デーモン・ハーピィを召喚する。これは戦闘を行う存在ではない。
Summon a Demon Imp. This is a non-combat entity.,デーモン・インプを召喚する。これは戦闘を行う存在ではない。
Summon a Demon Beast. This is a non-combat entity.,デーモン・ビーストを召喚する。これは戦闘を行う存在ではない。
"DNT-UNUSED Creates a magical brand which can attach to a nearby enemy. It periodically activates while attached, firing beams which deal damage to nearby enemies and those around them. The brand will detach if the enemy dies.",DNT近くの敵に取り付けることのできる魔法のブランドを生成する。付着状態の間、定期的に発動し付着している敵とその周囲の敵にダメージを与えるビームを放つ。ブランドは敵が死ぬと取り外される。
Consume Corpses near you to recover Life and Mana over a short time per Corpse Consumed.,プレイヤーの近くの死体を消費し、消費した死体の数ごとにライフとマナを短い時間かけて自動回復させる。
"DNT-UNUSED Creates a magical brand which can attach to a nearby enemy. It periodically activates while attached, causing a fiery meteor to fall from the sky. The brand will detach if the enemy dies.",DNT近くの敵に取り付けることのできる魔法のブランドを生成する。付着状態の間、定期的に発動し燃え盛る隕石を空から降らせる。ブランドは敵が死ぬと取り外される。
Fire a Piercing Projectile that seeks out enemies. Enemies hit are inflicted with a Debuff that Hinders them and deals Chaos damage over time for a short duration.,敵を追尾して飛び、貫通する投射物を放つ。ヒットを受けた敵は阻害および混沌継続ダメージを与えるデバフを付与される。
"Applies a debuff to enemies in an area, which deals chaos damage over time. Linked hex curses are also applied to those enemies. The debuff deals more damage and lasts longer for each hex applied this way.  This skill cannot be used by Totems, Traps, or Mines.",範囲内の敵に混沌継続ダメージを与えるデバフを付与する。リンクされた呪術スキルも同時に敵に付与される。このスキルより付与された呪術スキルの数ごとに、デバフのダメージが上昇し、より長く続くようになる。このスキルをトーテム、トラップまたはマインで使用することはできない。
"An expanding wave of energy surges forward, damaging enemies in a cone-shaped area over a duration. Each enemy hit is inflicted with Exposure matching the element of which they took the highest damage. Only one Wave of Conviction can be active at a time.",エネルギーの波が前方に幅を広げながら押し寄せ、円錐状の範囲の敵に時間をかけてダメージを与える。攻撃を受けた全ての敵は、最も高いダメージを受けた元素と一致する曝露デバフが付与される。同時にアクティブになるウェーブオブコンヴィクションは一つだけである。
"Casts an aura that grants bonuses to damage and critical strike chance of spells to you and your allies, and gives a chance to create Consecrated Ground against stronger enemies.",使用者とその仲間のスペルダメージを増加させクリティカル率を増加させるオーラを纏う。強い敵に対した際に神聖領域を生成する可能性を得る。
Casts an aura that multiplies damage over time and increases skill effect duration of you and your allies.,使用者とその仲間の継続ダメージ倍率を増加させ、スキルの効果時間を増加させるオーラを纏う。
Applies a buff which can take some of the damage from hits for you before being depleted. Shares a cooldown with other Guard skills.,効果が切れるまで使用者が受けるヒットダメージの一部を代わりに受けることのできるバフを付与する。他のガードスキルとクールダウンを共有する。
"Performs a series of quick teleports towards a targeted location. If using the ""Attack in Place"" option, the direction is reversed. Shares a cooldown with other Blink skills.",指定位置に素早いテレポートを繰り返す。「その場で攻撃」オプションをオンにしている場合、移動方向が逆になる。他のブリンクスキルとクールダウンを共有する。
"Perform a spinning attack, damaging enemies around you and creating a bladestorm matching your stance. The bladestorm repeatedly damages enemies, based on your weapon damage and attack time, for a duration. Blood bladestorms are stationary and cause Bleeding, while Sand bladestorms move slowly forwards and Blind enemies. You are in Blood Stance by default.",回転攻撃を行い、周囲の敵にダメージを与え、スタンスに応じたブレードストームを生成する。ブレードストームは持続時間中、武器ダメージとアタックタイムに応じて敵に繰り返しダメージを与え続ける。ブラッドスタンスのブレードストームはその場に留まり出血を付与する。サンドスタンスのブレードストームは敵に向かってゆっくり移動し盲目を与える。初期状態ではブラッドスタンスである。
DNT-UNUSED Casts a buff that grants different bonuses to melee skills depending on your stance. Using the skill again alternates between Blood Stance and Sand Stance.,DNT使用者のスタンスに応じて近接スキルに異なる効果を付与するバフを纏う。このスキルを再度唱えるとブラッドスタンスとサンドスタンスを切り替えることができる。
"Smash the ground to bring forth multiple spears to damage enemies. When in Blood Stance, multiple spikes burst from the ground in sequence, able to hit enemies multiple times. In Sand Stance, the spikes are thrust outwards. You are in Blood Stance by default.",地面を叩き複数のトゲを出現させ敵にダメージを与える。ブラッドスタンスの時には、地面から複数のトゲが連続して飛び出し、敵に複数回ダメージを与えることができる。サンドスタンスでは、トゲは外側に突き出す。初期状態ではブラッドスタンスである。
"When used at range, throws out a chain, pulling you to the enemy hit dealing damage in an area behind them. When close to the enemy, just causes the area damage directly.",敵から離れた状態でスキルを使うと鎖を投げ、ヒットを受けた敵の位置に使用者を引き寄せ、敵の背後の範囲にダメージを与える。敵の近くでスキルを使うと直接範囲ダメージを与える。
Deals attack damage in an area.,周囲にアタックダメージを与える。
DNT-UNUSED Casts an aura that affects you and nearby enemies differently depending on your stance. Using the skill again alternates between Blood Stance and Sand Stance.,DNT使用者と近くの敵に対しての効果がスタンスによって変わるオーラを纏う。スキルをもう一度使うとブラッドスタンスとサンドスタンスを切り替えることができる。
Casts an aura that causes nearby enemies to take more physical damage.,敵が受ける物理ダメージを上昇させるオーラを纏う。
"Summons a Carrion Golem that grants added physical damage for your non-golem minions. The Carrion Golem attacks with a series of slashes that increase in speed and damage, as well as a cascade of bone spikes, and deals more damage for each of your non-golem minions near it.",非ゴーレムミニオンごとに追加物理ダメージを召喚者に付与するキャリオンゴーレムを召喚する。キャリオンゴーレムは速度とダメージが増加していく連続斬りつけ攻撃と、ボーンスパイクカスケードによる攻撃を行う。また周囲の非ゴーレムミニオンの数に応じて与えるダメージが上昇する。
"Grants Elusive and a buff that grants Phasing. While you have this buff, monsters that enter an area around you will be Withered. Using a skill or losing the Elusive buff ends this skill's effects. Shares a cooldown with other Blink skills. Cannot be used while already Elusive.",身躱しと透明化を付与するバフを与える。このバフがある間は範囲に侵入した敵は衰弱のデバフを受ける。他のスキルを使うか、身躱しのバフの効果時間が終わるとこのスキルの効果時間も終わる。他のブリンクスキルとクールダウンを共有する。すでに身躱しがある場合は使用できない。
"Throws a mine that deals damage in an area when detonated, then launches fiery projectiles that rain down around it, each exploding to deal damage in a smaller area.",起爆すると範囲ダメージを与えるマインを投げる。そのマインはさらに炎の投射物の雨を周囲に降らし、その投射物それぞれが爆発し小さい範囲にダメージを与える。
Throws a mine that deals damage in an area when detonated.,起爆する時に周囲にダメージを与えるマインを投げる。
"Throws a mine that fires projectiles around it when detonated. These projectiles quickly dissipate as they travel, before disappearing",起爆すると周囲に投射物を放つマインを投げる。放たれた投射物は移動中に素早く霧散し、その後消える。
Fires a returning projectile that can be caught. Caught projectiles spiral outwards when you use Whirling Blades and do not return.,使用者の位置に戻り拾うことができる投射物を放つ。ワーリングブレードを使用すると拾った投射物は外側に向かって放射状に放たれ、戻ってこない。
"Creates already-caught projectiles without firing them first, both immediately and over a secondary duration. Caught projectiles spiral outwards when you use Whirling Blades and do not return.",始めに投射物を放つことなく、すでに回収した投射物を即座および副次的持続時間にわたり生成する。回収した投射物はワーリングブレード使用時に外側に渦巻きながら放たれ、戻ってこない。
"Fires an arrow that remains in the ground behind its final target, tethering that enemy to it. Ensnared enemies always count as moving, and have less movement speed while trying to break the snare. The snare will break if they leave the area of effect.",最終ターゲットの背後の地面に刺さり、敵をその位置に縛り付ける矢を放つ。拘束された敵は移動中として扱われ、拘束を解いている間は移動スピードが低下する。敵が効果範囲外に移動すると拘束は解かれる。
"Deploy a Ballista Totem that fires bolts skyward, to explode a short time after landing.",バリスタトーテムを召喚し、ボルトを空中に放たせる。ボルトは着弾して短い時間が経つと爆発する。
Spends a portion of your mana to grant a buff that takes some of the damage from hits for you until depleted. The buff grants added lightning damage based on the amount of mana spent by this skill. Shares a cooldown with other Guard skills.,マナの一部を消費し、効果が尽きるまでヒットダメージをプレーヤーの代わりに受けるバフを付与する。バフは消費されたマナの量に基づいて、雷ダメージを攻撃に追加する。他のガードスキルとクールダウンを共有する。
Channel to charge up your bow before releasing a powerful shot. Releasing with Perfect Timing causes the arrow to explode on impact and Consume Freeze on directly Hitting. Consuming Freeze enhances the explosion.,チャネリングして弓を引き続けた後、強力な矢を放つ。完全なタイミングで矢を放つと、矢は着弾時に爆発し、直接ヒットした時に凍結を消費する。凍結を消費すると爆発がより強力になる。
"DNT-UNUSED Creates a magical brand which can attach to a nearby enemy. It periodically activates while attached, triggering linked spells. The brand will detach if the enemy dies.",DNT近くの敵に取り付けることのできる魔法のブランドを生成する。付着状態の時に定期的に発動し、リンクしているスペルをトリガーする。敵が死ぬとブランドは取り外される。
"Perform a Warcry, Empowering subsequent Melee Attacks if there are enemies nearby. Enemies in the warcry's area are destabilised and will Combust on death. This Skill's cooldown can be bypassed by expending an Endurance Charge.",ウォークライを行い、もし近くに敵がいれば使用者のその後の近接アタックを強化する。ウォークライの範囲内の敵は弱体化を受け、死亡時にコンバストを行う。このスキルのクールダウンはエンデュランスチャージを使用することでバイパス可能である。
"DNT-UNUSED Overcharges your brands near the targeted area, causing them to accelerate how quickly they activate and expire. Deals damage in an area around each overcharged brand when it expires.",DNT指定位置の周囲のブランドをオーバーチャージ状態にして、ブランドのアクティベート頻度を上げ、効果が切れる時間を早める。オーバーチャージ状態のブランドの効果時間が切れるとその周囲に範囲ダメージを与える。
"Perform a damaging Warcry, Knocking Back nearby enemies and Heavy Stunning enemies that are Primed for Stun. If an enemy is Heavy Stunned or a currently Heavy Stunned enemy is Hit, this Skill Empowers subsequent Slams to perform an additional Aftershock. This Skill's cooldown can be bypassed by expending an Endurance Charge.",ダメージを与えるウォークライを行い、近くの敵をノックバックし、スタン寸前の敵をヘビースタンさせる。もし敵がヘビースタン状態になるか、ヘビースタン状態の敵がヒットを受ければ、プレイヤーの次に行うスラムを強化し、追加で1回余震を行うようにする。このスキルのクールダウンはエンデュランスチャージを使用することでバイパス可能である。
"Perform a Warcry using Glory gained by Igniting enemies to turn you into an embodiment of Kaom. While embodying Kaom, you Trigger Volcanic Steps while travelling, Melee Strikes and Slams are Ancestrally Boosted, and your Melee Strikes Trigger Volcanic Eruption.",敵を発火させることで獲得したグローリーを使用しウォークライを行い、プレイヤーはカオムの具現化となる。カオムの具現化となっている間、移動中にヴォルカニックステップをトリガーし、近接ストライクとスラムは先祖の加護を受ける。またプレイヤーの近接ストライクはヴォルカニックエラプションをトリガーする。
"Slam the ground around you, dealing damage to nearby enemies.",周囲の地面にスラムを行い、近くの敵にダメージを与える。
"Fire molten Projectiles from the struck enemy, which will land nearby dealing Attack damage in an area.",ストライクを与えた敵からマグマの投射物を放たせ、その投射物は近くに着弾し範囲内にアタックダメージを与える。
"DNT-UNUSED Creates a magical brand which can attach to a nearby enemy. It periodically activates while attached, adding energy to the branded enemy. Each activation, energy spreads from each energised enemy to an enemy in range which is not energised by the brand. If the branded enemy has 20 energy, each activation will instead deal a pulse of area damage. Energy explodes when the energised enemy dies or the brand is removed, dealing damage in an area.",DNT周囲の敵に取り付けることのできる魔法のブランドを生成する。付着している間定期的に発動し、ブランドの付着している敵にエネルギーを注入する。発動のたびに、エネルギーの注入を受けた敵から範囲内の注入を受けていない敵にエネルギーが広がる。ブランドの付着している敵のエネルギーが20スタックになると、発動のたびにエネルギーを注入する代わりに範囲ダメージのパルスを放つ。エネルギーを帯びている敵が死ぬか、ブランドが別の敵に移されるとエネルギーの爆発が起き、範囲ダメージを与える。
"DNT-UNUSED Creates a magical brand which can attach to a nearby enemy, dealing cold damage over time and chilling them. It periodically activates while attached, gaining stages that raise the damage. When removed, a short-duration debuff dealing the same damage over time and chill is applied to each nearby enemy. The brand keeps its charges while detached.",DNT近くの敵に取り付けることのできる魔法のブランドを生成し、冷気継続ダメージを与え敵に冷却の状態異常を与える。付着している間、定期的に発動しステージを獲得し、ステージごとにダメージが上がる。ブランドが取り除かれると、ブランドが付着した敵に与えたのと同量の継続ダメージを与え、冷却の状態異常を与える持続時間の短いデバフを周囲の敵に与える。取り外されてる間もブランドはチャージを維持する。
"Slam the ground, sending out a fissure that deals area damage to enemies it passes under and thrusts a spike from the ground when it ends. Warcries performed near the spike will cause it to shatter, damaging surrounding enemies.",地面にスラムを行い、敵に範囲ダメージを与える亀裂を作り、亀裂が発生し終わると地面からスパイクが突き出す。スパイクの近くでウォークライを行うとスパイクを粉砕し周囲の敵にダメージを与える。
"Release a beam which deals lightning damage to enemies in a long area in front of you, and has several smaller beams branch off from it at an angle, hitting more enemies to the sides.",前方の遠くの敵に雷ダメージを与えるビームを放つとともに、そこから斜めに小さなビームを分岐して、側面にいる多数の敵を攻撃する。
"Place a Sigil on the ground, providing a powerful Buff to you and Allies standing in it which grants Life Regeneration and amplifies Armour, Evasion and Energy Shield. The Buff becomes more powerful the more mana you spend while standing in the Sigil.",地面に魔法陣を設置し、持続時間中範囲内のプレイヤーとその味方に強力なバフを付与しライフ自動回復を付与し、アーマー、回避力およびエナジーシールドを上げる。プレイヤーが魔法陣の中でマナを消費するごとに、バフがより強力になる。
"Place a Sigil on the ground, providing a powerful Spell Damage Buff to you and Allies while standing in it. The Buff becomes more powerful the more mana you spend while standing in the Sigil.",地面に魔法陣を設置し、持続時間中範囲内のプレイヤーとその味方に強力なスペルダメージのバフを付与する。プレイヤーが魔法陣の中でマナを消費するごとに、バフがより強力になる。
"Create a wall of Fire in front of you, which Ignites everything within its area. Any Projectiles fired through the wall by you and Allies deal added Fire damage. Consumes a Lightning Infusion if possible to also add Lightning damage to the Projectiles.",キャラクターの前方に炎の壁を生成し、範囲内の全ての敵を発火させる。プレイヤーおよびその味方が放ち壁を通り抜けた投射物は追加の火ダメージを与える。もし可能ならば、ライト二ングインフュージョンを消費し、その投射物に雷ダメージを追加するようになる。
"DNT-UNUSED Calls impale debuffs from enemies, alive or dead, in a large area around you to gain steel shards. Deals reflected damage in a smaller area around each such enemy based on the impales removed from them. Continues to grant shards over time until you reach maximum or spend them.",DNTプレーヤーの周囲の広い範囲の敵 (生死にかかわらず )から串刺しのデバフを呼び寄せ、鋼鉄の破片を獲得する。敵から取り除かれた串刺しのデバフの効果に応じてその敵の周囲の狭い範囲に反射ダメージを与える。最大数に達するか、全て使い果たすまで、時間経過とともに破片を付与し続ける。
Deal Chaos damage in an area around the previously Cursed enemy.,このスキル以前に呪い状態だった敵の周囲のエリアに混沌ダメージを与える。
"Icicles emerge from the ground in a series of small bursts, each damaging enemies caught in the area and knocking them back in the direction of the next burst.",氷柱が連続して地面から出現し、それぞれ範囲内の敵にダメージを与え、次の氷柱の方向に敵をノックバックさせる。
"Detonate a Curse on every enemy in an area, causing explosions of Chaos damage but removing the Curse. Can only detonate Curses for which at least half of the duration has expired.",範囲内の敵に付与した呪いを1種類起爆し、混沌ダメージの爆発を起こし、呪いを取り除く。持続時間の最低でも半分が経過した呪いだけを起爆できる。
"Create a sphere of water, or move an existing sphere and reset its duration. The sphere continually applies a drenched debuff with a short duration to enemies in its area or those it moves through. You can hit the sphere with other skills to inflict Cold and Lightning Ailments (other than Chill). The sphere pulses when created, at regular intervals while afflicted by an Ailment, and after moving, damaging all drenched enemies in a large area.",水でできた球体を生成するか、もしくはすでに存在する球体を移動し持続時間をリセットする。球体は範囲内の敵や移動経路上の敵に、短い持続時間を持つ水浸しのデバフを与える。他のスキルで球体にヒット攻撃を行うことで冷気または雷の状態異常を付与することができる (冷却を除く )。球体は生成された時と、移動し終わった後と、状態異常を持つ時に一定間隔でパルスを発し、広い範囲の水浸し状態の全ての敵にダメージを与える。
Casts all socketed aura spells. They will not apply to you. Auras that only apply to enemies cannot be socketed.,ソケットされたすべてのオーラスペルをキャストする。オーラは使用者に適用されない。敵のみに適用されるオーラはソケット出来ない。
"Consume 3 Endurance Charges to Raise a Totem that conjures spirit warriors. Each warrior uses a socketed Mace Skill once, then disappears. Cannot use Channelling Skills or Skills with Cooldowns.",エンデュランスチャージを3個消費し、スピリットウォーリアーを呼び出すトーテムを立てる。それぞれのウォーリアーはソケットされたメイススキルを一度だけ使用した後消滅する。チャネリングスキルまたはクールダウンを持つスキルは使用できない。
Consume any combination of 3 Power and/or Endurance Charges to raise a Totem that uses socketed Spells. Cannot use Skills with Cooldowns.,パワーチャージおよび/またはエンデュランスチャージを3個消費し、ソケットされたスペルを使用するトーテムを立てる。クールダウンを持つスキルを使用できない。
Place a ballista totem which uses the socketed bow or wand attack skills.,ソケットされた弓またはワンドアタックスキルを使用するバリスタトーテムを設置する。
"Raise a cannon Ballista Totem which uses socketed Grenade Skills, with significantly improved Cooldown Recovery Rate.",ソケットされたグレネードスキルを使用する大砲のバリスタトーテムを設置する。クールダウン解消レートが大幅に向上する。
Expel your own blood as Chaining blood tendrils in a cone in front of you. Enemies Hit by the tendrils take Physical damage and are inflicted with Bleeding.,自らの血を連鎖する血のツタとして前方の円錐状エリアに飛ばす。蔓によりヒットを受けた敵は物理ダメージを受け、出血を付与される。
"Draws out your own blood to power a buff for a duration, letting this skill inflict the Corrupted Blood debuff on enemies you hit, dealing physical damage over time for a short secondary duration. The buff's duration will be refreshed if you spend enough life before it expires.",血を抜き取り持続時間を持つバフを得る。バフによりプレーヤーがヒットした敵に穢れた血のデバフを与えられるようになり、短い副次的持続時間中、物理継続ダメージを与える。バフが失われる前に十分な量のライフコストを消費すればバフの持続時間を更新できる。
"Conjure a bloody scythe that sweeps across the targeted area, dealing Physical damage to enemies and applying Critical Weakness. Cannot be Triggered.",血塗れの大鎌を呼び出し、エリアをなぎ払い、物理ダメージを与えるとともにクリティカルウィークネスを付与する。トリガーされることができない。
"Bloody scythes swipe around a selected area, hitting enemies with physical damage. An area of boiling blood is left beneath them for a duration which deals physical damage over time. Also gives a bonus to maximum Blood Charges for a secondary duration.",血塗れの大鎌が選択でエリアをなぎ払い、物理ヒットダメージを与える。沸騰する血の領域が地面に残され、持続時間の間物理継続ダメージを与える。二次的持続時間の間ブラッドチャージの最大数を増やすボーナスも付与する。
"Conjure an abyssal scythe that sweeps across the targeted area, dealing Fire damage to enemies and Consuming Ignite to create pillars of flame. Cannot be Triggered.",アビスの鎌を呼び出し、対象とした範囲で振り回す。敵に火ダメージを与え、発火を消費し、火柱を生成する。トリガーされることができない。
"Applies a buff that protects the lower half of your life, preventing some of the immediate life loss when damaged by hits and applying the loss over time instead. Your life cannot be raised above low life other than by flasks, and while above low life, skills will cost life as well as mana.",ライフの半分以下の部分を守るバフを適用し、ヒットダメージを受けた時に代わりに継続ダメージを受けることによって、ライフが即座に減らないようにする。フラスコ以外では使用者のライフを低ライフ状態以上に回復することはできない。低ライフ状態以上にライフがある場合は、スキルの使用にマナだけでなくライフも消費するようになる。
"Each cast of this spell waits for a short duration, releasing a burst of lightning and chaos spell damage in an area around you when that duration ends. Enemies killed by this damage, or shortly after, will explode. The explosions of the corpses are not affected by modifiers to spell damage, and cannot be reflected.",唱えるたびに、一定時間後に使用者の周囲に雷と混沌スペルダメージの爆発を放つ。このダメージにより、またはダメージを受けた直後に倒された敵は爆発する。この死体の爆発は、使用者のスペルダメージのモッドの影響を受けず、反射されない。
"DNT-UNUSED Spin with a sword or axe to deal damage in an area around you. Sacrifices some rage to send a ragestorm forward. While enemies are inside it, the ragestorm will slow its movement and repeatedly deal attack damage based on your attack speed.",DNT剣または斧と共に回転し周囲の敵にダメージを与える。憤怒を消費することによりレイジストームを前方に放つ。このレイジストーム内に敵がいる場合、レイジストームの動きが遅くなり、プレイヤーのアタックスピードに基づいて繰り返しダメージを与える。
"Performs a warcry, empowering subsequent attacks. Grants a buff which boosts critical strike chance and allows attacks to benefit from increases to spell damage.",ウォークライを行い、使用者のその後のアタックを強化する。クリティカル率をブーストし、アタックがスペルダメージ増加のモッドから恩恵を受けられるようにする。
"Teleports you to a nearby enemy, applying a buff to you for a short duration and blinding the enemy for a secondary duration. Performing a melee attack with a One-Handed Weapon removes the buff to exert that attack.",使用者を敵に近くにテレポートさせ一定時間バフを付与し、副次的持続時間中は敵を盲目状態にする。片手武器で近接攻撃をすることでバフが取り除かれ、その攻撃が奮起される。
"Throws a trap which, once triggered, swings two copies of your equipped Dagger, Claw or One Handed Sword around it in a circle, each repeatedly damaging enemies they spin through.",作動すると使用者の装備中の短剣、鉤爪または片手剣のコピーを2個を作り円状に回転させ、周囲の敵に繰り返しダメージを与えるトラップを投げる。
"DNT-UNUSED Lobs an exploding Projectile near the targeted location, and extra Projectiles toward enemies around you. The Projectiles deal Chaos damage based on your life and Energy Shield. Casting this Spell damages you.",指定地点付近に向けて爆発する投射物とともに、使用者の周囲から敵に向けて追加の投射物を放つ。この投射物は使用者のライフとエナジーシールドに基づいて混沌ダメージを与える。このスペルを使用するとプレイヤーはダメージを受ける。
"Deals lightning damage based upon your missing mana in a circular area around the targeted location, as well as in four rectangular extensions whose lengths depend upon your remaining mana.",対象となる場所を中心とした円形の範囲と、長さが残りのマナに基づく4つの長方形の範囲に、不足しているマナに基づく雷ダメージを与える。
"Fires an arrow into the air to land at a targeted location, dealing area damage. The arrow sticks in the ground where it lands, and periodically fires a beam of lightning to another arrow near it, dealing area damage between them.",空中向けてに矢を放ち、指定箇所に着地させ、範囲ダメージを与える。矢は着地地点に刺さり、付近の他の矢に向けて定間隔で雷のビームを放ち、それらの間に範囲ダメージを与える。
"Swipe your shield, dealing area damage in three waves in front of you. Enemies can be hit by two of the waves where they overlap.",盾を強く打ち付け、前方に3つの波を放ち範囲ダメージを与える。 2 つの波が重なり合った時、敵にヒットを与えることもある。
"Throws a spectral copy of your melee weapon. It spins around while flying in a large spiral, damaging enemies in its path, and bouncing if it collides with walls.",近接武器のコピーを投げる。コピーは回転しながら螺旋を描いて飛び、進路上の敵にダメージを与える。壁に衝突した場合、跳ね返る。
"Attack enemies with a melee Strike. The Strike will cause a Heavy Stun on enemies that are Primed for Stun. Upon causing a Heavy Stun it will also create a Shockwave, dealing a large amount of damage in an area.",敵を近接ストライクで攻撃する。ストライクはスタン寸前の敵にヘビースタンを与える。ヘビースタンを与えると、ショックウェーブを引き起こし範囲内に大ダメージを与える。
"A Strike that causes a Heavy Stun on enemies that are Primed for Stun. Upon causing a Heavy Stun it will also create a Shockwave, dealing a large amount of damage in an area.",スタン寸前の敵にヘビースタンを与えるストライクを放つ。ヘビースタンを引き起こすと、衝撃波も発生し、範囲に大ダメージを与える。
"Fires a single eye projectile which constantly releases shard projectiles in a spiral. The shards will damage enemies they impact, dealing cold damage. The eye cannot damage enemies. When the eye dissipates or collides with terrain, it releases a faster spiral of extra shards.",複数の破片を螺旋状に何度も投射する目の投射物を放つ。破片は敵に当たると冷気ダメージを与えるが、目は敵にダメージを与えられない。目が地形に衝突または消滅する際に、追加の破片を素早く螺旋状に放つ。
"Fire a single Eye Projectile which does not Hit enemies. The Eye constantly releases damaging shard Projectiles in a spiral as it flies. If the Eye passes over an Elemental Ground Surface or Orb, it will take on that surface's effect causing shards to deal more damage of the corresponding Type.",敵にヒットを与えない目となる投射物を1個放つ。目は飛びながらダメージを与える破片の投射物を螺旋状に放つ。目が元素領域効果上またはオーブの上を通過すると、その領域効果を目が取り込み、破片が与える対応する元素属性のダメージが上昇する。
"While active, passively leaves afterimages of your recent past. Cast the Spell to return to the oldest afterimage, teleporting to that location and resetting your Life, Mana and Energy Shield to the values they had at the time. Removes any upcoming damage delayed by Phased Form on use.",アクティブ中、自身のごく最近の残像を生成する。スペルをキャストすることで最も古い残像に戻り、残像の位置にテレポートすると共に、その残像が持つライフ、マナおよびエナジーシールドの状態にリセットする。使用時にフェーズ形態によって遅延されていたダメージを全て取り除く。
"Create a storm that sucks in enemies and deals Physical damage over time. A Tornado that overlaps an Elemental Ground Surface absorbs that surface's Debuff, applying it to enemies inside the Tornado and causing the Tornado to deal extra damage of that element.",敵の中に留まり物理継続ダメージを与えるトルネードを生成する。味方の元素領域効果とオーバーラップしたトルネードはその領域のデバフを吸い取り、トルネードの中にいる敵に付与し、その元素属性の追加ダメージを与える。
"Create a stationary Fire, Cold or Lightning storm at a target location for a duration, based on the highest Elemental Damage type for the Hit that Triggered the storm. Hits which do not deal Elemental Damage will not Trigger the storm.",対象地点に短い間静止する、火、冷気または雷の嵐を生成する。その元素属性は、嵐をトリガーしたヒットで最も高いダメージを与えた元素ダメージタイプに基づく。元素ダメージを与えないヒットは嵐をトリガーできない。
Grants a buff which significantly lowers your maximum Energy Shield to transform your equipped weapons into Swords formed from that energy. Casting the spell again removes the buff. This skill cannot be triggered.,エネルギーシールドの最大値を大幅に下げ、装備している武器をそのエネルギーで形成された剣に変化させるバフを付与する。再度スキルを使用するとバフは解除される。このスキルはトリガーできない。
"Targets an allied player to apply a buff which links you to them for a duration. While linked, your Energy Shield will intercept some of the damage they would take. If the target dies while linked, you will also die. This skill cannot be triggered, or used by Totems, Traps, or Mines.",味方プレイヤーを対象として、使用者と相手を一定時間リンクさせるバフを付与する。リンクしている間、使用者のエナジーシールドは相手が受けたダメージの一部を受ける。リンクした相手が死亡した場合、使用者も死亡する。トリガーすることはできず、トーテム、トラップまたはマインで使用することはできない。
"Targets an allied player to apply a buff which links you to them for a duration. While linked, they deal additional fire damage based on your life. If the target dies while linked, you will also die. This skill cannot be triggered, or used by Totems, Traps, or Mines.",味方プレイヤーを対象として、使用者と相手を一定時間リンクさせるバフを付与する。リンクしている間、相手は使用者のライフに基づいて追加の火ダメージを与える。リンクしている際に相手が死亡した場合、使用者も死亡する。トリガーすることはできず、トーテム、トラップまたはマインで使用することはできない。
"Targets an allied player to apply a buff which links you to them for a duration. While linked, they get recovery from your life leech instead of you. If the target dies while linked, you will also die. This skill cannot be triggered, or used by Totems, Traps, or Mines.",味方プレイヤーを対象として、使用者と相手を一定時間リンクさせるバフを付与する。リンクしている間、相手は使用者のライフリーチによる回復を代わりに受ける。リンクしている際に相手が死亡した場合、使用者も死亡する。トリガーすることはできず、トーテム、トラップまたはマインで使用することはできない。
"Targets an allied player to apply a buff which links you to them for a duration. While linked, they copy your block chance and recover life when they block. If the target dies while linked, you will also die. This skill cannot be triggered, or used by Totems, Traps, or Mines.",味方プレイヤーを対象として、使用者と相手を一定時間リンクさせるバフを付与する。リンクしている間、相手は使用者のブロック率をコピーし、ブロック時にライフを回復する。リンクしている際に相手が死亡した場合、使用者も死亡する。トリガーすることはできず、トーテム、トラップまたはマインで使用することはできない。
"Targets an allied player to apply a buff which links you to them for a duration. While linked, their hits can trigger your supported spells. If the target dies while linked, you will also die. This skill cannot be triggered, or used by Totems, Traps, or Mines.",味方プレイヤーを対象として、使用者と相手を一定時間リンクさせるバフを付与する。リンクしている間、相手が与えるヒットは、使用者がサポートしているスペルをトリガーする。リンクしている際に相手が死亡した場合、使用者も死亡する。トリガーすることはできず、トーテム、トラップまたはマインで使用することはできない。
"Targets an allied player to apply a buff which links you to them for a duration. While linked, they use your main hand critical strike chance. If the target dies while linked, you will also die. This skill cannot be triggered, or used by Totems, Traps, or Mines.",味方プレイヤーを対象として、使用者と相手を一定時間リンクさせるバフを付与する。リンクしている間、相手は使用者のメインハンド武器のクリティカル率を使用する。リンクしている際に相手が死亡した場合、使用者も死亡する。トリガーすることはできず、トーテム、トラップまたはマインで使用することはできない。
"Call down Lightning to hit all enemies in a cone in front of you, dealing significantly more damage to Shocked enemies. If there is a Shocked enemy in the target area, additional lightning bolts are distributed among the targets hit. Targeting close to you will cause you to jump back as you cast.",プレイヤーの前方の円錐状範囲の敵に対して雷を呼び出す。感電状態の敵に対して大幅に上昇したダメージを与える。対象の範囲に感電状態の敵がいる場合、ヒットを与えた対象に追加の雷が分配される。プレイヤーの近くを対象にすると、プレイヤーはキャスト時に後ろに飛び退く。
Gain a Buff that boosts your Shock chance. Shocking an enemy consumes the Buff to attach an Orb of electricity to that enemy. The Orb fires bolts of electricity at nearby enemies until it expires.,感電付与確率を上げるバフを付与する。敵を感電させると、そのバフを消費し、電気できたオーブを敵に付着させる。そのオーブは、効果が切れるまで近くの敵に稲妻を放つ。
Direct your ants to move to the target location.,蟻を指揮し対象地点に移動させる。
"Polymorph a party member in town, or a player in your hideout, into an animal.",街にいるパーティーメンバー、または隠れ家にいるプレイヤーを動物に変身させる。
"The character swings their weapon (or both weapons if dual wielding) in an arc, damaging monsters in an area in front of them. Killing Blows on Rare or Unique enemies grant a buff that improves Cleave for a duration. Killing Blows on Rare Enemies also steal their modifiers for a secondary duration. Only works with Axes and Swords.",キャラクターが持つ武器 (二刀流中は両方の武器 )を円弧状に振り、その正面の範囲の敵にダメージを与える。レアまたはユニークの敵をキリングブロウで倒した場合、一定時間クリーヴを強化するバフを得る。加えてレアの敵をキリングブロウで倒した際に副次的持続時間その敵のモッドを盗む。使用するには斧または剣を装備する必要がある。
"Perform a series of six rapid stabs. The final stab inflicts Bleeding and leaves a spearhead stuck in the target, Maiming them for a duration. Detonator Skills will cause the stuck spearheads to explode, dealing further damage to the target and other nearby enemies.",一連の素早い突きを繰り出す。最後の突きは出血を付与し、対象にスピアの先端を突き刺したままにし、一定時間の間敵に重傷を付与する。起爆スキルは突き刺さったスピアの先端を爆発させ、対象および他の近くの敵にさらにダメージを与える。
Lunge at a target and skewers them. Hitting an enemy that has suffered Blood Loss will cause a blood explosion and also Consume Bleeding. This skill cannot be Ancestrally Boosted.,突進して敵を突き刺す。十分な量の失血に苦しんでいる対象にヒットを与えると、出血を消費し、血の爆発を引き起こす。このスキルは先祖の加護を受けることができない。
"Jump back as you rupture the earth in front of you with spearpoints, damaging enemies. Consumes the Parried Debuff on Hitting enemies to release a shockwave and grant you a Frenzy Charge. This skill can be used while using other skills, and causes Strikes and Projectiles to miss you while jumping. This skill cannot be Ancestrally Boosted.",後ろに飛び退き、スピアの先端で前方の地面を引き裂き、敵にダメージを与える。ヒット時にパリィのデバフを消費し、衝撃波を放ち、プレイヤーにフレンジーチャージを1個付与する。このスキルは他のスキルの使用中に使用することができ、ジャンプ中にプレイヤーに対して行われたストライクと投射物はプレイヤーを外れるようになる。このスキルは先祖の加護を受けることができない。
"Perform a circular slash that kicks up a Whirlwind around you, Slowing enemies and Blinding them in its area of effect. Leaving the area collapses the storm, dealing damage and causing Knockback.",円形の斬撃を行い、周囲に風と塵のワールウィンドを巻き上げ、範囲内の敵を減速させ、盲目にする。その場から離れるとワールウィンドが崩壊し、ダメージを与え、敵をノックバックする。
"DNT-UNUSED A two-swing attack, swiping to one side, then the other. Struck enemies are knocked in front of the user.",一方から振り、その後反対方向から振る二連撃。攻撃を受けた敵は使用者の前方にノックバックする。
"Stab the ground causing multiple spears to burst out of the ground in front of you in a large area. The spears remain for a duration, or explode when enemies touch them, damaging and Maiming them.",地面を突き刺し、前方の広範囲の地面から複数の槍を飛び出させる。槍は一定時間残り、敵が触れると爆発し、ダメージを与えると共に敵に重傷を付与する。
Activate to summon a Reviving Demon Magus which casts socketed Spells in order.,ソケット化されたスペルを順番にキャストする復活するデーモンメイガスを召喚する。
"Throw a single copy of your spear. When it hits an enemy it bursts, firing secondary lightning bolt Projectiles at multiple other enemies within a large area around it. Consumes a Frenzy Charge if possible to cause the main spear to split into multiple copies on impact, each of which then bursts.",スピアのコピーを1本投げる。敵に当たると爆発し、広範囲の他の複数の敵に二次的な雷のボルトの投射物を放つ。フレンジーチャージを消費し、もし可能ならば、メインのスピアが着弾時に複数のコピーに分裂するようにし、そのそれぞれのスピアが爆発するようになる。
"Throw a spear leaving a trail of Fire in its wake, Burning enemies. Then throws a second spear in the same direction, causing the trail of Fire to expand outwards.",スピアを投げその通り道に火の軌跡を残し、敵を燃焼させる。続いてもう一本のスピアを同じ方向に投げ、火の軌跡を外側に拡大する。
Activate to summon a Reviving Infernal Hound which Ignites enemies near it.,アクティベートすることで復活するインファーナルハウンドを召喚する。ハウンドは近くの敵を発火させる。
"Summon Navira, an invulnerable Water Djinn Minion to do your bidding. Navira will only act when you Command her to do so, bestowing restorative blessings upon you and your Allies with her Spells.",不死身の水のジンミニオンであるナヴィラを召喚し、プレイヤーと共に戦わせる。ナヴィラはプレイヤーがコマンドした時だけ行動し、プレイヤーと味方に彼女のスペルで回復の祝福を授ける。
"Summon Ruzhan, an invulnerable Flame Djinn Minion, to do your bidding. Ruzhan emerges to Strike enemies with his greatsword whenever you use a damaging Skill, and casts devastating Fire Spells when Commanded to do so.",不死身の炎のジンミニオンであるルザンを召喚し、プレイヤーと共に戦わせる。ルザンはプレイヤーがダメージを与えるスキルを使用した時に、ルザンは出現しグレートソードでストライクを与え、コマンドされた時に破壊的な火のスペルをキャストする。
"Summon Kelari, an invulnerable Sand Djinn Minion, to do your bidding. Kelari will only act when you Command him to do so. Kelari delivers swift Hits with massive Critical Hit potential.",不死身の砂のジンミニオンであるケラリを召喚し、プレイヤーと共に戦わせる。ケラリはプレイヤーがコマンドした時だけ行動し、ケラリは非常にクリティカルヒットの能力が高い素早いヒットを放つ。
"Harness Kelari's power to passively Consume Corpses in your Presence, causing Corpse Beetle Minions to burst forth. The Beetles passively follow you until Commanded. On your Command, they rush the target and explode.",ケラリの力を解き放ち、プレイヤーの存在下にある死体を自動的に消費し、コープスビートルミニオンをその死体から発生させる。ビートルはコマンドされるまでプレイヤーに付き従い、コマンドされると、対象に突撃し、爆発する。
Fires a powerful bolt.,強力なボルトを放つ。
Fire a flaming bolt that explodes on impact. The explosion will cause any Grenades in its area of effect to also explode.,着弾時に爆発する炎のボルトを放つ。爆発は範囲内のグレネードを起爆する。
Load your Crossbow with flaming bolts that explode on impact. The explosion will cause any Grenades in its area of effect to also explode.,着弾時に爆発する炎のボルトをクロスボウに装填する。爆発は範囲内のグレネードを起爆する。
"Fire a powerful Piercing bolt that applies Riven Armour to enemies with Fully Broken Armour, causing any Hits against those enemies to deal extra damage.",貫通するボルトを放ち、完全アーマー破壊状態の敵にアーマー切断を適用する。アーマー切断を受けた敵はその敵に対する全てのヒットから追加のダメージ受ける。
"Load your Crossbow with Piercing bolts that apply Riven Armour to enemies with Fully Broken Armour, causing any Hits against those enemies to deal extra damage.",貫通するボルトをクロスボウに装填する。完全アーマー破壊状態の敵にアーマー切断を適用する。アーマー切断を受けた敵はその敵に対する全てのヒットから追加のダメージ受ける。
Fire an icy bolt that creates two walls of Ice Crystals at the end of its flight.,氷のボルトを放ち、飛び終わった時に氷の結晶の壁を2個生成する。
Load your Crossbow with icy bolts that create two walls of Ice Crystals at the end of their flight.,飛び終わった時に氷の結晶の壁を2個生成する氷のボルトをクロスボウに装填する。
"Channel to charge an unstable bolt. The bolt deals devastating damage and explodes on hitting terrain, but cannot be fired at all unless fully charged. Additional Projectiles are fired in a spread, unlike other Crossbow Skills.",チャネリングを行い、不安定なボルトに電荷を帯びさせる。ボルトは壊滅的なダメージを与えると共に地面にヒットした時に爆発するが、完全なチャージ状態でなければ一切発射することができない。他のクロスボウスキルと異なり、追加の投射物は拡散する形で放たれる。
"Load your Crossbow with unstable bolts that require a lengthy charging period to fire but deal devastating damage, Pierce through enemies, and explode upon hitting terrain. Additional Projectiles are fired in a spread, unlike other Crossbow Skills.",不安定なボルトをクロスボウに装填する。発射するのに長時間のチャージ時間が必要だが、ボルトは壊滅的なダメージを与え、敵を貫通し、地面にヒットした時に爆発する。他のクロスボウスキルと異なり、追加の投射物は拡散する形で放たれる。
Aim skyward and fires an enemy-seeking payload which drops a bolt near every enemy in the target area. These bolts lodge in the ground and explode after a short delay.,空に向かって狙いを定め、敵を追跡するペイロードを放つ。ペイロードは対象範囲内のすべての敵の近くにボルトを投下し、これらのボルトは地面に突き刺さり、少し遅れて爆発する。
"Load your Crossbow with enemy-seeking payloads which are fired into the air, dropping a bolt near every enemy in the target area. These bolts lodge in the ground and explode after a short delay.",空に向かって狙いを定め、敵を追跡するペイロードをクロスボウに装填する。ペイロードは対象範囲内のすべての敵の近くにボルトを投下し、これらのボルトは地面に突き刺さり、少し遅れて爆発する。
"Fire all loaded bolts into the sky, causing them to rain down over the target area, starting at the centre and spreading outward.",装填したボルトを上空に放ち、対象とした地点に雨のように降らせる。中心から着弾を開始し、外側に広がっていく。
"Passively generate bolts of ice at a frequency equal to reload time, up to a cap. Activate to Load the accumulated bolts into your Crossbow. All loaded bolts are fired at once, causing them to rain down over the target area.",リロード時間と同じ頻度で、氷のボルトを上限に達するまで生成する。アクティベートして貯まったボルトをクロスボウに装填する。装填したボルトを一度に全て放ち、対象とした地点に雨のように降らせる。
"Aims skyward and fires charged bolts that land around the target location, dealing damage and lodging in the ground for a duration. Detonator Skills will cause these bolts to explode. Can fire a limited number of bolts before needing to reload.",空に向かって狙いを定め、対象地点の周囲に着弾する帯電したボルトを放つ。そのボルトはダメージを与えると共に、持続時間の間地面に残る。起爆スキルによりこれらのボルトを爆発させることができる。リロードが必要になるまでに放てるボルトの数には上限がある。
Load your Crossbow with charged bolts that land around the target location and explode if hit by a Detonator Skill. Using this Skill again reloads the clip.,帯電したボルトをクロスボウに装填する。そのボルトは対象とした地点の周囲に着弾し、起爆スキルによりヒットを与えれば爆発させることができる。このスキルを再度使用することでクリップをリロードする。
Advance while hitting enemies around you with a series of spinning Strikes.,連続した回転ストライク攻撃で周囲の敵をヒットしながら前進する。
"Slam the ground to Stun enemies and knock them away, then continue forward and perform a devastating second Slam.",地面にスラムを行い、敵をスタンおよびノックバックし、さらに前進して壊滅的な二度目のスラムを繰り出す。
"Leap backwards, firing an icy arrow which can Chill or Freeze enemies around the location from which you escaped. This arrow will create Ice Fragments on impact.",後ろに飛び跳ね、移動元の周囲の敵に対し冷却または凍結できる矢を放つ。この矢は着弾時にアイスフラグメントを生成する。
"Channel to charge up a heavy swing, drawing earth from the ground to enlarge your mace. Release to Slam the ground, dealing damage in an area around the impact, followed by Aftershocks dealing damage in a larger area. This Skill has its own Attack time, which is not affected by your weapon's attack speed and cannot be modified.",ヘビースイングをチャージするチャネリングを行い、メイスに向けて地面から土を引き寄せメイスを巨大化させる。解放して地面にスラムを行い、激突した周囲にダメージを与え、続く余震で広範囲にダメージを与える。このスキルは独自のアタックタイムを持ち、それは武器のアタックスピードに影響されず、変更することもできない。
Batter enemies at range by generating a gust of wind as you swing. Enemies will be Dazed and Knocked Back based on how close they are to you.,武器を振り突風を起こして広い範囲の敵に攻撃する。敵は眩暈を受け、使用者との距離に基づいてノックバックを受ける。
"Slam the ground, creating a branching Molten Fissure that deals damage as it travels and remains for a duration. Using a different Slam on a Molten Fissure creates a spreading Aftershock.",地面にスラムを行い、枝分かれするマグマの亀裂を生成する。その亀裂は移動しながらダメージを与え、一定時間の間持続する。別のスラムスキルでマグマの亀裂にスラムを行うと、広がっていく余震を発生させる。
This spell consumes multiple cooldown uses to summon icy Statues in a ring. Each Statue uses your Frozen Sweep attack once before vanishing.,このスペルは復数のクールダウン使用回数を消費し、氷の像を円状に召喚する。それぞれの像はフローズンスィープアタックを一度だけ使用し、その後消滅する。
This attack is used by your Statues to deal damage in an area around them while stepping forward. This skill cannot repeat and can only be used by Statues from Frozen Legion.,このアタックは像によって使用され、前方に踏み込みながら像が周囲にダメージを与える。このスキルを繰り返すことはできず、フローズンリージョンによる像のみが使用される。
"Slam the ground, creating a winding fissure that deals area damage while travelling outwards. When it reaches the target location it erupts, releasing a burst of molten projectiles. After erupting, the fissure continues moving towards enemies to cause further eruptions.",地面にスラムを行い、外側に移動しながら範囲ダメージを与えるうねる亀裂を生成する。対象地点に達した際に噴火し、マグマの投射物の爆発を放つ。近くの敵に対してはダメージが上昇する。噴火した後、亀裂は敵に向かって引き続き移動し、さらに噴火する。
Summon two Triggerbots which follow you around and run towards enemies.,2体のトリガーボットを召喚する。トリガーボットはプレイヤーに随伴し敵に向かっていく。
"Throw a coin into the air, letting fate decide the outcome.",空中にコインを投げ、運命に結果を委ねる。
DNT-UNUSED Casts a buff that grants different bonuses to attack skills depending on your stance. Using the skill again alternates between Blood Stance and Sand Stance.,DNTスタンスに応じてアタックスキルに異なるボーナスを付与するバフを纏う。このスキルを再度使うとブラッドスタンスとサンドスタンスを切り替える。
Create a new home for your pet Raccoon.,ペットのアライグマに新しい家を作る。
"Performs a series of quick teleports towards a targeted location, stopping if you would overlap with monsters or terrain. If using the ""Attack in Place"" option, the direction is reversed. Shares a cooldown with other Blink skills. Cannot be supported.",対象地点に向けて、モンスターまたは地形と重なった際に止まる素早いテレポートを繰り返す。「その場で攻撃」オプションをオンにしている場合、移動方向が逆になる。他のブリンクスキルとクールダウンを共有する。サポートすることができない。
"Launches a ball of fire which explodes at the end of its flight, damaging foes in a small area.",飛行の最後に爆発する火の玉を放ち、狭い範囲の敵にダメージを与える。
Fire a burst of Chaos energy at the target.,対象に向けて混沌のエネルギーの爆発を放つ。
Simultaneously fires a Physical Projectile and a Chaos Projectile at the target. These projectiles Chain through any number of Cursed targets.,対象に向けて物理の投射物と混沌の投射物を同時に放つ。これらの投射物は呪い状態の対象の間を何回でも連鎖できる。
"Sweep your Quarterstaff upwards, releasing an icy fissure which deals damage in a series of bursts culminating in a large spike. Frozen enemies hit by the final spike are dealt heavy damage but the Freeze is Consumed. Ice Crystals hit by the final spike explode.",上向きにクォータースタッフを振り、霜の亀裂を放ち、連続した爆発とそれが蓄積してできた大きな棘でダメージを与える。最後の棘からヒットを受けた凍結状態の敵は、凍結を消費される代わりに、大きなダメージを受ける。最後の棘からヒットを受けた氷の結晶は爆発する。
"Flip backwards and send forth a Freezing wave in front of you, immediately Freezing enemies which are Primed for Freeze.",凍結の波を前方に放ちながら後方にジャンプする。凍結寸前の敵を即座に凍結状態にする。
"Fires bolts in rapid succession. The skill has limited ammunition. This ammunition will reload when using a bolt skill, or automatically when bolts are depleted.",ボルトを速射する。このスキルの弾数には上限がある。この弾数は、ボルトスキルを使用時に、またはボルトがなくなると自動的に、再装填される。
"Fire a stream of heated bolts. Heat builds up on your Crossbow as you fire, and reaching maximum heat will prevent you from firing these bolts for a short time. However, other Skills can Consume Heat for extra benefits.",クロスボウに熱を蓄積させるボルトを連射する。発射すると、クロスボウにヒートが蓄積し、ヒートの値が最大値に達すると、短い間ボルトを発射できなくなる。だが他のスキルはヒートを消費し、追加の恩恵を受けることができる。
"Load your Crossbow with a large clip of heated bolts. Heat builds up on your Crossbow as you fire them, and reaching maximum Heat will prevent you from firing or reloading these bolts for a short time. However, other Skills can Consume Heat for extra benefits. Using this Skill again reloads the clip.",クロスボウに熱を蓄積させるボルトの弾数の多いクリップをクロスボウに装填する。発射すると、クロスボウにヒートが蓄積し、ヒートの値が最大値に達すると、短い間ボルトを発射できなくなる。だが他のスキルはヒートを消費し、追加の恩恵を受けることができる。このスキルを再度使用すると、クリップをリロードする。
Rapidly fire bolts that Break enemy Armour. Can fire a limited number of bolts before needing to reload.,敵のアーマーを破壊するボルトを素早く放つ。再装填が必要になる前に、限られた数のボルトを放つことができる。
Load your Crossbow with a clip of bolts that can be fired rapidly and Break enemy Armour. Using this Skill again reloads the clip.,素早く発射でき、敵のアーマーを破壊するボルトのクリップをクロスボウに装填する。このスキルを再度使用するとクリップが再装填される。
"Rapidly fire icy bolts at the ground, leaving a shard of ice at the impact location that arms after a duration. After arming, the ice shards explode when enemies step on them, dealing more damage the longer they have been armed, up to a maximum. Can fire a limited number of bolts before needing to reload.",氷のボルトを地面に素早く放ち、着弾地点に氷のシャードを残す。シャードは短い時間の後に展開され、展開後に敵が踏むと氷の破片が爆発し、周囲の敵にダメージを与える。展開された後長い時間が経っていれば、与えるダメージが上昇する。再装填が必要になる前に、限られた数のボルトしか放つことができない。
"Load your Crossbow with a clip of icy bolts that rapidly fire at the ground, leaving a shard of ice at the impact location that arms after a duration. After arming, the ice shards explode when enemies step on them, dealing more damage the longer they have been armed, up to a maximum. Using this Skill again reloads the clip.",氷のボルトを地面に素早く放ち、着弾地点に氷のシャードを残すボルトのクリップをクロスボウに装填する。シャードは短い時間の後に展開され、展開後に敵が踏むと氷の破片が爆発し、周囲の敵にダメージを与える。展開された後長い時間が経っていれば、与えるダメージが上昇する。再装填が必要になる前に、限られた数のボルトしか放つことができない。
Rapidly fire charged bolts which release damaging pulses upon Hitting an enemy affected by a Lightning Ailment. Can fire a limited number of bolts before needing to reload.,雷系状態異常状態の敵にヒットするとダメージを与えるパルスを放つ帯電したボルトを素早く放つ。リロードが必要になるまでに放てるボルトの数には上限がある。
Load your Crossbow with a clip of charged bolts which release damaging pulses upon Hitting an enemy affected by a Lightning Ailment. Using this Skill again reloads the clip.,雷系状態異常状態の敵にヒットするとダメージを与えるパルスを放つ帯電したボルトのクリップをクロスボウに装填する。このスキルを再度使用することでクリップをリロードする。
Fire a burst of projectiles. The projectiles have a small area of damage behind where they impact enemies.,投射物を斉射する。投射物は、着弾した敵の背後の小さな範囲にダメージを与える。
"Fire flaming bolts that fragment in flight, damaging and Igniting enemies on hit, and in a small cone behind their final target. These fragments can Merge.",炎のボルトを連射する。ボルトは飛行中に破片になり、敵へのヒット時また最終ターゲットの後ろの円錐状範囲にダメージを与えると共に、発火させる。飛行中にできた破片はマージすることができる。
"Load your Crossbow with flaming bolts that fragment in flight, damaging and Igniting enemies on hit and in a small cone behind their final target. These fragments can Merge.",連射して発射できる炎のボルトをクロスボウに装填する。炎のボルトを連射する。ボルトは飛行中に破片になり、敵へのヒット時また最終ターゲットの後ろの円錐状範囲にダメージを与えると共に、発火させる。飛行中にできた破片はマージすることができる。
Fire Piercing bolts that fragment in flight. Bolts that hit a Frozen enemy Consume the Freeze and cause an explosion of ice shards. These fragments can Merge.,貫通し、飛行中に破片になるボルトを放つ。ボルトは凍結状態の敵にヒットすると、凍結を消費し、 氷の破片の爆発を発生させる。飛行中にできた破片はマージすることができる。
Load your Crossbow with Piercing bolts that fragment in flight. Bolts that hit a Frozen enemy Consume the Freeze and cause an explosion of shrapnel. Bolts that hit an Ice Crystal cause it to explode. These fragments can Merge.,貫通し、飛行中に破片になるボルトをクロスボウに装填する。ボルトが凍結状態の敵にヒットすると、凍結を消費し、 氷の破片の爆発を発生させる。または氷の結晶にボルトがヒットすると、それを爆発させる。飛行中にできた破片はマージすることができる。
"Fire icy bolts that  fragment in flight, damaging enemies on hit and in a small cone behind their final target. The icy coating on the bolts makes them extremely potent at Freezing enemies. These fragments can Merge.",飛行中に破片になる氷のボルトを放つ。敵へのヒット時および最終ターゲットの背後の円錐状範囲の敵にダメージを与える。ボルトが氷でコーティングされているため、敵を凍結させる能力が大幅に向上する。飛行中にできた破片はマージすることができる。
"Load your Crossbow with icy bolts that fragment in flight, damaging enemies on hit and in a small cone behind their final target. The icy coating on the bolts makes them extremely potent at Freezing enemies. These fragments can Merge.",飛行中に破片になる氷のボルトをクロスボウに装填する。敵へのヒット時および最終ターゲットの背後の円錐状範囲の敵にダメージを与える。ボルトが氷でコーティングされているため、敵を凍結させる能力が大幅に向上する。飛行中にできた破片はマージすることができる。
"Rapidly fire charged bolts that fragment in flight, releasing Chaining Lightning beams when they Hit enemies. Can fire a limited number of bursts before needing to reload. These fragments can Merge.",電荷を帯びたボルトを素早く放つ。ボルトは飛行中に弾片になり、敵にヒットした時に連鎖する雷を放つ。リロードが必要になるまでに放てるボルトの数には上限がある。飛行中にできた破片はマージすることができる。
"Load your Crossbow with charged bolts that fragment in flight, releasing Chaining Lightning beams when they Hit enemies. These fragments can Merge.",電荷を帯びたボルトのクリップをクロスボウに装填する。ボルトは飛行中に弾片になる。敵にヒットした時に連鎖する雷を放つ。飛行中にできた破片はマージすることができる。
Perform a fast icy Strike. Using this Attack three times in quick succession causes a final strike that is slower and more powerful.,氷のストライクを素早く行う。このアタックを連続して3回使用すると、最終ストライクはゆっくりとしたより強力な一撃となる。
"Call down a mass of ice from the sky, dealing high damage at the targeted location. Targeting close to you will cause you to jump back as you cast. Consumes a Fire Infusion if possible to cause a devastating blast of ice and fire.",上空から巨大な氷の塊を呼び寄せ、対象地点に大ダメージを与える。プレイヤーの近くを対象とした場合は、キャスト時にプレイヤーがジャンプして後ろに下がる。もし可能ならば、ファイヤーインフュージョンを消費し、氷と炎の破滅的爆発を引き起こす。
Conjure a horrific skull rising from the lightless depths to bite your enemies dealing high damage at target location and leaving Withering Ground in its wake. Targeting close to you will cause you to jump back as you cast.,光なき深淵から恐怖の頭蓋骨を呼び出し、対象とした地点の敵に嚙みつかせ高いダメージを与え、その通り道に衰弱領域を生成する。プレイヤーの近くを対象にすると、プレイヤーはキャスト時にジャンプして飛び退く。
"Deploy a Ballista Totem that rains down a salvo of Pinning, Maiming bolts.",バリスタトーテムを召喚し、敵に重傷を与える足止めのボルトをサルヴォを放たせる。
"Create a storm of arcane energies that Empowers your Mana-costing Spells while you remain inside it. Maintaining the storm constantly drains your Mana, and spending more causes it to drain faster. The storm will dissipate when you exit it or run out of Mana.",プレイヤーが中にとどまっている間にマナをコストとしスペルを強化するアーケインエネルギーの嵐を生成する。嵐を維持するためにマナを絶えず消耗し、スペルをキャストする度に消耗速度が速くなる。嵐は外に出るかマナを使い切ると消滅する。
"DNT-UNUSED Create a storm of deathly energies that Empowers your Mana-costing Spells with Cold damage while you remain inside it. Maintaining the storm constantly drains your Mana, and spending more causes it to drain faster. As the storm persists it creates slowly expanding Chilled Ground. Enemies that enter the eye of the storm are Blinded. When you leave the storm, or run out of Mana, the storm ends and unleashes a death-wave, damaging enemies on the Chilled Ground.",DNT致命的なエネルギーの嵐を生成し、プレイヤーがその中に留まっている間、冷気ダメージを与えるマナをコストとするスペルを強化する。嵐を維持するためにマナを消耗し、マナを使用するごとに消耗スピードが早くなる。嵐が持続している間、ゆっくりと広がっていく冷却領域を生成する。嵐から離れるか、またはマナが尽きると、嵐の効果が終了し、死の波動を放ち、冷却領域状の敵にダメージを与える。
"While active, conjures an icy barrier that gains stages over time. While the barrier has stages, Melee Attacks that hit you will remove a stage to cause a burst of ice that deals Cold Spell damage to the attacker.",時間経過でステージを獲得する氷のバリアを呼び出す。バリアにステージがある間、プレイヤーをヒットした近接アタックはステージを取り除き、冷気スペルダメージを攻撃者に与える氷のバーストを起こす。
"DNT-UNUSED While you channel this skill, it releases pulses of electrical energy, dealing lightning damage.",このスキルをチャネリング中、電気エネルギーのパルスを放ち、雷ダメージを与える。
Channel to Recharge Energy Shield and allow that Recharge to Overflow. Channelling ends when you take damage or your Energy Shield is fully Overflowed.,チャネリングを行い、エナジーシールドをリチャージを開始させ、そのリチャージによりエナジーシールドがオーバフローするようにする。プレイヤーがダメージを受けるか、エナジーシールドが完全にオーバーフローしたらチャネリングは終了する。
"Dash to an enemy and Strike them, Culling enemies if their life is low enough and performing additional dashing Strikes to other Cullable targets in range if your target was Culled. Each enemy killed by this strike grants a Power Charge, with higher Rarity monsters granting additional Charges. Enemies around you that can be Culled will be highlighted.",敵に向けて突進してストライクを行い、敵のライフが十分に少なければカリングストライクを与える。対象がカリングストライクを受けた場合、範囲内のカリング可能な他の対象に追加のダッシュとストライクを与える。この攻撃で倒された敵はプレイヤーにパワーチャージを付与する。レアリティが高い敵は追加のチャージを付与する。周囲にいるカリングストライクを与えられる敵はハイライトされる。
"Suffuse your Quarterstaff with electrical energy, then Slam the ground to deal damage in a large cone in front of you. Consumes your Power Charges to fire Lightning Projectiles forwards from the impact.",電気エネルギーをクォータースタッフに溜めた後、地面にスラムを行い、前方のコーン状範囲にダメージを与える。 パワーチャージを消費し、衝突地点から雷の投射物を前方に放つ。
"Uplift a volcano from the earth, damaging enemies standing on it and releasing a spray of molten Projectiles. While the volcano persists, Slamming it will cause another Projectile spray. Channelling this Skill for longer makes the initial eruption more violent, but does not affect subsequent Projectile sprays.",火山を大地から噴出させ、その上に立つ敵にダメージを与えると共に、マグマの投射物を連続して放つ。火山が持続している間、一定のインターバルで投射物を放つと共に、スラムを受けた時にも投射物を放ち続ける。スキルをより長い間チャネリングすることで最初の噴火をより強力にするが、その後に起きる投射物の噴出には影響しない。
"Activate to summon a pack of Wolf Companions. The pack treated as a single Companion for effects that count or limit Companions, regardless of the number of Wolves in the pack.",アクティベートすることでオオカミのコンパニオンの群れを召喚する。この群れは召喚したオオカミの数に関わらず、コンパニオンの効果を計算する時やコンパニオンの上限を計算する時に単一のコンパニオンとして扱われる。
"Activate to summon a cackle of Hyena Companions. The cackle is treated as a single Companion for effects that count or limit Companions, regardless of the number of Hyenas in the cackle. Hyenas whoop when they first appear, Hindering nearby enemies, and have a chance to Maim enemies they Hit.",アクティベートすることでハイエナのコンパニオンの群れを召喚する。この群れは召喚したハイエナの数に関わらず、コンパニオンの効果を計算する時やコンパニオンの上限を計算する時に単一のコンパニオンとして扱われる。ハイエナは最初に出現した時に叫び声をあげ、近くの敵を阻害し、敵にヒットした時に一定確率で重傷を付与する。
"Dash to an enemy and Strike them with an Attack that manifests a wave of cold, coating nearby enemies in shards of ice. Dealing enough damage to these enemies will shatter the shards, causing an icy explosion that deals Attack damage.",敵に向けて突進してアタックでストライクを行い、冷気の波動を出現させ、近くの敵を氷のシャードで覆う。その敵に十分なダメージを与えると、シャードが粉砕され、アタックダメージを与える氷の爆発を起こす。
"Load your Bow with a volley of enchanted arrows and fire them in a circle as you spin forward, firing directly at targets if possible. Consumes Frenzy Charges to cause the arrows to deal more damage and Chain to other targets. Each target can only be Hit once.",弓に魔力をかけられた矢を複数発装填し、それを放射状に放つと共に、前方に回転する。もし可能ならば敵に向かって直接矢を放つ。フレンジーチャージを消費し、矢のダメージを上昇させるとともに、他の敵に連鎖するようにする。それぞれの対象に一度だけヒットを与えることができる。
"Attacks with your weapon, inflicting a debuff on enemies hit by the strike. If a debuffed enemy dies while poisoned, Pestilent Strike inflicts a secondary chaos damage over time debuff on enemies around them, based on the poisons on the slain enemy. This damage is not affected by your damage modifiers.",武器で攻撃し、ストライクでヒットを受けた敵にデバフを付与する。デバフを受けた敵が毒状態で死亡した時に、ペスティレントストライクは倒した敵が持つ毒に基づいた副次的混沌継続ダメージ与えるデバフをその周囲に付与する。このダメージは使用者のダメージモッドの影響を受けない。
"Shapeshift into a Bear and rake enemies with your claws, generating Rage on Hit.",クマにシェープシフトし爪で敵を引き裂く。ヒット時に憤怒を生成する。
Make path. Slide on path. Movement skill cancel slide. Cast any other skill while sliding.,道を作りその上を滑走する。移動スキルは滑走をキャンセルする。滑走中に他のスキルをキャストする。
"Shapeshift into a Werewolf and leap to a target location, damaging enemies in an area around where you land. Predator's Mark will be Triggered targeting the highest Rarity enemy Hit, or if a Mark gem is socketed into this Skill, that Mark will be Triggered instead. Using this Skill allows any Wolf Minions you have to leap immediately.",ウェアウルフにシェープシフトし、対象とした位置にジャンプする。着地点の範囲内の敵にダメージを与える。ヒットを与えた最もレアリティの高い敵にプレデターの呪印がトリガーされるかまたは、このスキルに呪印ジェムがソケットされている場合、そのソケットされた呪印をトリガーする。このスキルを使用すると、召喚しているウルフミニオンを即座に飛びつかせる。
Call down a Shocking bolt of Lightning to strike enemies in a small area.,雷の感電を与えるボルトを呼び、狭い範囲にいる敵を攻撃する。
Strike your foes down with a powerful blow.,強力な一撃で敵を打ち倒す。
"Shapeshift into a Bear and charge forward, Slamming the ground as you run. Channelling ends after a short amount of time but can be prolonged by spending Rage.",クマにシェープシフトし、前方に突撃し、地面をスラムしながら暴れまわる。短い時間の後にチャネリングは終了するが、その時間は憤怒を使用することで延長できる。
Hurl your Spear with force. Consumes a Frenzy Charge if you have one to cause the Spear to explode at the end of its flight.,スピアを力強く投げる。フレンジーチャージを1個持っている場合、それを消費し、スピアが飛び終わった時に爆発するようにする。
"Augment yourself with temporal magic for a short duration, Empowering the next Repeatable Spell you cast to Repeat multiple times. Cannot Empower Skills with a Cooldown.",短い間、自身に時空の魔法を纏い、次にプレイヤーがキャストする繰り返し可能スペルを強化し、複数回繰り返すようにする。クールダウンを持つスキルは強化できない。
"Conjure a thunderstorm which causes lightning strikes and torrential rain in an area. Enemies in the area are Drenched, causing them to become Shocked or Frozen more easily. Plants in the area become Overgrown.",雷を降らし、雨の奔流を放つ雷雲を呼び出す。範囲内の敵は水浸しになり、容易に感電および凍結させやすくなる。範囲内の植物は生い茂るようになる。
"The enemy's Corpse violently explodes, dealing Fire damage in an area around it.",敵の死体が激しく爆発し、その周囲の範囲に火ダメージを与える。
"Shapeshift into a Bear and Slam the ground with great force, causing a pair of shockwaves. Can spend Rage to create larger shockwaves that leave behind Jagged Ground.",クマにシェープシフトして地面を力強くスラムし、対となるショックウェーブを放つ。憤怒を消費し、巨大なショックウェーブを発生させ、ギザギザ領域を残す。
"Shapeshift into a Bear and roar in defiance, immediately gaining Rage if there are enemies nearby and Empowering subsequent Attacks to Break Armour. Alternatively, socketing a human-form Warcry into this Skill triggers that Warcry instead, and augments its damage and area. This Skill's cooldown can be bypassed by expending an Endurance Charge.",クマにシェープシフトして反抗の唸り声を上げる。近くに敵がいれば、即座に憤怒を獲得し、次に行うアタックを強化し、アーマー破壊するようにする。または別の人間形態で使用するウォークライをこのスキルにソケットすることで代わりにそのウォークライをトリガーするようになり、ダメージと範囲を強化する。このスキルのクールダウンはエンデュランスチャージを1個使用することでバイパスできる。
"While active, gains Energy when you Shock enemies and triggers socketed spells on reaching maximum Energy.",アクティブ中、敵を感電させた時にエネルギーを獲得し、エネルギーが最大になった時にソケットされたスペルをトリガーする。
"While active, gains Energy when you Freeze enemies and triggers socketed spells on reaching maximum Energy.",アクティブ中、敵を凍結した時にエネルギーを獲得し、エネルギーが最大になった時にソケットされたスペルをトリガーする。
"While active, gains Energy when you Ignite enemies and triggers socketed spells on reaching maximum Energy.",アクティブ中、敵を発火した時にエネルギーを獲得し、エネルギーが最大になった時にソケットされたスペルをトリガーする。
"While active, gains Energy when you Freeze, Shock, or Ignite enemies, and triggers socketed spells on reaching maximum Energy.",アクティブ中、敵を凍結、感電または発火させた時にエネルギーを獲得し、エネルギーが最大になった時にソケットされたスペルをトリガーする。
"While active, gains Energy when you kill enemies with Melee Attacks and triggers socketed spells on reaching maximum Energy.",アクティブ中、敵を近接アタックで敵をキルした時にエネルギーを獲得し、エネルギーが最大になった時にソケットされたスペルをトリガーする。
"While active, gains Energy when you are Stunned and triggers socketed spells on reaching maximum Energy.",アクティブ中、スタンを受けた時にエネルギーを獲得し、エネルギーが最大になった時にソケットされたスペルをトリガーする。
"While active, gains Energy when you take damage and triggers socketed spells on reaching maximum Energy.",アクティブ中、ダメージを受けた時にエネルギーを獲得し、エネルギーが最大になった時にソケットされたスペルをトリガーする。
"While active, gains Energy when you Critically Hit enemies and triggers socketed Spells on reaching maximum Energy.",アクティブ中、クリティカルヒット時にエネルギーを獲得し、エネルギーが最大になった時にソケットされたスペルをトリガーする。
"While active, gains Energy when your Energy Shield is damaged by Enemy Hits. Using the Invocation once sufficient Energy is gathered will consume the Energy to trigger socketed Spells, and can trigger them multiple times if it has enough Energy.",アクティブ中、敵からのヒットによりエナジーシールドがダメージを受けた時にエネルギーを獲得する。十分なエネルギーが集まってからインボケーションを使用することで、エネルギーを消費し、ソケットされたスペルをトリガーする。十分なエネルギーがあれば、スペルを複数回トリガーすることができる。
"While active, gains Energy when you dodge roll and triggers socketed spells on reaching maximum Energy.",アクティブ中、ドッジロールを行った時にエネルギーを獲得し、エネルギーが最大になった時にソケットされたスペルをトリガーする。
"While active, gains Energy while you're channelling a skill and triggers socketed spells on reaching maximum Energy.",チャネリング中キャストはチャネリング中にエネルギーを獲得する。エネルギーが最大になった時にソケットされたすべてのスペルをトリガーする。
"While active, gains Energy when you Stun enemies with Melee Attacks and triggers socketed spells on reaching maximum Energy.",近接スタン時キャストは近接アタックで敵をスタンさせたときにエネルギーを獲得する。エネルギーが最大になった時にソケットされたすべてのスペルをトリガーする。
"While active, creates a short-lived illusory copy of yourself whenever you dodge roll. The copy can be damaged by enemies, and copies that are destroyed by an enemy will drop a Remnant that grants you a Power Charge on pickup.",ドッジロールするたびに、プレイヤー自身の幻影のコピーを短時間の生成する。コピーは敵からダメージを受けることができ、破壊されるとプレイヤーにパワーチャージを付与するレムナントをドロップする。
"While active, creates a short-lived illusory copy of yourself whenever you dodge roll. The copy can be damaged by enemies, and copies that are destroyed by an enemy will cause damaging explosions. Copies created this way have 1 Life.",アクティブ中、ドッジロールをしたときは常に、短命の自らの幻影のコピーを生成する。コピーは敵からダメージを受けることができ、敵によって破壊されたコピーはダメージを与える爆発を起こす。この方法で生成されたコピーは1のライフを持つ。
"While active, causes you to periodically gain Ghost Shrouds. If you are Hit while you have a Ghost Shroud, it is immediately consumed to recover Energy Shield based on your Evasion.",定期的にゴーストシュラウドを獲得する。ゴーストシュラウドがある時にヒットを受けると、ゴーストシュラウドを即座に消費し、回避力に基づいてエナジーシールドを回復する。
"Capture the spirit of a defeated monster, transforming this gem to instead allow you to summon the monster's ghost as a Reviving Minion.",倒したモンスターの魂を捕獲しこのジェムに変異させ、モンスターの亡霊を復活するミニオンとして召喚できるようにする。
Gain Stealth after not using Skills or being Hit for a short time.,短時間スキルを使用しなかった、または攻撃を受けなかった場合にステルスを獲得する。
Clear your active Bolt and reload any ammunition.,アクティブなボルトを取り除き、弾薬を再装填する。
"Summon a Reviving Companion to aid you in combat. The Mercenary will use socketed Attacks, and can be given equipment in the Skills Panel.",戦闘を支援する復活するコンパニオンを召喚する。マーセナリーはソケットされたアタックを使用し、スキルパネルで装備を変更することができる。
Fire a bouncing Grenade that unleashes a devastating fiery blast when its fuse expires.,フューズが切れた時に壊滅的な爆風を巻き起こす、跳ねるグレネードを放つ。
"Fire a bouncing Grenade that unleashes a Blinding, Stunning explosion when its fuse expires.",フューズが切れた時に盲目にさせスタンさせる爆発を起こす、跳ねるグレネードを放つ。
"Fire a bouncing Grenade that causes a burst of Poison gas when its fuse expires, damaging enemies and leaving behind a growing Poison cloud. Burning effects or Detonator skills will cause the cloud to explode in a fiery blast.",フューズが切れた時に毒ガスの爆発を引き起こし、敵にダメージを与え成長する毒雲を残す、跳ねるグレネードを放つ。燃焼効果または起爆スキルは雲を爆発させ、火の爆風を引き起こす。
"Fire a bouncing Grenade that bursts in a spray of Oil when the fuse expires or when it impacts an Enemy, dealing minimal damage but covering the ground and nearby enemies in Oil. Oil created this way can be Ignited by Detonator Skills or Ignited Ground.",フューズが切れた時または敵と接触した時に爆発しオイルをまき散らす跳躍するグレネードを放つ。そのグレネードの爆発は最小のダメージしか与えないが、近くの敵と地面をオイルで覆い、近くの敵をオイル塗れにする。この方法で生成されたオイルは起爆スキルまたは燃焼領域で発火させることができる。
Attacks with a bouncing bomb that explodes on hit.,爆発を起こし、燃焼領域が生成する、跳ねる爆弾を遅れて放つ。
"Fire a bouncing Grenade that discharges an Electrocuting Lightning blast when its fuse expires, causing all Lightning Hits against enemies to contribute to Electrocution buildup for a duration.",フューズが切れた時に麻痺を引き起こす雷の爆発を放出する、跳ねるグレネードを放つ。敵に対する全ての雷ヒットダメージが一定時間麻痺蓄積に寄与できるようにする。
Revive a fallen Skeleton,フォールンスケルトンを復活させる
"Skewer a Skeleton on a bone spike to send nearby Minions into a frenzy as long as the spike remains, making their skills faster and harder hitting.
The bone spike is itself a Minion. If it dies, the effect ends immediately.",骨のスパイクでスケルトンを串刺しにすることでスパイクが残っている間近くのミニオンを狂乱状態にし、そのスキル使用を素早くし、ダメージを上昇させる。骨のスパイク自体もミニオンで、もし、スパイクが死亡した場合、その効果はすぐに終了する。
A Slam that causes Aftershocks when hitting an Immobilised enemy.,固定された敵をヒットすると余波を引き起こすスラム。
"Enrage all Skeletal Reavers, causing them to lose life over time and gain Rage on hit.",すべてのスケルトンリーバーを激怒させ、時間の経過とともにライフを失わせるが、ヒット時に憤怒を獲得するようにする。
"Rain an arrow down from above, creating a cloud of flammable poisonous gas where it lands. The cloud will detonate if hit by a Detonator skill or if an Ignited enemy touches it, creating a fiery explosion.",上空から矢を降らせ、着地した場所に可燃性の毒ガスの雲を発生させる。雲は起爆スキルによるヒットを受けるか、発火状態の敵が雲に触れると、雲は爆破し、炎の爆発を引き起こす。
"The Azmerian Wolf howls, reaching out to the spirits to begin an Eternal Hunt. While the Eternal Hunt persists, spirits manifest as spectral wolves to ambush foes, damaging and Maiming enemies they Hit before disappearing.",アズメリのオオカミが遠吠えを行い、精霊にエターナルハントを行うよう訴える。エターナルハントが続いている間、精霊がスペクトラルウルフを出現させる。スピリットウルフは敵を奇襲し、ダメージを与えると共にヒットを与えた敵に重傷を付与した後に消滅する。
"Lightning bolts strike all fallen Skeletons in the area, creating Shocked Ground around them.",範囲内の倒れているスケルトンを雷のボルトで攻撃し、その周囲に感電領域を生成する。
"Detonate an allied Minion whose current Life is below a threshold, dealing heavy Attack damage to nearby enemies.",閾値未満のライフの味方のミニオンを起爆し、周囲の敵に膨大なアタックダメージを与える。
"Command Navira to bolster your Energy Shield, causing it to begin Recharging immediately and granting you increased Energy Shield Recharge Rate for a duration.",ナヴィラにコマンドし、プレイヤーのエナジーシールドをブーストし、即座にリチャージが開始するようにする。また一定時間エナジーシールドリチャージレートの増加を付与する。
"When you Command Navira to use a Skill, she also emits a restorative wave that grants you and any other Allies it touches increased Mana Regeneration for a short duration.",ナヴィラにスキルを使用するようコマンドした時に、ナヴィラは波動を放ち、それに触れたプレイヤーと他の味方に短い時間マナ自動回復増加を付与する。
"Perform a series of aggressive Strikes. When used in quick succession, the third use Strikes three times, and the fourth use performs a Final Strike that calls down a powerful Shocking bolt.",連続してストライク攻撃を行う。連続で使用すると、3回目の使用時には3連続のストライク攻撃を行う。4回目の使用時には感電させる強力な稲妻を呼び寄せる最終ストライクとなる。
"Dash to an enemy and Strike them, instantly Heavily Stunning enemies which are Primed for Stun and performing additional dashing Strikes to other Primed targets in range if your first target was Stunned. Heavy Stunning an enemy with this Skill grants you a Buff that causes your Quarterstaff Attacks to also fire Projectiles for a short duration. Heavy Stunning additional enemies adds to the Buff's duration.",敵に向かってダッシュし、ストライクする。スタン寸前の敵を即座にヘビースタンさせる。最初の対象がヘビースタンを受けた場合、範囲内のスタン寸前の他の対象に追加のダッシュとストライクを与える。このスキルで敵をヘビースタンすると、クォータースタッフアタックが短時間投射物も放つようになるバフを得る。さらに敵をヘビースタンさせることでバフの持続時間が追加される。
"Consume all Power Charges to charge your Quarterstaff with electricity, adding Lightning damage and a Lightning shockwave to your Quarterstaff Attacks. Reusing this skill while the Buff is active adds to the Buff's duration and damage.",すべてのパワーチャージを消費してクォータースタッフに電気を注入し、雷ダメージおよび雷の衝撃波をクォータースタッフのアタックに追加する。バフがアクティブな間にスキルを再使用すると、バフの持続時間とダメージを追加する。
"Dash to a target and Strike them with your Quarterstaff. If the target is Shocked, Consume their Shock to release a Lightning shockwave around the target and grant you a Power Charge. This skill cannot be Ancestrally Boosted.",対象に向かってダッシュしクォータースタッフでストライクする。対象が感電状態の場合、感電を消費して対象の周囲に雷の衝撃波を放ち、プレイヤーにパワーチャージを付与する。このスキルは先祖の加護を得ることができない。
"Build Combo by successfully Striking Enemies with other skills. After reaching maximum Combo, use this skill to cause the Bell on your staff to grow to massive size as you drop it on the ground. The Bell damages enemies on impact and can be Hit by your skills, creating a damaging shockwave. Elemental Ailments applied to the Bell cause its shockwaves to deal extra damage of the corresponding type, and Hits which would have caused Knockback increase the area of effect of the shockwaves.",他のスキルで敵へのストライクに成功することでコンボを構築する。最大コンボに達した後、このスキルを使用し、スタッフにつけた鐘を地面に置き巨大なサイズに成長するようにする。鐘は衝突時に敵にダメージを与えると共に、スキルによってヒット可能で、その鐘はダメージを与える衝撃波を放つ。鐘に元素系状態異常を付与すると、その衝撃波は対応する属性の追加ダメージを与える。ノックバックを与えるはずだったヒットは衝撃波の効果範囲を増やす。
Direct your permanent minions to attack a target or move to a location.,永続ミニオンに命令し、対象を攻撃または指定地点まで移動させる。
Leap backward and crack the ground with your staff to call forth an Ice Crystal which can be damaged by you and enemies. If the Crystal is destroyed it causes an icy explosion. This skill can be used while using other skills.,後ろに飛んで下がってスタッフで地面を叩き、氷の結晶を呼び出す。氷の結晶はプレイヤーおよび敵によってダメージ受けることがある。氷の結晶が破壊された場合、氷の爆発を起こす。このスキルは他のスキルを使用している時に使用することができる。
"Channel to conjure a swarm of bone spikes in the air, then release to fire them at enemies and explode. Shrapnel Impales enemies Hit, causing subsequent Attack Hits against those targets to deal extra damage. Consumes your Power Charges to cause much larger explosions.",チャネリングして空中に骨のスパイクの群れを呼び出し、敵に向けて解き放ち爆発させる。弾片はヒットを与えた敵を串刺しにし、その対象に対する次に行うアタックで追加のダメージを与えられるようにする。パワーチャージを消費することで、さらに巨大な爆発を引き起こすようになる。
"Raise a ring of bone spikes around you. The spikes are destroyed when enemies touch them, damaging and Pinning those enemies. Raising a new ring of spikes destroys the previous one.",プレイヤーの周囲に環状に骨のスパイクを呼び出す。敵が触れるとスパイクは破壊され、周囲の敵にダメージを与え足止めする。新しく骨のスパイクを呼び出すと、以前生成していたものは破壊される。
Consume Corpses in an area,エリア内の死体を消費する。
"Raise spikes of bone from the earth in front of you, damaging enemies. The bones of Corpses and dead Reviving Minions in the area are ripped out and reassembled into short-lived Bone Construct Minions that fight for you. Larger Corpses create more than one Bone Construct.",前方の地面から骨の釘を呼び出し敵にダメージを与える。エリア内の死体の骨および死亡した復活するミニオンの骨は引き抜かれ、骨で構成された短命のボーンコンストラクトミニオンとなり、プレイヤーのために戦う。巨大な死体は1体以上のボーンコンストラクトを生成する。
"Channel to charge up before firing off a burning arrow. At maximum stages, the arrow will create a Detonating explosion at the end of its flight.",チャネリングし、力を貯め、その後燃焼する矢を放つ。最大チャージに達すると、矢は飛行の最期で起爆し、その周囲の範囲を爆発させる。
"Fire a virulent arrow that creates a burst of Poison on hit, affecting all enemies in an area.",有毒な矢を放ち、ヒット時に毒の爆発を発生させ、範囲内の全ての敵に影響を与える。
"Fire a rain of Toxic Pustules into the air. The Pustules deal damage on impact, then Detonate after a delay. They can also be Poisoned, causing them to Detonate faster and more violently.",有毒な膿疱矢の雨を上空に放つ。膿疱は着弾時にダメージを与え、短い遅延の後に爆発する。膿疱には毒を付与でき、それによりより速く、より激しく爆発させられるようになる。
"Fire an arrow that embeds where it lands for a short duration. At the end of the duration, a Lightning Bolt strikes the arrow, disintegrating it and damaging enemies, with a high chance to Shock. Shocking any enemy with the Bolt also applies Shock to all enemies near the impact.",着弾箇所に短い持続時間の間、残る矢を放つ。持続時間の終わりに、雷の稲妻が矢に落雷し、その矢を分解し、敵にダメージを与え、高い確率で感電を引き起こす。落雷により生じた感電は落雷地点の近くにいる敵に伝染する。
"Fires an arrow that embeds where it lands for a short duration. At the end of the duration, the arrow explodes in spectral flame, turning it to ashes and damaging enemies, with a high chance to Ignite. Igniting any enemy with the Explosion also applies Ignite to enemies within range.",着弾箇所に短い持続時間の間、残る矢を放つ。持続時間の終わりに、スペクトラルの炎を出し爆発し、矢は灰となり敵にダメージを与える。高い確率で敵を発火させる。爆発で敵を発火させると範囲内の他の敵にも発火を付与する。
"Fire an arrow that drops from above, creating a Lightning burst. The arrow remains in the ground, and any Chaining Lightning beams can Chain to it. When Chained to, the arrows charge up for a brief period before releasing another Lightning burst. The Lightning Arrow Skill reduces this delay, causing bursts to happen more quickly.",上空から落ちてくる矢を放ち、雷の爆発を引き起こす。矢は地面に残り、連鎖する雷のビームは矢に連鎖できる。連鎖した時に矢は短い時間の後に別の雷の爆発を引き起こす。ライトニングアロースキルはこの遅延を減少させ、より高頻度に爆発が起きるようにする。
"Fire a noxious arrow at the ground, creating a cloud of flammable poisonous gas at the end of its flight. The cloud will detonate if hit by a Detonator skill or if an Ignited enemy touches it, creating a fiery explosion.",毒ガスの矢を地面に放ち、飛行の最後に可燃性の有毒ガスの雲を発生させる。雲は、起爆スキルのヒットを受けるか、発火状態の敵が触れると起爆し、炎の爆発を発生する。
"Fire a hail of arrows into the air, causing them to rain from above. Consumes a Frenzy Charge to fire more arrows.",空中に向け矢を放ち、上空から矢の雨を降らせる。 フレンジーチャージを1個消費してより多くの矢を放つ。
Create a fiery Orb that periodically releases fiery pulses. Enemies that are very close to the Orb are Ignited. Flameblast can target a Solar Orb to be centred on the Orb instead of your location.,定期的に火のパルスを放出する火のオーブを生成する。 オーブに非常に近い敵は発火も受ける。フレイムブラストはソーラーオーブを対象にすることができ、プレイヤーの位置ではなく、オーブを中心としてスペルを発動することができる。
Launch a large ball of Fire which explodes on impact. The explosion Consumes a Fire Infusion if possible to launch a ring of smaller firebolts.,巨大な火の玉を放つ。玉は着弾時に爆発する。もし可能ならば、ファイヤーインフュージョンを消費し、小さなファイヤーボルトをリング状に放つ。
"While active, stores a portion of the Poison Damage you deal. Using this Skill unleashes the stored Poison to damage and Poison enemies around you.",アクティブ中、与えた全ての毒ダメージの一部を蓄える。このスキルを使用すると、蓄えられた毒を解き放ち、プレイヤーの周囲の敵に毒を付与する。
"Fire an electrifying arrow that explodes in an Area on Hit. Hitting an enemy will attach an Electrocuting Rod to them, causing all incoming Lightning damage to build up Electrocution. This rod is removed when the enemy is next Electrocuted.",ヒット 時に範囲を持つ爆発を行う、電荷を帯びた矢を放つ。ヒットした敵に、麻痺ロッドが取り付けられ、その後に受けるすべての雷ダメージが麻痺蓄積を引き起こす。ロッドは、敵が次に麻痺状態となると取り除かれる。
"Consume the elemental energy from a Frozen, Shocked or Ignited enemy, creating an elemental blast that leaves behind an Infusion Remnant. The blast will spread to other enemies affected by the same Ailment, but those blasts cannot spread further. Can also be cast on a Frostbolt to create a larger cold blast.",凍結、感電または発火状態の敵から元素のエネルギーを消費し、元素の爆発を起こし、インフュージョンレムナントを残す。爆発は同じ種類の状態異常の影響を受けている他の敵にも伝染するが、その敵からさらには伝染しない。フロストボルトにキャストして巨大な氷の爆発を起こすこともできる。
Channel to charge up your weapon with Fire. Releasing with Perfect Timing will create a damaging wave of intense Fire.,チャネリングして炎の力で武器をチャージする。完璧なタイミングでリリースするとダメージを与える強力な炎の波が放たれる。
"Raise your Shield to Block all incoming Blockable hits. Release immediately after Blocking when an enemy is close to perform a Shield Bash, damaging and Stunning enemies. While your Shield is raised you cannot be Light Stunned by hits you Block, but Blocking too much damage may Heavy Stun you. You cannot Evade while your Shield is raised, but Evasion instead grants an equal chance to avoid this Heavy Stun buildup.",盾を構え、受けるブロック可能な全てのヒットをブロックする。敵が近くにいる時に、ブロックした直後にボタンを放すことで、シールドバッシュを行い、敵にダメージを与えスタンさせる。盾を構えている間ブロックしたヒットによりライトスタンを受けることがないが、ブロックしたヒットのダメージがあまりに大きすぎるとヘビースタンすることがある。盾を構えている間、回避率は代わりに同じ確率でヘビースタン蓄積を無効化する確率を付与する。
"Repeatedly hammer your Shield with your weapon causing damaging shockwaves in an area around you. Enemies hit by the shockwave lose Armour for a duration. While Channelling Resonating Shield, your Shield is raised and you will Block all incoming Blockable hits.",盾を武器で繰り返し打ち付け、ダメージを与える衝撃波はプレイヤーの周囲の範囲に発生させる。衝撃波によるヒットを受けた敵は、アーマーを短い間失う。レゾネーティングシールドをチャネリング中は、盾は掲げられた状態になり、受けるブロック可能なヒットを全てブロックする。
"Conjure surging arcane energy to restore your Mana. While active, enemies you kill affected by Elemental Ailments have a chance to spawn a Mana Remnant, and Critically Hitting a target with Elemental Ailments spawns a Mana Remnant every few seconds. Picking up a Mana Remnant grants you Mana which can Overflow maximum Mana.",雷の高まりを呼び起こし、マナを回復させる。アクティブ中、プレイヤーが元素系状態異常状態の敵をキルすると一定確率でマナレムナントをスポーンし、またプレイヤーが元素系状態異常状態の敵にクリティカルヒットを与えると数秒ごとにマナレムナントをスポーンするようにする。マナレムナントを拾うと、プレイヤーにマナを付与し、最大マナをオーバーフローすることができる。
"Conjure hateful energy to fuel your Rage and Life. While active, Bleeding enemies you kill have a chance to spawn a Hateful Remnant, and Hitting a Bleeding target spawns a Hateful Remnant every few seconds. Picking up a Hateful Remnant grants you Rage and recovers Life based on your current Rage.",憎しみに満ちたエネルギーを呼び出し、憤怒とライフの燃料にする。アクティブ中、プレイヤーが倒した出血状態の敵は一定確率で憎しみのレムナントをスポーンさせ、出血状態の対象にヒットを与えると数秒ごとに憎しみのレムナントをスポーンさせる。憎しみのレムナントを拾うと、プレイヤーに憤怒を付与し、現在の憤怒の数値に応じてライフを回復する。
"While active, increases your Block Chance passively and imbues your Shield with lava over time. When fully imbued, your next Block with your Shield raised will expend the lava to Trigger the Magma Spray skill and grant you an Endurance Charge.",アクティブ中、受動的にブロックする確率を増加させ、盾に時間をかけてマグマを注入する。マグマを完全に注入すると、次回盾を掲げてブロックを行った時に、マグマを使用しマグマスプレイスキルをトリガーし、プレイヤーにエンデュランスチャージを付与する。
Perform an Unarmed Strike.,素手状態でストライクを与える。
Strike with your Quarterstaff.,クォータースタッフでストライクを与える。
Strike with your Flail.,フレイルでストライクを与える。
Strike with your Sword.,剣でストライクを与える。
Strike with your Swords.,剣でストライクを与える。
Strike with your Axe.,斧でストライクを与える。
Strike with your Axes.,斧でストライクを与える。
Strike with your Mace.,メイスでストライクを与える。
Strike with your Maces.,メイスでストライクを与える。
Strike with your Claw.,鉤爪でストライクを与える。
Strike with your Claws.,鉤爪でストライクを与える。
Strike with your Dagger.,短剣でストライクを与える。
Strike with your Daggers.,短剣でストライクを与える。
Strike with your Spear.,スピアでストライクを与える。
Fire an arrow with your Bow.,弓で矢を放つ。
Fire a bolt from your crossbow.,クロスボウでボルトを放つ。
Fire a bouncing Grenade that unleashes a shrapnel blast when its fuse expires.,跳躍するグレネードを放ち、それはフューズが切れると爆発し、破片を放つ。
Strike your foes down with a powerful blow using a melee weapon.,近接武器を使用し、敵に強力な一撃を与える。
"Jump into the air, damaging enemies where you land.",空中にジャンプし、着地点にいる敵にダメージを与える。
Launch a fiery Projectile towards a target.,対象に向かって火の投射物を放つ。
"Raise a Totem that Slams the ground around it, repeatedly damaging nearby enemies. Jagged Ground erupts when hit by this Slam, damaging enemies standing on it. The Totem cannot create Jagged Ground. This Skill can be used while Shapeshifted.",トーテムを立て、その周囲の地面にスラムを行わさせ、近くの敵に繰り返しダメージを与える。ギザギザ領域はこのスラムにヒットされた時に噴出し、その中に立つ敵にダメージを与える。トーテム自体はギザギザ領域を生成できない。このスキルはシェープシフト状態で使用することができる。
Launch icy Projectiles in a sweeping arc. Multiple Projectiles can hit the same enemy.,氷の投射物を円弧状に放つ。複数の投射物が同一の敵にヒットできる。
"Fire an arrow into the air that lands after a short delay, damaging enemies and causing a plant to spring up at the impact location. The plant sprouts vines that latch onto nearby enemies, Slowing their movement speed and dealing Chaos damage over time. The plant can be Poisoned, causing it to deal more damage.",短い遅延の後に地面に着弾する矢を空中に放つ。着弾地点に植物が成長する。この植物は蔓を伸ばして近くの敵に絡みつき、敵の移動スピードを減速させ、混沌継続ダメージを与える。その植物は、毒状態にすることができ、与えるダメージが上昇する。
"Harnesses a Companion Rhoa you can mount while you're wielding a Bow or Spear. While mounted you can use Bow, thrown Spear, and Mark Skills, and are much less slowed while using Skills, but being Hit will cause Heavy Stun buildup. While you aren't mounted, the Rhoa will attack your enemies alongside you with its beak, but can be damaged.",弓またはスピア装備中にマウント可能なコンパニオンのロアを召喚する。ロアにマウント中は弓とスピア投げおよび呪印スキルしか使用できないが、スキルの使用による減速がより少なくなる。マウント中にヒットを受けると、ヘビースタン蓄積が貯まる。マウントしていない時にロアはそのくちばしでプレイヤーと共に戦い、ダメージを受けることがある。
"Triggered when an enemy Poisoned by a supported skill dies, dealing Physical damage around them based on the built-up Plague.",サポートされたスキルで毒を付与された敵が死亡した時にトリガーされ、蓄積した病毒値に基づいて周囲に物理ダメージを与える。
"Consume a Corpse to create a cloud of flammable Poisonous gas. Any Burning effects or Detonator skills will explode the gas cloud, creating a fiery explosion.",死体を消費し可燃性の毒ガスの雲を生成する。燃焼効果および起爆スキルがこの毒の雲を爆破し、火の爆発を生成する。
"While active, Fire Spells you use yourself will also summon Raging Spirits, which are short-lived flaming skulls that rush at nearby enemies and rapidly Attack them, ignoring commands. Enemies will not directly engage these Minions, and can pass through them.",アクティブ中、プレイヤーが火スペルを使用するとレイジングスピリットも召喚するようになる。レイジングスピリットは短命の炎を纏ったドクロで近くの敵に突撃し、素早いアタックを行う。プレイヤーからのコマンドを無視する。敵はこのミニオンを直接攻撃の対象とはせず、レイジングスピリットを通り抜けることができる。
"Triggered when supported skill Consumes Ignite, Shock, or Freeze, to deal damage of Types matching the Consumed Ailments.",サポートされたスキルが発火、感電または凍結を消費した時にトリガーされ、消費した状態異常と一致する元素属性のダメージを与える。
Triggered when supported skill is boosted by an Elemental Ground Surface to deal damage of the matching Element.,サポートされたスキルが元素領域効果によってブーストされた時にトリガーされ、対応する元素属性のダメージを与える。
"Whip up a twister with a flick of your Spear. The twister moves forward erratically, Blinding and repeatedly Hitting enemies within. If a twister touches a Whirlwind from your other skills, it Consumes the Whirlwind to create additional twisters that deal more damage. Passing over Elemental Ground Surfaces or Consuming an elemental Whirlwind will grant twisters extra damage of that element.",スピアを一振りして、ツイスターを巻き起こす。ツイスターは不規則に前方に移動し、その中にいる敵を盲目にし、繰り返しヒットを与える。ツイスターが他のスキルによるワールウィンドに接触すると、ワールウィンドを消費し、追加のツイスターを生成しより大きなダメージを与える。元素領域効果の上を通り過ぎるか、元素属性を帯びたワールウィンドを消費すると、ツイスターに対応した元素属性の追加ダメージを付与することができる。
"Hurl a single payload Spear that pierces through enemies and lodges in terrain where it lands. The Spear will explode at the end of its Detonation Time or if Detonated. Consumes a Frenzy Charge if you have one to explode immediately, dealing more damage in a cross-shaped area and creating Ignited Ground.",ペイロードとなるスピアを放ち、そのスピアは敵を貫通し着地した地点に刺さる。スピアは起爆時間が経過するか起爆されるかした時に爆発する。フレンジーチャージをもし1個持っていればそれを消費し、即座に爆発するようになり、十字の形の範囲にダメージを与え、発火領域を残す。
"Dash to an enemy and nullify their Resistance. Hitting an enemy with positive Elemental Resistance will reduce their highest Elemental Resistance to 0 for a duration and triggers Infuse Weapon, granting your Spear the maximum possible Surges corresponding to the removed Resistance. If this skill doesn't remove any Resistances, its cooldown is reset. This skill cannot be Ancestrally Boosted.",敵に向かってダッシュし、敵の耐性を弱体化させる。プラスの元素耐性の値を持つ敵にヒットを与えると、短い間その敵の最も高い属性の元素耐性を0にまで下げ、インフューズウェポンをトリガーし、プレイヤーのスピアに下げた元素属性と対応する元素属性のサージを最大量付与する。もしこのスキルが敵の耐性を下げなければ、そのクールダウンはリセットされる。このスキルは先祖の加護を受けることができない。
"Leap into the air and plunge your Spear into the ground at the target location, emitting a Lightning-charged shockwave.",空中に飛び上がり、対象とした地点の地面にスピアを刺し、雷を帯びたショックウェーブを放つ。
"While active, periodically grants stages of a buff that gives you more Evasion per stage. Being Hit by an Enemy while you have this buff consumes all stages to damage and Knock Back enemies around you.",ステージごとに回避力が上昇するバフを付与する。このバフを持っている時に敵からヒットを受けると、すべてのステージを消費して周囲の敵にダメージを与えてノックバックする。
"Mark a Corpse with a profane rune, dealing Chaos damage over time to nearby enemies. When the ritual is complete the Corpse is consumed and you gain a Power Charge.",死体に不浄のルーンをマークし、近くの敵に継続混沌ダメージを与え。儀式が完了すると、死体が消費され、パワーチャージを獲得する。
"Skewer a Skeleton on a bone spike, granting you a powerful Spell damage Buff as long as the spike remains. Does not affect your Minions.
The bone spike is itself a Minion. If it dies, the effect ends immediately.",骨のスパイクでスケルトンを串刺しにすることで、スパイクが持続する間、強力なスペルダメージのバフをプレイヤーに付与する。ミニオンには影響を与えない。骨のスパイク自体もミニオンである。それが死亡した場合、その効果は即座に終了する。
Raise a Totem that bombards enemies afflicted by Chaos damage over time Debuffs.,混沌継続ダメージのデバフを受けている敵を攻撃するトーテムを呼び出す。
"Fire a Projectile at every nearby enemy that is afflicted by a Chaos damage over time Debuff. Fires multiple Projectiles at enemies afflicted by multiple Debuffs, but Projectile count cannot be otherwise modified.",混沌継続ダメージのデバフを受けている周囲のすべての敵に対して投射物を放つ。複数のデバフを受けている敵に対しては複数の投射物を放つが、投射物の数は他の方法で変更できない。
Crystallises the air into icy shards that explode outwards when they hit the ground.,空気を結晶化して地面にヒットすると爆発する氷の破片にする。
"While active, your Reviving Minions store a percentage of their maximum Life in a collectible Grim Remnant on death. Using Grim Resurrection Consumes the Life you've collected to Revive up to that much total Life of dead Minions.",アクティブ中、プレイヤーの復活するミニオンは死亡時にその最大ライフの一定割合を収集可能なグリムレムナントの中に保存する。グリムレザレクションを使用すると、プレイヤーが収集したライフを消費し、死亡したミニオンのその数値と同等の量のライフを復活させる。
"Turn socketed Curse skills into vile Auras, applying their effects to all nearby enemies.",ソケットされたすべての呪いスキルを凶悪なオーラに変化させ、その効果を近くのすべての敵に適用する。
"While active, gains Energy when one of your Persistent Minions is Killed, and triggers socketed Spells upon reaching maximum Energy. Very underlevelled Minions will incur an Energy generation penalty. Cannot socket Spells which create Minions.",アクティブ中、プレイヤーの永続ミニオン1体が死亡するとエネルギーを獲得し、最大エネルギーに達するとソケットされたスペルをトリガーする。ミニオンのレベルが低すぎるとエネルギー生成ペナルティを受けることがある。ミニオンを生成するスペルはソケットできない。
"While active, uses fragments of armour scavenged from enemies to bolster your own. Fully Breaking an enemy's Armour grants you stacks of Scavenged Plating for a duration based on the enemy's Rarity, and you gain Armour and Thorns per stack. Normal enemies grant 1 stack, Magic enemies grant 2 stacks, Rare enemies grant 5 stacks and Unique enemies grant 10 stacks.",アクティブ中、敵から集めた鎧の破片を使用してプレイヤーの鎧を補強する。敵のアーマーを完全に破壊した時に、敵のレアリティに応じた持続時間の間、スカベンジドプレーティングのスタックをプレイヤーに付与し、スタックごとにアーマーと棘を獲得する。ノーマルの敵は1スタック、マジックの敵は2スタック、レアの敵は5スタック、ユニークの敵は10スタック付与する。
"Leech Mana from an enemy over a prolonged period, as well as briefly Hindering them.",敵から長時間かけてマナをリーチし、また敵に阻害も付与する。
"Conjure a circle of ritual inscriptions that last for a short duration. When the duration ends, spikes of bone erupt from enemies in the area, damaging them and potentially causing Bleeding.",短期間持続する儀式の碑文を円状に呼び出す。持続時間が終了すると、エリア内の敵から骨のスパイクが噴出する。敵に出血を付与する確率を持つ。
"While active, replaces your dodge roll with a short-cooldown Spell that allows you to tunnel through space, instantly reappearing a medium distance away.",ドッジロールを短いクールダウンを持つスペルに置き換え、空間をトンネルで通り抜け、中距離から即座に再出現が可能になる。
"Replaces your dodge roll with an explosive-assisted leap, firing off a round from your prosthetic cannon leg that Blinds and Ignites enemies in the area you escape from. The explosion will cause any Grenades in its area of effect to also explode.",ドッジロールを爆発物の助けを借りた跳躍に置き換える。義足の大砲の脚から、飛び退いた元いた場所の範囲の敵に盲目にし発火させる砲弾を放つ。爆発により、効果範囲内の全てのグレネードも起爆させる。
"Gain fuel by spending Mana on any Skill, then use the accumulated fuel to conjure a torrent of Fire from your hand, Igniting enemies in front of you. The flames grow stronger the longer you Channel. Consumes a Fire Infusion if possible to also create Ignited Ground. Cannot gain fuel while using this skill.",いずれかのスキルで使用したマナを燃料とし、蓄積した燃料を使用し、手から炎の奔流を呼び出し、前方にいる敵を発火させる。チャネリングした時間が長いほど炎は強力になる。もし可能ならば、ファイヤーインフュージョンを消費し、発火領域も生成できるようになる。このスキルを使用中は燃料を獲得できない。
"Gouge molten rock from the ground and fling it at the target. The Projectile explodes on collision, damaging enemies and scattering shrapnel in a cone behind it.",地面から溶けた岩をえぐり出し、対象に向かって投げつける。 投射物は衝突時に爆発し、敵にダメージを与え、破片が後ろへ円錐状に飛散する。
"While active, emits an Aura that continuously inflicts Critical Weakness on enemies in your Presence.",プレイヤーの存在下にいる敵にクリティカルウィークネスを継続して付与するオーラを放つ。
"While active, a companion Hydra will rear up from your body and regularly cast socketed Projectile Spells at nearby Shocked, Frozen, and Ignited enemies.",発動中、使い魔のヒドラがプレイヤーの体から立ち上がり、近くの感電、凍結、および発火状態の敵にソケットされた投射物スペルを定期的にキャストする。
"Build Glory by Heavy Stunning enemies. When you have maximum Glory you may entreat the Ancestors to crush your enemies, manifesting a massive hammer that falls from the sky onto your target, Slamming into the ground after a short duration and dealing immense damage based on your weapon.",敵をヘビースタンさせることでグローリーを蓄積する。グローリーが最大値の時に、先祖に敵を打ち砕くよう願い、空から対象に振り下ろされる巨大なハンマーを出現させる。短い持続時間の後、地面にスラムを行い、プレイヤーの武器に応じた強力なダメージを与える。
"Plant a seed of Fire inside an enemy. Dealing enough damage to the enemy, or killing it outright, causes the seed to explode, dealing damage in an area and leaving behind a Fire Infusion Remnant.",敵の体内に一定時間で成長する火の種を植える。その敵に十分なダメージを与えるか、その敵をキルすると、種は爆発し、範囲内にダメージを与え、ファイヤーインフュージョンのレムナントを残す。
"Plant a seed of Abyssal Energy on the enemy's heart. Dealing enough damage to the enemy, or killing it outright, causes their heart to explode, dealing Physical damage in an area.",敵の心臓にアビサルエネルギーの種を植える。敵に十分なダメージを与えるか、その敵を倒すと、その心臓が爆発し、範囲内に物理ダメージを与える
"Charges forward, cracking the earth and leaving a patch of Jagged Ground with every footstep. At the end of your charge, a massive leaping Slam damages enemies and causes all nearby patches of Jagged Ground to explode, damaging enemies standing on them. Once you begin your charge, the use speed of this Skill is affected by movement speed instead of Attack speed.",前方に突進し、踏みしめるごとに地面を砕いてギザギザ領域を残す。突進の終わりに、大きく跳躍してSlamを放ち、敵にダメージを与えると同時に周囲のギザギザ領域を爆発させ、その上にいる敵を巻き込む。突進を開始すると、このスキルの使用スピードはアタックスピードではなく移動スピードに依存するようになる。
"Ram your Shield into the ground, throwing up a wall of earth. Enemies can attack your wall segments, and your Slams, Warcries, and Shield Charge will instantly shatter them all. The segments explode when shattered, damaging enemies in front of and around them.",盾を地面に叩きつけ、大地の壁を築く。敵は壁の区画を攻撃でき、あなたのスラム、ウォークライ、およびシールドチャージはそれらを即座に粉砕する。粉砕された区画は爆発し、前方と周囲の敵にダメージを与える。
Perform a Warcry that grants Guard and Triggers Shield Wave when subsequent Shield Attacks deal damage. This Skill's cooldown can be bypassed by expending an Endurance Charge.,ウォークライを行い、ガードを付与すると共に、次に行う盾アタックでダメージを与えた時にシールドウェーブをトリガーするようにする。このスキルのクールダウンはエンデュランスチャージを使用することでバイパスすることができる。
"Conjure a blazing Ember that hovers above you. After a short duration, the Ember launches at an enemy, dealing Fire damage in an area on impact and prioritising the last enemy targeted. Recasting this spell resets the duration for all active Embers. Multiple Embers fired in the same Fusillade will attempt to target different enemies. Consumes a Lightning Infusion if possible to cause the entire Fusillade to create beams that Chain to enemies.",プレイヤーの頭上に燃える残り火を呼び出す。短い持続時間の後、残り火は敵に向かって放たれ、着弾時に範囲火ダメージを与える。最後に対象にした敵が優先される。このスペルを再キャストすると、すべてのアクティブな残り火の持続時間がリセットされる。同じ一斉射撃で放たれた複数の残り火は、異なる敵を対象にする。もし可能ならば、ライトニングインフュージョンを消費し、フシレイド全体が敵に連鎖するビームを放つようにする。
"Conjure a crackling Wellsprite that hovers above you. After a short duration, the Wellsprite launches at an enemy, dealing Lightning damage in an area on impact and prioritising the last enemy targeted. Recasting this spell resets the duration for all active Wellsprites.",頭上に放電するウェルスプライトを呼び出す。短い時間の後、ウェルスプライトは敵に向かって飛び、着弾時に範囲内の敵に雷ダメージを与え、最後に対象にした敵を優先する。このスペルを再キャストすると、全てのアクティブなウェルスプライトの持続時間をリセットする。
Passively manifests a protective barrier which takes Elemental Damage from Hits for you until depleted. The barrier instantly recharges to its full value a short time after it stops taking damage or is fully depleted.,効果が切れるまで、プレイヤーに対するヒットに含まれる元素ダメージを受ける防御のバリアを生成する。バリアは、プレイヤーがヒットから元素ダメージを受けないでいるか、効果が切れた後、短い遅延の後に最大値まで回復する。
"Drink the blood of your enemies to restore your Life. While active, enemies you kill have a chance to spawn a Life Remnant, and Hitting a target spawns a Life Remnant every few seconds. Picking up a Life Remnant grants you Life which can Overflow maximum Life.",敵の血を飲み、ライフを回復する。アクティブ中、プレイヤーがキルした敵は一定確率でライフレムナントをスポーンし、ヒットを与えた敵は数秒ごとにライフレムナントをスポーンするようにする。ライフレムナントを拾うと、プレイヤーにライフが付与され、最大ライフをオーバーフローすることができる。
"Fire a Lightning-charged arrow that homes in on enemies afflicted by Lightning Ailments. Hitting such an enemy will cause your arrow to release a damaging shockwave and Chain towards nearby targets, with those Chaining Hits also releasing a shockwave. After the final Chain, the arrow lodges into the ground as a Lightning Rod. Consumes Shock from enemies it Hits, but not Electrocution.",雷の力を注入された矢を放ち、その矢は雷系状態異常状態の敵を追尾する。雷系状態異常状態の敵にヒットすると、ダメージを与える衝撃波を放ち、近くの対象に連鎖する。その連鎖したヒットも衝撃波を放つ。最後の連鎖を終えた後、矢は避雷針として地面に刺さったままになる。ヒットを与えた敵から感電を消費するが、麻痺は消費しない。
"Leap forward and Slam the ground, sending out a shockwave. The shockwave applies Broken Stance to Dazed enemies, causing any Hits against those enemies to deal extra damage.",前方に向かって飛び上がり、地面にスラムを行う。眩暈状態の敵に対して姿勢崩しを付与し、その敵に対するヒットが追加ダメージを与えるようにする。
"Sweep your Quarterstaff, projecting a bolt of Lightning through the ground in a long fissure ahead of you.",クォータースタッフを振り回し、プレイヤーの前方の地面に沿って感電させる雷の波動を前方に放つ。
"Build Combo by successfully Striking Enemies with other skills. After reaching maximum Combo, use this skill to Empower your next Quarterstaff Attack, causing it to deal additional Chaos damage. Each kill with the Empowered Attack grants Purple Flames of Chayula for a duration.",他のスキルで敵へのストライクに成功することでコンボを構築する。最大コンボに達した後、このスキルを使用し、次に使用するクォータースタッフアタックを強化し、追加混沌ダメージを与えるようにする。強化されたアタックで敵をキルするごとに紫のチャユラの炎を短い間付与する
"The minion's shield of bone explodes, dealing physical damage to nearby enemies.",ミニオンの骨でできた盾が爆発し、近くの敵に物理ダメージを与える。
"Consume charges from your Mana Flask to throw a flask that explodes, dealing Fire Attack damage in an area. Additional smaller flasks are thrown at nearby Ignited Enemies. This damage is not based on your unarmed damage, so this is not considered an Unarmed Attack.",マナフラスコからチャージを消費し、爆発する瓶を1個投げ、一定範囲に火アタックダメージを与える。近くの発火状態の敵に追加の小さなフラスコを投げる。このダメージはプレイヤーの素手ダメージに依存しないため、素手アタックとして見なされない。
"Consume charges from your Mana Flask to throw a flask that explodes, dealing Lightning Attack damage in an area with high chance to Shock. This damage is not based on your unarmed damage, so this is not considered an Unarmed Attack.",マナフラスコからチャージを消費し、爆発する瓶を1個投げ、一定範囲に雷アタックダメージを与える。感電確率が上がる。このダメージはプレイヤーの素手ダメージに依存しないため、素手アタックとして見なされない。
"Consume charges from your Mana Flask to throw a flask that explodes, dealing Cold Attack damage in an area and inflicting Exposure. This damage is not based on your unarmed damage, so this is not considered an Unarmed Attack.",マナフラスコからチャージを消費し、爆発する瓶を1個投げ、一定範囲に冷気アタックダメージを与え、曝露を付与する。このダメージはプレイヤーの素手ダメージに依存しないため、素手アタックとして見なされない。
"Consume charges from your Mana Flask to throw a flask that explodes, dealing Physical Attack damage in an area. The thrown flask Consumes Poison on Hit to cause an acidic burst. This damage is not based on your unarmed damage, so this is not considered an Unarmed Attack.",マナフラスコからチャージを消費し、爆発する瓶を1個投げ、一定範囲に物理アタックダメージを与える。投げたフラスコはヒット時に毒を消費し、アシッドバーストを発生させる。このダメージはプレイヤーの素手ダメージに依存しないため、素手アタックとして見なされない。
"Consume charges from your Mana Flask to throw a flask that explodes, dealing Physical Attack damage in an area and Aggravating Bleeding on Enemies hit. This damage is not based on your unarmed damage, so this is not considered an Unarmed Attack.",マナフラスコからチャージを消費し、爆発する瓶を1個投げ、一定範囲に物理アタックダメージを与える。ヒットした敵に付与した出血を悪化させる。このダメージはプレイヤーの素手ダメージに依存しないため、素手アタックとして見なされない。
"Create a fiery explosion, an arcing bolt of lightning, or an icy wave of projectiles. The chance for an explosion is proportional to your Strength, for a bolt proportional to your Dexterity, and for a wave proportional to your Intelligence.",炎の爆発、雷の放電、氷の波動を発生させる。炎の爆発の確率はプレイヤーの筋力に比例し、雷の放電の確率はプレイヤーの器用さに比例し、氷の波動の確率はプレイヤーの知性に比例する。
"Mark a target, making them more susceptible to being Frozen. When the Marked target is Frozen, the Mark Activates, granting you a Buff which gives extra Cold damage and Consuming the Mark. Marking another target while you have the Buff will remove the Buff.",対象に呪印を付与し、その敵をより凍結状態にしやすくする。呪印を付与された敵が凍結状態になった時、呪印はアクティベートし、その呪印を消費し、プレイヤーに追加冷気ダメージを付与するバフを付与する。バフを持っている時に他の対象に呪印を付与すると、そのバフは取り除かれる。
"Mark a target, making them more susceptible to being Electrocuted. When the Marked target is Electrocuted, the Mark Activates, granting a Buff which gives extra Lightning damage and Consuming the Mark. Marking another target while you have the Buff will remove the Buff.",対象に呪印を付与し、麻痺を受けやすくする。呪印を付与された対象が麻痺状態になった時に、呪印はアクティベートし、呪印を消費し追加の雷ダメージを付与するバフを付与する。このバフが存在する時に他の敵に呪印を付与すると、バフが取り除かれる。
"Gain Unbound Fury by inflicting Elemental Ailments with Hits on enemies. Once you reach maximum Unbound Fury, consume it to become Unbound for a duration, vastly augmenting your Elemental prowess.",敵にヒットで元素系状態異常を付与することでアンバウンドフューリーを獲得する。アンバウンドフューリーが最大値に達したら、それを消費し、一定時間アンバウンドとなることができ、元素の能力を大幅に向上させることが可能である。
"Dash to an enemy and Strike them, triggering socketed Marks with increased effect and applying socketed Curses with increased duration.",敵に向かってダッシュし、ストライクし、効果の増加したソケットされた呪印を付与し、または持続時間の増加したソケットされた呪いを付与する。
"DNT-UNUSED Manifest words of power that freeze the air around you, coating nearby enemies in shards of ice. Dealing enough damage to these enemies will shatter the shards, causing an icy explosion that deals Attack damage which is not based on your Weapon.",DNT-UNUSED力の言葉を出現させ、プレイヤーの周囲の空気を凍らせ、近くの敵を氷のシャードで覆う。その敵に十分なダメージを与えると、シャードが粉砕され、アタックダメージを与える氷の爆発を起こす。このアタックダメージはプレイヤーの武器ダメージを使用しない。
"Manipulate time, resetting the cooldowns of your other Skills.",時間を操作し、他の全てのスキルのクールダウンをリセットする。
Release a large wave that stops time for all affected enemies for a duration. Duration is lower the more times the enemy has had time stopped for them.,影響を受けた敵を一定時間時間停止させる波動を放つ。敵の時間停止の影響をそれまでに受けた時間が長いほど、持続時間は短くなる。
"Shapeshift into a demon, vastly boosting the power of your Spells. You gain Demonflame every second you remain in demon form, causing your Life to be lost at an ever-increasing rate. Maximum 10 Demonflame. Revert to human form if you reach 1 Life, use a Skill that isn't a Spell, or reactivate this Skill.",デーモンにシェープシフトし、自らのスペルをより強力にする。プレイヤーがデーモンに変身中に、毎秒デーモンフレイムを獲得し、ライフを加速度的に失うようになる。デーモンフレイムの最大数は10。ライフが1になるか、スペル以外のスキルを使用するか、またはこのスキルを再使用すると人間の姿に戻る。
"While active, Attacking enemies builds Glory. When you have maximum Glory, you can place an inspiring Banner for a duration with an Aura that grants you and nearby Allies Attack damage, Attack speed and Accuracy.",アクティブ中、敵にアタックすることでグローリーを生成する。グローリーが最大値の時に、プレイヤーと近くの味方にアタックダメージ、アタックスピードおよび命中力を付与するオーラを持つ鼓舞のバナーを一定時間設置することができる。
"While active, Attacking enemies builds Glory. When you have maximum Glory, you can place an inspiring Banner for a duration with an Aura that grants you and nearby Allies Armour, Evasion and movement speed.",アクティブ中、敵にアタックすることでグローリーを生成する。グローリーが最大値の時に、プレイヤーと近くの味方にアーマーと回避力および移動スピードを付与するオーラを持つ鼓舞のバナーを一定時間設置することができる。
"While active, Attacking enemies builds Glory. When you have maximum Glory, you can place an inspiring Banner for a duration with an Aura that grants you and nearby Allies Elemental Ailment Threshold, Maximum Elemental Resistances and Flask charges.",アクティブ中、敵にアタックすることでグローリーを生成する。グローリーが最大値の時に、プレイヤーと近くの味方に元素系状態異常閾値、元素耐性の最大値およびフラスコチャージを付与するオーラを持つ鼓舞のバナーを一定時間設置することができる。
"While active, periodically invokes divine blessings to heal you and remove Curses and Elemental Ailments from you.",聖なる祝福を呼び起こし、定期的にプレイヤーを癒し、呪いおよび元素系状態異常をプレイヤーから取り除く。
Consume all stacks of Jade to grant Guard based off your maximum Life for each Jade consumed. You cannot gain Jade stacks while you have Guard.,ヒスイのスタックを全て消費し、消費したヒスイごとに最大ライフに応じたガードを付与する。ガードがある時にヒスイのスタックを獲得することはできない。
"While active, visages of yourself from alternate timelines will occasionally appear and cast one of your Spells from your first valid Weapon Set. Until the next visage appears, your next cast of the same Spell aligns your fate, Empowering that Spell. Visages can only cast damaging, non-Channelling, non-Buff Spells you could cast that have no cooldown.",アクティブ中、時折、適正な武器セットで使用可能なスペルから一つをキャストする別時間軸の自分の幻影を生成する。次の幻影が出現するまでに、別時間軸の自分がキャストしたのと同じスペルを次回キャストした時に、運命の調和が起き、そのスペルは強化される。幻影はクールダウンを持たず、ダメージを与えるもので、チャネリングスキル以外でバフスペル以外のスキルから、キャスト可能なものの一つを使用する。
"Send out a temporal Nova to take advantage of enemies' moment of vulnerability. Hitting enemies that are Primed for Stun, Electrocution, or Freeze causes a visage of them to appear, lasting as long as the original target would have been affected by the form of Immobilisation used to create the visage. A portion of the damage dealt to visages is also dealt to the original.",時空のノヴァを発生させ、敵の無防備の瞬間につけ込む。スタン寸前、麻痺寸前または凍結寸前の敵にヒットを与えると、その幻影を出現させ、幻影を出現させる原因となった移動不可のどれかの影響を受けるまで幻影は持続する。幻影に与えたダメージの一部はオリジナルの対象に与えられる。
"This skill is Triggered each time you summon a Totem, summoning an Ancestral Spirit Minion to fight for you. If the Totem dies then the Ancestral Spirit triggered by it's summoning will die too.",このスキルはプレイヤーがトーテムを召喚するたびにトリガーされ、アンセストラルスピリットミニオンを召喚しプレイヤーの味方として戦わせる。トーテムが死亡した場合、それによりトリガーされたアンセストラルスピリットも死亡する。
"While active, gains Energy when you Freeze, Shock or Ignite an enemy. Using the Invocation once sufficient Energy is gathered will consume the Energy to trigger socketed Spells, and can trigger them multiple times if it has enough Energy.",アクティブ中に、プレイヤーが敵を凍結、感電または発火させた時に、エネルギーを生成する。十分なエネルギーが貯まった時にこのインボケーションを使用すると、エネルギーを消費し、ソケットされたスペルをトリガーする。十分なエネルギーがあれば、ソケットされたスペルを複数回トリガーできる。
"Create a Breach around you, allowing you to see nearby Flames of Chayula. You are considered to be in a Breach while this skill is active.",プレイヤーの周囲にブリーチを生成し、プレイヤーに近くのチャユラの炎を見えるようにする。このスキルがアクティブ中は、プレイヤーはブリーチの中にいると扱われる。
"While active, causes you to deal more Hit damage to Rare and Unique enemies the longer you've been fighting them, and gain Culling Strike against them once you've been fighting them for long enough.",アクティブ中、戦った時間が長いほど、レアおよびユニークの敵に与えるヒットが上昇し、その敵と戦った時間が十分長くなれば、その敵に対してカリングストライクを獲得する。
"Tap into a current of raw and unpredictable Elemental power, causing you to deal greatly more damage of a randomly chosen Element. The Element affected changes frequently, though the same Element can be affected multiple times in succession.",生のままの予測不可能な元素の力に触れ、ランダムに選ばれた元素を大幅にダメージを上昇させる。影響を受ける元素は頻繁に変化するが、同種の元素が複数回連続で選ばれることもある。
Instantly reload all your Crossbow Ammunition clips and Empower each clip's Ammunition to deal more damage for a duration.,アクティブなクロスボウ弾薬を即時にリロードし、弾倉の弾薬それぞれを強化し、一定時間ダメージを上昇させる。
"Fire a bouncing Grenade that explodes when its fuse expires, throwing out a ring of mini Grenades that explode when they come to a stop.",フューズが切れた時に爆発する、跳躍するグレネードを放つ。爆発した時に、ミニグレネードをリング状に放ち、そのミニグレネードは静止した時に爆発する。
"While active, you gain powerful Buffs based on your active Charges. However, maintaining the Buff Consumes Charges every few seconds.",アクティブ中、アクティブなチャージに基づいて、強力なバフを獲得する。しかし、数秒おきにバフを維持するためにチャージを消費する。
"While active, Consuming Freeze, Shock, Ignite, or Fully Broken Armour on an enemy reloads your Crossbow, restores one cooldown use for your Grenades and grants a Buff causing Crossbow Attacks to not consume bolts for a duration. This can only occur once every few seconds.",アクティブ中、敵に付与した凍結、感電、発火またはアーマー完全破壊を消費し、クロスボウをリロードし、グレネードのクールダウン使用回数を1回分回復し、一定時間クロスボウアタックがボルトを消費しないバフを付与する。この効果は数秒に1度だけ起きる。
"While active, emits an Aura that makes enemies in your Presence easier to Stun and inflict Elemental Ailments upon.",アクティブ中、プレイヤーの存在下の敵をより容易にスタンおよび元素系状態異常を付与できるようになるオーラを放つ。
"While active, grants you Flask charges passively and causes Life and Mana recovery from your Flasks to also apply to Allies in your Presence.",アクティブ中、受動的にプレイヤーにフラスコチャージを付与し、プレイヤーのフラスコによるライフおよびマナの回復がプレイヤーの存在下の味方にも適用されるようにする。
"While active, gains Energy when you kill an enemy with a Melee Attack. Using the Invocation once sufficient Energy is gathered will consume the Energy to trigger socketed Spells, and can trigger them multiple times if it has enough Energy.",アクティブ中、プレイヤーが近接アタックで敵をキルした時にエネルギーを獲得する。十分なエネルギーが集まってからインボケーションを使用することで、エネルギーを消費し、ソケットされたスペルをトリガーする。十分なエネルギーがあれば、スペルを複数回トリガーすることができる。
"While active, your undead Reviving Minions can be used in place of Corpses by your skills, but your Minions Revive more slowly.",アクティブ中、プレイヤーのアンデッドの復活するミニオンを、プレイヤーのスキルで使用する死体の代わりに使用できる。だが、プレイヤーのミニオンの復活により時間がかかるようになってしまう。
"While active, causes your Non-Channelling Spells to cost additional mana and deal extra Lightning damage, both based on your maximum Mana.",アクティブ中、チャネリング以外のスペルに追加のマナコストが必要にするが、追加の雷ダメージを与えるようにする。両方の数値ともプレイヤーの最大マナの量に基づく。
Create Ignited Ground Igniting Enemies based on a percentage of your Maximum Mana.,プレイヤーの最大マナの一定割合に基づいて敵を発火させる発火領域を生成する。
"Aim skyward and fire energy missiles at lingering bolts or arrows created by other Lightning Attacks in front of you. The missiles explode if they land close to a lingering bolt or arrow, dealing more damage in a larger area but destroying that bolt or arrow in the process.",上空に狙いを定め、他の雷アタックによって生成された、プレイヤーの前方の残存する矢またはボルトに向けてエナジーミサイルを放つ。残存する矢またはボルトの近くに着弾した場合、ミサイルは爆発し、より広い範囲に上昇したダメージを与えるが、そのプロセスで矢またはボルトは破壊される。
"Passively gains Seals over time. Using the skill fires a projectile, and breaks the Seals, Repeating for each of them, and for each additional projectile the skill is given. For each time it Repeats normally, it will also Repeat an additional time targeting a different Ice Fragment in its area of effect if able, Detonating those Ice Fragments immediately.",時間経過で自動的にシールを獲得する。スキルを使用すると投射物を放ち、シールを消費し、それぞれのシールごと、およびスキルに付与された追加の投射物ごとに繰り返す。通常の繰り返し1回ごとに、可能であれば効果範囲内の別のアイスフラグメントを対象として追加で1回繰り返し、それらのアイスフラグメントを即座に起爆させる。
"While active, strengthens your Rage, but causes you to lose Life while not losing Rage.",アクティブ中、憤怒を強力にし、憤怒を失っていない間、ライフを失うようにしてしまう。
"While active, killing a Poisoned enemy spreads its Poison to other nearby enemies, and has a chance to also Hinder them.",アクティブ中、毒状態の敵をキルすることでその毒を他の近くの敵に伝染させる。また、一定確率で敵を阻害状態にもする。
"While active, killing an enemy with Blood Loss will cause a bloody explosion that deals Physical Attack damage to surrounding enemies. This damage is not based on your Weapon, but is partially based on their accumulated Blood Loss. The explosion destroys their Corpse if the enemy was Normal or Magic, and has a chance to Aggravate Bleeding.",アクティブ中、失血状態の敵をキルすることで血の爆発を引き起こし、物理アタックダメージを周囲の敵に与える。このダメージは武器ダメージではなく、累計の失血量に基づく。その過程でその敵がノーマルまたはマジックであればその死体を破壊する。爆発は一定確率で出血を悪化させる能力も持つ。
"While active, emits an Aura that periodically Withers enemies in your Presence.",プレイヤーの存在下の敵を定期的に衰弱状態にするオーラを放つ。
"While active and enemies are present, swarms of insects emerge from your body to pursue nearby enemies. The swarms are untargetable Minions that Attack and Poison enemies.",アクティブ中でかつ敵が存在する時に、プレイヤーの体から敵を追いかける貪る虫の群れを出現させる、スウォームは敵によって対象とされないミニオンであり、敵をアタックすると共に毒を付与する。
"While active, firing a ranged Projectile Attack will create a Mirage that uses socketed ranged Attacks for a short duration, then vanish.",アクティブ中、遠距離投射物アタックを使用すると、ソケットされた遠距離アタックを持続時間の間使用するミラージュを生成する。ミラージュは時間が経つと消える。
"While active, dodge rolling will create a Mirage that uses socketed ranged Attacks for a short duration, then vanish.",アクティブ中、ドッジロールするとソケットされた遠距離アタックを使用するミラージュを生成する。ミラージュは短い時間の後、消失する。
"While active, grants you a Frenzy Charge when you Freeze, Electrocute or Pin an enemy. This can only occur once every few seconds.",アクティブ中、プレイヤーが敵を凍結、麻痺または足止めした時に、プレイヤーにフレンジーチャージを付与する。これは数秒に一度しか起きない。
"While active, gains Energy when you Block and triggers socketed Spells on reaching maximum Energy.",アクティブ中、プレイヤーが敵の攻撃をブロックした時にエネルギーを獲得し、エネルギーが最大数に達した時にソケットされたスペルをトリガーする。
"While active, gains Energy when you Block and triggers socketed Curses on reaching maximum Energy.",アクティブ中、プレイヤーが敵の攻撃をブロックした時にエネルギーを獲得し、エネルギーが最大数に達した時にソケットされた呪いをトリガーする。
"Flip backward and Channel to charge your Quarterstaff with Lightning. Releasing causes you to dash towards the target location, damaging enemies along the way. Releasing with Perfect Timing performs a Lightning-assisted dash that releases shockwaves from enemies you dash through. Perfectly Timed dash also explodes Tempest Bells on hit creating a shockwave that deals more damage and has a larger area, leaving Shocked Ground in its wake. This skill cannot be Ancestrally Boosted.",後方に飛び去り、チャネリングしてクォータースタッフに雷のエネルギーを帯びさせる。放つことで、対象の地点にダッシュし、通り道の敵にダメージを与える。完璧なタイミングで放つことで雷のエネルギーを注入されたダッシュを行い、通り道にいた敵から衝撃波を放つ。完璧なタイミングのダッシュはヒット時にテンペストベルも爆発させ、ダメージの上昇し範囲が広いショックウェーブを与え、そのショックウェーブの通り道に感電領域の足跡を残す。このスキルは先祖の加護を受けることができない。
"Sacrifice the Corpse of a Rare Monster to grant you its Modifiers for a duration, or gain a single random Modifier at the cost of your own life force.",レアモンスターの死体を生贄に捧げ、そのモッドを一定時間プレイヤーに付与する。またはプレイヤー自身の生命力の一部をコストとし、ランダムなモッドを1個獲得する。
"Enemies in your Presence accumulate blood boils periodically. When they die, the boils pop applying Corrupted Blood to enemies near them.",プレイヤーの存在下にいる敵は沸騰する血のデバフを蓄積する。その敵が死んだ時に、沸騰した血が飛び散り、死んだ敵の近くの敵に穢れた血を適用する。
"Stamp your spear, destroying all Bloodstone Lances on each enemy in your Presence to cause a damaging explosion around that enemy. Each explosion gains new benefits when reaching higher thresholds of Bloodstone Lances removed from an enemy, causing them to deal more damage, have increased area of effect, and Leech Life from enemies caught in the blast.",スピアを地面に打ち付け、プレイヤーの存在下にいる敵に付与したブラッドストーンランスを破壊し、その敵の周囲にダメージを与える爆発を引き起こす。それぞれの爆発は敵から取り除かれたブラッドストーンランスがより高い閾値を超えた時に新しい恩恵を受け、範囲が広くなり、爆発に捕まった敵からライフをリーチするようになる。
"Call upon Spirits of the Stag, sending them leaping forward. Each Stag releases a damaging shockwave each time it lands, and any Stags that travel the maximum possible distance also leave behind Shocked Ground.",シカの精霊を呼び出し、前方に跳躍させる。それぞれのシカは着地するたびにダメージを与えるショックウェーブを放つ。可能な最大距離を移動した全てのシカは感電領域を地面に残す。
"Call upon a Bear Spirit Companion to maul your foes. The Bear Spirit leaps at enemies to Maim them, Leeches Life with its slam, and periodically roars to Intimidate enemies. The Bear Spirit does not count toward your Companion limit.",クマの精霊のコンパニオンを呼び出し、敵を叩きつけさせる。クマの精霊は敵に向かって跳躍し、その敵に重傷を与え、スラムでライフをリーチし、定期的に雄たけびを上げ敵を威嚇する。クマの精霊はコンパニオンの上限に数えられない。
"Channel to create fleeting images of your astral self near the target location. The images perform a Socketed Melee Attack once then vanish, targeting the closest enemy if possible. The images cannot perform Channelled Skills or Conditional Skills. Consuming a Power Charge creates additional images.",チャネリングしてアストラル体の自身の儚い幻影を対象とした地点の周囲に生成する。幻影はソケットされたアタックを一度使用した後に消滅し、可能ならば最も近くの敵を対象にする。幻影はチャネリングスキルまたは条件付きスキルを使用できない。パワーチャージを消費することで追加の幻影を生成する。
"While active, ethereal bells periodically appear near you. Your Hits immediately destroy the bells, creating a shockwave that damages nearby enemies and causes a Heavy Stun on enemies that are Primed for Stun. The bells are themselves always Primed for Stun, they can be Culled, and Hits against them are always Critical Hits.",アクティブ中、霊体の鐘が自身の近くに出現する。プレイヤーが鐘にヒットを与えると即座にそれは破壊され、近くの敵にダメージを与えるショックウェーブを発生させ、スタン寸前の敵をヘビースタンさせる。鐘自体も常にスタン寸前の状態で、カリングできる。鐘に対するヒットは常にクリティカルヒットになる。
"Attaches an ethereal bell to your back. Critical Hits with other Skills will cause the bell to ring out, damaging nearby enemies.",背中に霊体の鐘を背負う。他のスキルでクリティカルヒットを与えると鐘が鳴り、近くの敵にダメージを与える。
Applies a socketed Mark Skill to a nearby unmarked Enemy every few seconds. Consuming socketed Marks will cause them to be reapplied to an unmarked Enemy. This reapplication can happen at most once every few seconds.,数秒ごとに近くの呪印を付与されていない敵にソケットされた呪印を付与する。ソケットされた呪印を消費することでその呪印を呪印を付与されていない敵に再適用する。この再適用は数秒ごとに最大1回起きる。
Deal Physical Area Damage based off of the maximum Life of the Pinned target slain.,倒した足止め状態の対象の最大ライフに応じた、物理範囲ダメージを与える。
Deal Physical Area Damage based off of the Broken Armour of the target which this explosion was Triggered from.,この爆発をトリガーする元となった対象に付与したアーマー破壊の数値に応じた物理範囲ダメージを与える。
"Maims and deals Attack area damage when triggered by an Enemy. Caltrops are destroyed when triggered, and a maximum of 20 Caltrops can be active at once.",敵によって作動した時にその移動を阻害し、アタック範囲ダメージを与える。マキビシは作動した時に破壊され、一度に最大20個のマキビシをアクティブにできる。
Deal Physical Damage in an Area based on a percentage of the expected Damage of the Consumed Bleeding.,消費した出血の予想ダメージの一定割合に基づく物理範囲ダメージを与える。
Deal your Thorns Damage in an Area. Cannot Hit the target this was Triggered from.,棘ダメージを一定範囲に与える。このスキルがトリガーされる元となった対象にヒットすることができない。
"Fire molten Projectiles from the struck target, which will land nearby dealing Attack damage in an area.",マグマの投射物をストライクを受けた敵から放ち、その投射物は近くに着弾し一定範囲にアタックダメージを与える。
Creates Hazardous Brambles on the ground that activate after a duration. Enemies which come in contact with these thorns take damage and are Maimed. A maximum of 20 Brambles are allowed at one time.,地面にハザードの荊棘を生成し、それは一定時間後に起動する。荊棘と接触した敵は棘ダメージを受け、重傷状態になる。一度に展開可能な荊棘の最大数は20
Attaches a Static Shock to a target that pulses Lightning damage to the attached target and nearby enemies. Targets can have a maximum of one Static Shock attached to them.,対象にスタティックショックを付着させる。これは付着した対象と近くの敵に雷ダメージのパルスを与える。対象に一度に付着できるスタティックショックは1スタックだけである。
"Deals Physical Damage in an area, based on Totem Life.",範囲内に物理ダメージを与える。ダメージはトーテムライフに基づく。
"Throw a Spear with enough force to kick up a Whirlwind where it lands, Slowing enemies and Blinding them in its area of effect. Entering the Whirlwind collapses it, dealing damage and causing Knockback. Consumes a Frenzy Charge if possible to create the Whirlwind with one more than its normal maximum number of stages.",十分強力な力でスピアを投げ、着弾地点にワールウィンドを巻き上げる。その効果範囲内の敵を減速状態にし、盲目にする。そのワールウィンドの中に入ると、ワールウィンドは崩壊し、敵にダメージを与えると共に敵をノックバックする。もし可能ならばフレンジーチャージを1個消費し、通常の最大ステージ数より1高いステージを持つワールウィンドを生成する。
"Consume all Frenzy Charges to perform a gigantic spear thrust that Knocks Back enemies. For each Frenzy Charge consumed, a Wind Serpent follows in the spear's wake. Each Serpent also damages and Knocks Back enemies.",フレンジーチャージを全て消費し、敵をノックバックさせる巨大な槍による突きを行う。消費したフレンジーチャージごとに、1体のウィンドサーペントが槍の軌跡についていくようになる。それぞれのサーペントは敵をノックバックさせ、ダメージを与える。
"Dash towards an enemy and perform a lacerating slash, inflicting Bleeding on all enemies struck.",敵にダッシュし、出血を起こす斬撃を行う。ヒットが当たった全ての敵に出血を付与する。
"Mark a target, making them suffer Heavy Stun build up from Blood Loss. The Mark will Activate, Consuming itself to Trigger Blood Explosion, when they are Heavy Stunned, or when they are killed if they suffered enough Blood Loss. The Mark's duration does not expire while the Marked target is suffering Blood Loss.",対象に呪印を付与し、その敵が失血からヘビースタン蓄積を受けるようにする。呪印付与されている時に十分な失血を受けて死亡した時またはヘビースタンを受けた時に呪印はアクティベートし、その呪印を消費し、ブラッドエクスプロージョンを放つ。呪印を付与された対象が失血に苦しんでいる間は呪印の持続時間のタイマーが経過しない。
A violent explosion of blood that deals Physical Attack damage which is not based on your Weapon's damage.,プレイヤーの武器ダメージを参照しないアタックダメージを与える激しい爆発を引き起こす。
"Conjure Azmeri wisps to engulf a Rare Beast for a duration, Hindering them. If you defeat the Beast while it is engulfed in wisps, it will be captured by this gem, transforming the gem to instead allow you to summon the Beast as a Reviving Companion.",アズメリのウィスプを召喚し、レアの獣を一定時間包み込ませ、その敵に阻害を付与する。獣がウィスプに包み込まれている時にその獣を倒すと、その獣は捕獲され、このジェムに変異させ、プレイヤーの復活するコンパニオンとして召喚できるようにする。
"Build Glory by inflicting Freeze, Shock or Ignite on enemies. When you have maximum Glory you may call forth the Azmeri goddess Solaris, jumping backwards and throwing your Spear in the air. On landing the spear deals heavy damage in an area, then calls a divine skybeam that pulses periodically and creates expanding Ignited Ground. Modifiers to number of Projectiles fired do not apply to this skill.",敵に凍結、感電または発火を与えることでグローリーを蓄積する。グローリーが最大値に達した時に、アズメリの女神ソラリスを召喚し、後ろに飛び退き、スピアを空中に投げる。スピアが着弾すると範囲内に強力なダメージを与え、その地点から神のスカイビームを呼び出し、定期的にパルスとして生じさせ、範囲が広がる発火領域を生成する。投射物の数のモッドはこのスキルには適用されない。
"Throw an electrified Spear that lodges in the ground and periodically zaps nearby enemies with Lightning bolts. If the Spear is Detonated by another Skill, it immediately unleashes a volley of bolts and expires. Consumes a Frenzy Charge if possible to fire bolts more frequently for a shorter duration, automatically Detonate at the end of its duration, and create Shocked Ground on Detonation.",電気を帯びたスピアを投げ、その槍は地面に刺さり、ライトニングボルトを近くの敵に定期的に落雷させる。スピアが他のスキルで起爆された場合、スピアはボルトの連射を放ち、効果時間が終わる。もし可能ならばフレンジーチャージを消費し、短い間より高頻度にボルトを放つようになり、持続時間の終わりに自動的に爆発するようになる。爆発時に感電領域を生成する。
"Ready your Buckler to parry the next Hit you would take, Blocking the Hit and retaliating with a quick sweep that leaves enemies off balance, causing them to take massively increased Attack damage for a short duration. Parrying causes you to accumulate Heavy Stun buildup. You cannot Evade a Hit you could parry, but Evasion instead grants an equal chance to avoid this Heavy Stun buildup.",バックラーを構え、次にプレイヤーをヒットするであろうヒットをパリィし、ヒットをブロックするとともに、敵のバランスを崩す斬撃を行い、その敵が受けるアタックダメージを短い間大幅に増加させる。パリィを行うと、プレイヤーにヘビースタン蓄積が貯まる。パリィできるヒットを回避することはできないが、回避率は同じ確率でヘビースタン蓄積を無効化する。
Perform an icy stab that exploits enemies who are already off balance. Hitting a Parried target Consumes the Debuff to cause an explosion of frost and leave Chilled Ground.,氷の突きを行い、バランスを崩せそうな敵のバランスを崩す。パリィのデバフを受けた対象にヒットすると、そのデバフを消費し、霜のノヴァを放ち、冷却領域を残す。
"Plunge your Spear into the ground to emit a pulse that Consumes Freeze, Shock and Ignite on a number of nearby enemies, Allies and Corpses. The pulse itself deals no damage, but each Ailment Consumed causes an explosion of the corresponding elemental damage type.",スピアを地面に突き立て、近くの敵、味方および死体に付与されている、凍結、感電および発火を消費するパルスを放つ。パルス自体はダメージを与えないが、消費された状態異常ごとに対応する元素ダメージの爆発を引き起こす。
Summon a Reviving Beast Companion to aid you in combat.,復活する獣のコンパニオンを召喚し、戦闘でプレイヤーの味方として戦わせる。
"While active, gains Energy when one of your Charms is used and triggers socketed Spells on reaching maximum Energy.",アクティブ中、チャームを使用するとエネルギーを獲得し、エネルギーが最大値に達するとソケットされたスペルをトリガーする。
"Become attuned to all Elements building up Fire, Cold and Lightning Affinity based off the highest Elemental Damage type dealt by your Hits. Your Elemental Damage is enhanced the more Affinity of any type you have.",全ての属性の元素属性と調和し、ヒットで与えた最もダメージの大きな元素属性ダメージタイプを基にして火、冷気および雷のアフィニティを蓄積する。元素ダメージは、任意の属性のアフィニティが多いほど、大幅に強化される。
"Throw a single Piercing lance that leaves icy fragments in its wake. The fragments Chill nearby enemies. Consumes a Frenzy Charge if possible to cause the glacial fragments created by the first Projectile to explode outwards after a short duration, peppering enemies with shrapnel.",貫通するランスを1本投げ、その通り道に氷の破片を残す。その破片は近くの敵を冷却する。もし可能ならば、フレンジーチャージを消費し、最初に投げた投射物により生成された氷の破片が短い時間の後に外側に向けて爆発するようにし、敵に爆発でできた弾片を浴びせる。
"Perform a Lightning-charged stab that can be chained into a combination of up to three attacks. The first two attacks conjure a charging Wildwood spirit if they Hit a Shocked enemy and refresh Shock duration. The third attack is a large swipe that inflicts Elemental Exposure, and can Consume Shock to conjure a stampede of spirits.",最大3回まで連続して行える、雷を帯びた突きを行う。最初の二回のアタックは、感電状態の敵をヒットした場合、その感電の持続時間を更新し、エネルギーを与えるワイルドウッドの精霊を召喚する。三回目のアタックは範囲の広い薙ぎ攻撃で、元素の曝露を付与し、感電を消費し精霊の突進を召喚する。
"Dash to an enemy and run them through, Culling enemies if their life is low enough. If this Attack kills at least one enemy, it grants you a Frenzy Charge, with higher Rarity monsters granting additional Charges. Enemies around you that can be Culled will be highlighted.",敵に向かってダッシュし、その敵を通り過ぎる、その敵のライフが十分低ければその敵にカリングストライクを与える。もし、このアタックで最低1体の敵をキルできれば、フレンジチャージをプレイヤーに付与する。モンスターのレアリティが高いと、追加のチャージを付与する。プレイヤーの周囲のカリングストライク可能な敵はハイライトされる。
Grants your weapon Surges. Non-Melee Projectile Attacks with that weapon Consume Surges to cause the Projectiles fired to explode at the end of their flight.,武器にサージを付与する。その武器による近接以外の投射物アタックはサージを消費し、放たれる投射物にエネルギーを注入し、飛び終わった時に爆発するようにする。
"While active, scatters caltrops in your wake when you dodge.",アクティブな間、プレイヤーがドッジした時に通り道にマキビシを撒く。
"While active, gains Energy when you Hit enemies with Melee Attacks and triggers socketed Lightning spells on reaching maximum Energy.",アクティブな間、プレイヤーが近接アタックで敵をヒットした時にエネルギーを獲得し、エネルギーが最大値に達した時にソケットした雷スペルをトリガーする。
"While active, gains Energy when you Hit enemies with Melee Attacks and triggers socketed Fire spells on reaching maximum Energy.",アクティブな間、プレイヤーが近接アタックで敵をヒットした時にエネルギーを獲得し、エネルギーが最大値に達した時にソケットした火スペルをトリガーする。
"Manifest a copy of your main hand Melee Martial Weapon as an immortal Companion to fight by your side. In addition to its standard Strikes, the Manifested Weapon gains an additional Attack depending on its weapon type.",プレイヤーのメインハンドに装備した近接マーシャルウェポンのコピーを不死身のコンパニオンとして出現させ、プレイヤーの味方として戦わせる。その通常のストライク攻撃に加え、マニフェストした武器はその武器の種類に応じて追加のアタックを行う。
"Recruit artillery Minions that take up positions behind you. They will lie in wait for your Command, then fire volleys of arrows at the target location.",プレイヤーの背後に配備される迫撃砲を撃つミニオンを味方に呼ぶ。そのミニオンはプレイヤーのコマンドを待ち、命令が下されると火の矢の雨を対象の位置に降らせる。
"Fires a flare at a target location, attaching to an enemy if it lands on one, then launches a series of arrow volleys centred around the flare.",対象とした地点にフレアを放ち、敵に着弾した場合、フレアは敵に付着する。その後フレアを中心とした位置に矢の連射を放つ。
"Command part of your flock to leave and crash through a set of illusory mirrors, Attacking enemies in the area between the mirrors with frequent Hits.",群れの一部にコマンドを行い、群れを離れ、複数の幻の鏡に突進させる。鏡の範囲内にいる敵にアタックを行い、連続してヒットを与える。
Channel to temper your main hand Melee Martial Weapon. Each hit of the hammer against the anvil Empowers subsequent Attacks to Combust when Hitting enemies.,チャネリングを行い、プレイヤーのメインハンドに装備した近接マーシャル武器を鍛える。ハンマーで金床を叩いた回数だけ、次に行うアタックを強化し、敵をヒットした時にコンバストを発動するようにする。
"Explode, dealing Fire damage in an area.",爆発し、範囲内に火ダメージを与える。
"While active, grants a skill that you can use to instantly begin Recharging Energy Shield and gain a Buff for a duration that prevents that Recharge being interrupted. The Buff is removed at maximum Energy Shield and the skill cannot be used while Energy Shield is full.",アクティブ中、使用することでエナジーシールドのリチャージを即座に開始できるようになるスキルを付与し、また短い間リチャージを妨害されなくするバフを獲得する。バフはエナジーシールドが最大値になった時に取り除かれ、このスキルはエナジーシールドがフルの時に使用することができない。
Direct your finned companion to feast upon another player's pet.,ヒレを持つコンパニオンに命令を下し、他のプレイヤーのペットを餌として食べさせる。
"Shapeshift into a Wyvern and perform a wide slash with your wingtip claws. Consumes a Power Charge if possible to grant you a Buff that gives you extra Lightning damage. While you have the Buff, Rend covers a much larger area but is slower.",ワイバーンにシェープシフトし、翼に生えた爪で斬撃を行う。可能ならばパワーチャージを1個消費し、プレイヤーに追加雷ダメージを与えるようにするバフを付与する。そのバフがある間、レンドの範囲がより広くなるが、攻撃速度が遅くなる。
"Shapeshift into a Wyvern and launch yourself backwards with a powerful wingbeat that Knocks Back enemies. Enemies Primed for Heavy Stun will be stunned, release a shockwave, and have a chance to grant you a Power Charge. This skill can be used while using other skills to interrupt them.",ワイバーンにシェープシフトし、強力な翼の羽ばたきで後方に移動するとともに敵をノックバックする。ヘビースタン寸前の敵はスタンを受け、ショックウェーブを放ち、一定確率でプレイヤーにパワーチャージを付与する。このスキルは他のスキル使用中に使用でき、その使用を中断して使用できる。
"This skill creates a toad that jumps around briefly, the toad then explodes, dealing Attack damage in an area and inflicting Poison.  Damage you deal with this skill is not based on your Weapon.",このスキルはカエルを生成し、そのカエルは敵に向かって飛び跳ね、爆発し、範囲内にアタックダメージを与えると共に毒を付与する。このダメージはプレイヤーのマーシャル武器に基づかない。
"Command Navira to create a bubble shield which absorbs a portion of the damage dealt by enemies standing outside the shield. The maximum amount of damage that can be absorbed is based on your maximum Mana. If the shield is destroyed by damage, it collapses into a patch of Chilled Ground.",ナヴィラにコマンドし、泡でできた盾を生成させる。この盾は盾の外側にいる敵が与えたダメージの一部を吸収する。吸収できるダメージの最大量はプレイヤーの最大マナに応じて決まる。盾がダメージを受けて破壊された場合、盾は崩壊し、冷却領域のパッチになる。
"Command Navira to fracture all nearby areas of Chilled Ground that have enemies standing on them, doing high Spell damage with extreme Freeze potential.",ナヴィラにコマンドし、敵が上に立っている、近くの冷却領域のエリア全てを破砕させ、高い凍結ポテンシャルを持つ大きなスペルダメージを与えさせる。
"Command Navira to turn nearby Chilled Ground into Navira's Oasis, a mirage which grants you and Allies standing in it Flask charges and damage Recouped as Life and Mana. Plants in the area become Overgrown.",ナヴィラにコマンドし、近くの冷却領域をナヴィラのオアシスに変化させる。これはその上に立つプレイヤーと味方にフラスコチャージと受けたダメージのライフおよびマナとしての回収を付与する蜃気楼である。その範囲内のプラントは生い茂るようになる。
"Command Kelari to throw a volley of knives at the target location. The knives burrow into the ground, then erupt into the air after a short delay, dealing Spell damage.",ケラリにコマンドし、対象とした位置にナイフのボレーを投げるようにさせる。ナイフは地面に刺さり、短い遅延の後空中に噴出し、スペルダメージを与える。
"Command Kelari to create a blast at the target location that deals Spell damage, and leave behind a clone that persists for a short duration. This skill can store multiple charges, and using it again while a clone from a previous use is still alive causes that clone to explode, dealing even more damage.",ケラリにコマンドし、対象とした位置にスペルダメージを与える爆発を発生させ、短い持続時間の間持続するクローンを残させる。このスキルは複数の使用回数を貯めることができ、以前使用したスキルのクローンが存在する間に再び使用することで、クローンを爆発させさらに大きなダメージを与えることができる。
"Channel and Command Kelari to Channel alongside you, creating blades that hang over the target location. The longer you Channel, the more blades Kelari will create. Upon release, his blades plunge into the ground and create shockwaves that deal Spell damage.",チャネリングしケラリにコマンドすることで、ケラリにプレイヤーの横でチャネリングするようにさせ、対象とした位置に留まる刃を生成させる。プレイヤーがチャネリングした時間が長いほど、ケラリが生成する刃の数が増える。チャネリングを止めて放つと、刃は地面に刺さり、スペルダメージを与える衝撃波を発生させる。
"Command Ruzhan to place a fiery brand on an enemy. After a delay or when Detonated, the brand explodes, dealing Spell damage to enemies caught in the blast.",ルザンにコマンドし、敵に炎のブランドを設置させる。遅延の後、もしくは起爆された時に、その紋章は爆発し、爆発に巻き込まれた敵にスペルダメージを与える。
"Command Ruzhan to hurl his greatsword, spreading hazardous runes on the ground where it lands. If an enemy steps on a rune, it erupts in a fiery tornado that deals Spell damage.",ルザンにコマンドし、そのグレートソードを投げさせる。ソードが着地した地点の地面にハザードのルーンが広がる。敵がルーンの上に踏み込むと、ルーンは噴出し、スペルダメージを与える炎のトルネードを発生させる。
"Command Ruzhan to teleport to the target location. Upon arrival, the Djinn deals Spell damage to enemies around him then slams his blazing sword into the ground, creating a wave of lava that also deals Spell damage.",ルザンに対象とした位置にテレポートするようコマンドする。その場所に到達したら、ジンは周囲の敵にダメージを与え、炎の剣で地面にスラムを行い、スペルダメージを与える溶岩の波を発生させる。
"Command Ruzhan to conjure two volleys of flaming embers and fire them forward. The embers explode on impact, dealing Spell damage.",ルザンに炎のエンバーのボレー2列を呼び出すようコマンドし、それを前方に放たせる。エンバーは着弾すると爆発し、スペルダメージを与える。
"When you use a damaging Skill, Ruzhan emerges to Strike enemies near your target with zealous fervour, inflicting Exposure.",プレイヤーがダメージを与えるスキルを使用した時に、ルザンが出現し、狂信の熱気で対象にストライクを与え、曝露を付与する。
"Shapeshift into a Wyvern and spit Oil at enemies, creating Oil Ground where the Projectiles land. Consumes Power Charges if possible to instead Channel a sustained barrage of electrified Oil that does not create Oil Ground. Projectiles are fired in sequence, allowing multiple Projectiles to Hit the same target.",ワイバーンにシェープシフトし、敵にオイルを飛ばし、投射物が着弾した地点にオイル領域を生成する。もし可能ならばパワーチャージを消費し、代わりにオイル領域を生成しない電荷を帯びたオイルのバラージを継続的にチャネリングする。投射物は連続して放たれ、複数の投射物は同じ対象に複数回ヒットすることができる。
"While active, stores a percentage of the Physical damage that is prevented by your Armour or other sources of damage reduction. Using this Skill releases the stored damage as a nova of spikes.",アクティブ中、アーマーまたは他のソースのダメージ軽減により防いだ物理ダメージの一部を貯める。このスキルを使用すると、貯めたダメージをスパイクのノヴァとして放出する。
"Shapeshift into a Wyvern and take to the skies, immolating enemies with a jet of fire. Channelling ends after a short amount of time but can be prolonged by spending Rage. Consumes a Power Charge if possible to Empower the Skill, Gaining extra Lightning damage and spending Rage more slowly.",ワイバーンにシェープシフトし、空に向かって飛び上がり、炎の奔流で敵を焼く。短い時間の後、チャネリングは終わるが、憤怒を使用することで延長できる。もし可能ならばパワーチャージを使用し、スキルを強化し、追加の雷ダメージを獲得し、憤怒の使用がよりゆっくりになる。
"Conjures a rootbound fissure that crawls forward, damaging enemies in its path. While the fissure persists, vines lash out from it and attach to nearby enemies, damaging and Slowing them.",前方に向かって這って進む根に覆われた亀裂を呼び出し、通り道にいる敵にダメージを与える。亀裂が存在する間、近くの敵に付着するツタを伸ばし、ダメージを与えると共に減速させる。
"Shapeshift into a Werewolf and lash out with a flurry of claw swipes. The first Attack can dash to faraway enemies and the final Attack Strikes twice. Attacking a Frozen enemy will create Ice Fragments, which are Projectiles that land and explode after a short delay.",ウェアウルフにシェープシフトし、爪の連撃で敵を引き裂く。最初に行うアタックは遠くの敵に向かってダッシュし、連続攻撃の最後のアタックは2回ストライクする。凍結状態の敵にアタックするとアイスフラグメントを生成する。これは着弾すると短い遅延の後に爆発する投射物である。
"Shapeshift into a Bear and repeatedly pound the ground, creating Molten Fissures that travel randomly in a wide arc in front of you.",クマにシェープシフトし、地面を繰り返し叩きつけ、プレイヤーの前方の幅広い円弧状範囲にランダムに移動するマグマの亀裂を発生させる。
"Mark a target, causing it to take increased damage based on how many of the target's enemies are near to it. If the target dies, the Mark will Activate to Trigger the Summon Wolf skill and Consume the Mark.",対象に呪印を付与し、対象の近くの敵の数に応じて受けるダメージが増加するようにする。呪印を付与された対象が死亡した場合、呪印はアクティベートし、ウルフ召喚スキルをトリガーし、呪印を消費する。
Shapeshift into a Werewolf and leap backwards as you gouge the ground with both claws. Enemies can be Hit separately by both gouges. Hitting a Marked enemy with both gouges will Activate the Mark and cause an additional shockwave. Ice Fragments will be pulled into the location where the gouges cross and explode. immediately. This skill can be used while using other skills to interrupt them.,ウェアウルフにシェープシフトし後ろに飛び退き、両手の爪で地面をえぐる。敵は両手のえぐりから独立してヒットを受けることができる。両手のえぐりで呪印を付与された敵にヒットを与えると、呪印はアクティベートし、追加のショックウェーブを発生させる。アイスフラグメントはえぐりの交差した位置に引き寄せられ、即座に爆発する。このスキルは他のスキルの使用中に使用でき、それを中断させることができる。
"Consume all Power Charges to master the elements, gaining Elemental Damage and the ability to apply Elemental Ailments with other damage types. Can only be used while you have maximum Power Charges.",パワーチャージを消費し、元素の能力を極め、元素ダメージを獲得し、異なるダメージタイプでも元素系状態異常を付与できる能力を獲得する。パワーチャージの数が最大の時だけ使用できる。
"Unleashes a torrent of anguish that bombard the target area, dealing damage in an area on impact. Does not use Ammunition and can be fired freely until the Requiem ends.",苦悶の奔流を解き放ち、対象とした地点を爆撃し、着弾時に範囲にダメージを与える。弾薬を使用せず、レクイエムが終了するまで自由に放つことができる。
"Your weapon passively accumulates anguish from the tormented souls within. When fully charged, use this skill to compose the Requiem, transforming your Crossbow shot into a torrent of anguish for a short, fixed amount of time. Does not use Ammunition.",武器がその中に存在する拷問された幽霊から苦悶を蓄積する。完全にチャージされた時にこのスキルを使用してレクイエムを奏で、クロスボウから放たれるボルトを短い固定された時間の間、苦悶の奔流に変える。弾薬を使用しない。
"Shapeshift into a Werewolf and swipe with your claws, projecting an arc of moonlight and ice forward in a crescent.",ウェアウルフにシェープシフトし、爪で薙ぎ払い、前方に半円状の月光と氷の弧を放つ。
Chills all enemies in your Presence.,プレイヤーの存在下にいる全ての敵を冷却する。
"Shapeshift into a Wyvern and devour a Corpse or Cullable enemy, and additional nearby Corpses. For each enemy or corpse devoured, you regenerate life and gain a Power Charge. If the target is far enough away, you will leap to them and damage nearby enemies where you land. Targeting nearby enemies or corpses will not perform a leap or a Slam.",ワイバーンにシェープシフトし、死体またはカリング可能な敵および近くの追加の死体を貪る。貪られた敵または死体ごとに、ライフを自動回復するとともに、パワーチャージを獲得する。もし対象が遠すぎる場合、その敵に飛びつき着地した地点の近くの敵にダメージを与える。近くの敵または死体を対象にした場合にはリープまたはスラムを行わない。
"Spur the growth of huge vines, which emerge randomly within the target area. The vines crash to the ground then retreat, targeting nearby enemies if possible.",巨大な蔓を成長させ、対象エリア内にランダムに出現させる。ツタは地面に叩きつけられた後、引き戻り、可能であれば近くの敵を攻撃する。
"Shapeshift into a Werewolf and offer your Rage to the moon to receive a blessing, gaining bonus Cold damage for yourself and any Wolf Minions you have from Wolf Pack or Predator's Mark. Spends all Rage to extend the Buff's duration. While the Buff is active, your Werewolf Melee Attacks call down Moonbeams on Hit.",ウェアウルフにシェープシフトし、憤怒を月に差し出し、祝福を得る。冷気ダメージのボーナスをプレイヤーおよびウルフパックまたはプレデターの呪印で呼び出したウルフミニオンが獲得する。使用時に全ての憤怒を使用し、バフの持続時間を延長する。バフがアクティブな間、ウェアウルフ近接アタックはヒット時にムーンビームを呼び出す。
"Shapeshift into a Werewolf and let out an icy howl that damages enemies and Freezes Primed enemies. If an enemy is Frozen or a Frozen enemy is Hit, this Skill Empowers your attacks with added Cold damage, causes Empowered Slams to create Chilled Ground, and grants your Allies added Cold damage. This Skill's cooldown can be bypassed by expending an Endurance Charge.",ウェアウルフにシェープシフトし、敵にダメージを与え凍結寸前の敵を凍結状態にする氷の咆哮を放つ。敵が凍結されるか、凍結状態の敵にヒットを与えると、このスキルはアタックを追加冷気ダメージで強化し、味方に追加冷気ダメージを付与する。スキルのクールダウンはエンデュランスチャージを使用することでバイパスすることができる。
"Teleport to a target, dealing Lightning Attack Damage.",対象の位置にテレポートし、雷アタックダメージを与える。
"Explodes to deal Cold Damage in an area after a short delay, based on the life of the slain frozen Enemy.",短い遅延の後に爆発し、範囲内に冷気ダメージを与える。ダメージは倒した凍結状態の敵のライフに基づく。
"Pull enemies in and pulse Lightning damage, Hindering enemies Hit. Each pulse increases in damage, with the final pulse dealing additional damage.",敵を引き寄せ、雷ダメージのパルスを放ち、ヒットを受けた敵を阻害する。それぞれのパルスはダメージが増加していき、最終パルスは追加のダメージを与える。
Deal Fire Damage in an Area based on a percentage of the expected Damage of the Consumed Ignite.,消費された発火の予想ダメージの一定割合に応じて範囲内に火ダメージを与える。
Creates multiple Fissures when landing with Supported Skill.,サポートされたスキルにより着地した時に、複数の亀裂を生成する。
Deals Fire damage in an area around the exploding Corpse based on its maximum Life.,爆発した死体の周囲にその最大ライフに応じた火ダメージを一定範囲に与える。
Creates Skittering Stone Minions from shattered objects created by Supported Skill.,サポートされたスキルにより生成されたオブジェクトを砕くことで、這いまわる石のミニオンを生成する。
"Hurl a fiery hammer that Slams into the ground and lodges there. While the hammer is lodged in the ground, reusing this Skill recalls the hammer and resets the Skill's cooldown. Alternatively, using a Warcry near the lodged hammer causes it to shatter, releasing a number of Molten Fissures in a spiral.",炎のハンマーを投げ、地面にスラムさせ、地面に突き刺さるようにする。ハンマーが地面に刺さっている間、このスキルを再使用すると、そのハンマーをプレイヤーの元に呼び戻し、スキルのクールダウンをリセットする。または、刺さったハンマーの近くでウォークライを使用するとそのハンマーを砕けさせ、複数のマグマの亀裂を螺旋状に発生させる。
"While active, the first time any Skill Hits a Shocked enemy in your Presence, that Skill also Hits other Shocked enemies in your Presence, up to a maximum.",アクティブな間、プレイヤーの存在下にいる感電状態の敵にいずれかのスキルでヒットを初めて与えた時に、存在下にいる他の感電状態の敵にもそのスキルによるヒットが行われるようにする。ヒットできる最大回数がある。
"Consume stored Minion Life to Revive your Minions. Revives as many Minions as possible with total maximum Life equal to or less than the Life stored by Grim Feast, prioritising those with higher maximum Life.",蓄積したミニオンのライフを消費し、ミニオンを復活させる。グリムフィーストにより貯められた合計ライフと同等かそれ以下のライフ量のミニオンをできる限りたくさん復活させる。より最大ライフの多いミニオンを優先して復活させる。
"Empowers the next Projectile Skill you use, causing it to create additional Projectiles and fly faster.",次にプレイヤー自身が使用する投射物スキルを強化し、追加の投射物を放つようにし、投射物スピードを上げる。
"Summons an immortal Lightless Stalker Minion which puts enemies it Hits under the Watcher's Gaze. Killing those enemies, or Hitting them if Rare or Unique, causes this skill to summon temporary Foul Eye Minions.",ヒットを与えた敵をウォッチャーズゲイズ状態にする不死のライトレスストーカーミニオンを召喚する。その状態の敵を倒すか、レアまたはユニークであればヒットを与えると、このスキルは一時的なファウルアイミニオンを召喚する。
"Create an area of Toxic Bloom on the ground around you. While in the Bloom, you have increased Skill costs, Regenerate Life, and your Projectile Attacks attach a Toxic Pustule, which can be Poisoned. Pustules will Detonate after a duration or when enough Poison has been applied, dealing more damage based on the stored Poison damage and applying Poison in an area around it.",トキシックブルームのエリアをプレイヤーの周囲の地面に生成する。ブルームの中にいる間、プレイヤーはスキルコストが増加し、ライフを自動回復し、投射物アタックは毒性の膿疱を伴うようになる。膿疱には毒を付与することができ、短い時間の後または十分な毒を付与された後に爆発し、貯められた毒に応じてより大きなダメージを与え、その周囲の範囲の敵に毒を付与する。
"While active, gains Energy when you cast Spells. Using the Invocation once sufficient Energy is gathered will consume the Energy to trigger socketed Spells, and can trigger them multiple times if it has enough Energy.",アクティブ中、スペルをキャストした時にエネルギーを獲得する。十分なエネルギーを集めた時にこのインボケーションを使用することで、エネルギーを消費し、ソケットされたスペルをトリガーする。十分なエネルギーがあればそのスペルを複数回トリガーできる。
"Ready your active Bow or Spear, Empowering your next Repeatable Bow or Projectile Spear Attacks to Convert Physical Damage to Cold Damage and Trigger Ice Fragments on Hit. This Skill's cooldown can be bypassed by expending a Frenzy Charge. Cannot Empower Sustained Skills.",アクティブな弓またはスピアを準備し、次に行う繰り返し可能な弓または投射物スピアアタックを強化し、物理ダメージを冷気ダメージに変換し、ヒット時にアイスフラグメントをトリガーするようにする。このスキルのクールダウンは、フレンジーチャージを消費することでバイパスできる。維持スキルを強化できない。
"When you Hit with Unarmed Melee Attacks, calls down lightning bolts which deal Unarmed Attack damage to all surrounding enemies.",素手アタックのヒットを与えると稲妻を呼び起こし、周囲の敵に素手アタックダメージを与える。
"When you Hit with Unarmed Melee Attacks, projects icy wind which deal Unarmed Attack damage to all surrounding enemies and destroy Ice Crystals.",素手近接アタックのヒットを与えると氷の風を巻き起こし、周囲の敵に素手アタックダメージを与え、氷の結晶を破壊する。
Direct your flying companion to eviscerate another player's pet.,空飛ぶペットに命令を下し、他のプレイヤーのペットを引き裂かせる。
"Hinekora observes your Future-Past granting you the opportunity to subvert a lesser fate. After a period of Hindsight, she will grant you her Foresight, which prevents you from avoiding Hits while Dodge Rolling. When you are Hit while Dodge Rolling, Hinekora restores you to full Life immediately before taking damage from the Hit, and grants you Sight Beyond Sight, which prevents you from dying.",ヒネコラはあなたの時の交差を見通し、不運な運命を覆す機会を与えてくれる。事後の見通しの期間の後、予見の力をあなたに授け、ドッジロールによりヒットを無効化できなくする。ドッジロール中にヒットを受けたら、ヒネコラはそのヒットからダメージを受ける前に即座にあなたのライフをフルにまで回復する。その後、予見を超えた予見を付与し、死を予防する。
"Channel to imbue your armour with Runic Plates. When you are Hit while you have these plates, some of the damage you would take will be prevented, and this skill will cause backlash, dealing your Thorns damage in an area around your attacker.",チャネリングを行い武器に、ルーンのプレートを宿させる。このプレートとがある時にヒットを受けると、受けるダメージの一部が防がれ、スキルは反撃を行い、攻撃者の周囲の範囲に棘ダメージを与える。
"Explodes and deals Chaos Damage when an Enemy enters the area, applying the supported Curse on Hit.",敵が範囲内に入った時に爆発し、知性の数値に基づいて混沌ダメージを与える。ヒット時にソケットされた呪いを適用する。
"Command a Skeletal Frost Mage to target a location or Minion and apply Ice Armour to Minions in an area, reducing damage taken from Hits, causing damage to enemies that Hit them, and counting as Frozen for other effects.",スケルトンフロストメイジにコマンドを下し、対象の位置またはミニオンを指定することで範囲内のミニオンにアイスアーマーを適用する。そのアイスアーマーはヒットから受けるダメージを減少させ、そのミニオンをヒットした敵にダメージを与え、他の効果でそのミニオンが凍結状態であると見なすようにする。
"While active, has a chance to create an Infusion Remnant when you Freeze, Shock or Ignite a target.",アクティブ中、対象を凍結、感電または発火させた時に一定確率でインフュージョンレムナントを1個生成する。
"Command a Skeletal Brute to use a Warcry, Intimidating nearby enemies and Consuming Freeze on enemies and allies to deal damage in an Area around them.",スケルトンブルートにウォークライを使用するようコマンドし、敵を威嚇させ、近くの味方および敵の凍結を消費し、周囲の敵にダメージを与える。
Conjures a number of icy Projectiles that launch towards the target. Projectiles that Hit a Chilled or Frozen target create chunks of ice that deal additional damage on impacting the ground. Consumes a Cold Infusion if possible to cause each Projectile to lodge into the enemy then explode.,短い時間、空中にホバリングする多数の氷の投射物を呼び出し、対象に向けて放つ。冷却状態または凍結状態の対象をヒットした投射物は氷の塊を生成し、地面に接触した時に追加のダメージを与える。もし可能ならば、コールドインフュージョンを消費し、それぞれの投射物を敵に突き刺ささり、その後爆発するようにする。
An arc of Lightning stretches from the caster to a targeted enemy and Chains on to other nearby enemies. Consumes a Lightning Infusion if possible to deal more damage and Chain further.,雷のアークがキャスターから対象とした敵に伸び、他の近くの敵に連鎖する。もし可能ならば、ライトニングインフュージョンを消費し、ダメージが上昇し、さらに連鎖するようにする。
"Conjure Abyssal spirits to Hinder a Rare Undead for a duration. If you defeat the Undead while it is Hindered, it will be captured and stored into a Soul Crystal Skill Gem. The Soul Crystal will allow a wielder of great Abyssal power to summon the bound Undead as a Reviving Companion.",アビスの霊魂を呼び出し、レアのアンデッドの敵を一定時間阻害する。そのアンデッドを阻害状態の時に倒すと、そのモンスターは捕縛され、ソウルクリスタルスキルジェムに閉じ込められる。ソウルクリスタルはアビサルパワーを持つものに、捕縛したアンデッドを復活するコンパニオンとして召喚できるようにする。
Summon a Reviving Undead Companion to aid you in combat.,復活するアンデッドコンパニオンを召喚し、戦闘に加勢させる。
"Consume a Power Charge when you cast a damaging Spell to trigger an Abyssal Apparition who will also cast that same Spell for you. Does not work with Channelling Spells, Spells with a Cooldown, Triggered Spells, Spells granted by items, or Spells which already consume a Power Charge. This Skill is not directly Supportable.",ダメージを与えるスペルをキャストした時にパワーチャージを消費し、アビサルアパリション(アビスの幻影)をトリガーし、その幻影にプレイヤーの代わりに同じスペルをキャストさせる。チャネリングスペル、クールダウンを持つスキル、トリガーされたスペル、アイテムによって付与されるスペル、すでにパワーチャージを消費するスペルでは機能しない。このスキルは直接サポートジェムをつけることができない。
Creates spreading Chilled Ground around Ice Crystals created by Supported Skills.,サポートされたスキルにより生成された氷の結晶の周りに拡張していく冷却領域を生成する。
Whack another exile with your severed arm.,切断した腕で他のエグザイルを叩きつける。
"While active, a portion of the Physical Attack damage you deal is stored. Casting a Spell uses the stored damage to create a patch of Thorny Ground that deals Spell damage to moving enemies.",アクティブ中、与えた物理アタックダメージの一部を蓄積する。スペルをキャストすると、蓄積されたダメージを使用し、棘領域のパッチを生成し、その上に移動してきた敵にスペルダメージを与える。
"While active, you constantly regenerate Rage.",アクティブ中、常時憤怒を自動回復する。
"While active, your Fury builds from Attacking enemies. Using this Skill releases your Fury to send you into a bestial frenzy, gaining damage and Onslaught but constantly losing life and forcing you into animal form. The frenzy ends immediately if you return to human form. You cannot gain Fury while in a frenzy.",アクティブ中、敵にアタックすることでフューリーを蓄積する。このスキルを使用すると、フューリーを解き放ち、獣の狂乱状態になり、ダメージおよび猛攻を獲得するが、継続的にライフを失い、強制的に動物形態に変身させる。狂乱は人間形態に戻ると即終了する。狂乱状態の時にフューリーを獲得できない。
This skill is Triggered when Predator's Mark Activates to Summon a Wolf Minion that follows you as long as it lives.,プレデターの呪印がアクティベートした時にこのスキルはトリガーされ、生存中にプレイヤーに付き従うウルフミニオンを召喚する。
"Build Glory by gaining Rage while already at maximum Rage. When you have maximum Glory, roar to the heavens to bring them down upon your enemies. For the duration of the Skill, meteors rain down around you and you Gain Fire damage and Rage regeneration. This Skill's effects are suppressed if you leave Bear form, but will resume if you return to Bear form before the duration expires.",クマ形態の時に憤怒が最大値の状態でさらに憤怒を獲得することでグローリーを蓄積する。グローリーが最大値になった時に天に向かって叫び、敵に天から降り注がせる。スキルの持続時間の間でかつクマ形態で居続けている間、プレイヤーの周囲に隕石が落下し、プレイヤーは火ダメージおよび憤怒自動回復を獲得する。クマ形態でなくなった時にこのスキルの効果は中断するが、持続時間が切れる前にクマ形態に戻れば再開する。
"Leash the stars themselves by leveraging your vast magical power, repeatedly Triggering Starfall targeting an enemy in an area around you, or a random location in that area if no enemies can be targeted.",膨大な魔力を利用して星々そのものを操り、スターフォールを繰り返しトリガーし、プレイヤーの周囲の範囲内の敵または、対象にできる敵がいない場合その範囲内のランダムな位置を対象にする。
"A star falls at a targeted location, dealing area damage on impact. Larger stars leave Chilled Ground for a short duration.",星が対象とした位置に堕ち、衝突時に範囲ダメージを与える。巨大な星は短い間冷却領域を残す。
"Build Glory by Hitting enemies with Elemental damage. When you have maximum Glory, you may become the walking Apocalypse for a duration, Triggering one of multiple powerful Elemental Skills at an interval while this Buff lasts.",元素ダメージで敵にヒットを与えることでグローリーを蓄積する。グローリーが最大値になった時に一定時間歩くアポカリプスとなることができ、このバフが持続する間、一定間隔で強力な元素スキルの内一つをトリガーする。
"Targets an area or an enemy, calling down a massive meteor to strike an area, dealing Fire damage and contributing to your enemies' extinction.",エリアまたは敵を対象とし、巨大な隕石を落とし、範囲に落下させる。火ダメージを与え、敵を殲滅する。
"Targets an area or an enemy, causing a series of icy hailstones to rain down in an area over a duration.",エリアまたは敵を対象とし、氷の霜の雨を一定時間範囲に降り注がせる。
"Targets an area or an enemy, causing a rapid buildup of pulsing Lightning damage in an area that culminates in a powerful final Lightning strike.",エリアまたは敵を対象とし、パルス状に雷ダメージを素早く蓄積させ、最終的に強力な雷の落雷を起こさせる。
Spawn a verdant flower that grows and explodes.,新緑の花をスポーンさせ、成長させた後、爆発させる。
"Causes a fiery explosion in a cone behind the target, dealing Attack damage which is not based on your Weapon",対象の後ろのコーン状範囲に炎の爆発を起こさせ、武器ダメージを参照しないアタックダメージを与える。
"Sends a Chaining Lightning Projectile from the Shocked enemy towards a nearby Drenched enemy, dealing Spell damage.",感電した敵から近くのずぶ濡れ状態の敵に対して連鎖する雷投射物を放ち、スペルダメージを与える。
"Mirrors of Refraction appear in your Presence periodically. Hitting a mirror with a Spell Projectile causes it to shatter, copying the projectiles in a nova around the destroyed mirror. Copied Projectiles may be copied again when colliding with other mirrors.",屈折の鏡がプレイヤーの存在下に定期的に出現する。鏡にスペル投射物でヒットを与えると鏡は粉々に割れ、投射物のコピーを割れた鏡に周囲にノヴァ状に放つ。コピーされた投射物は他の鏡と接触すると再度コピーされる。
"While active, taking Hit damage from enemies to your Energy Shield causes you to gain Armour for a short duration. Armour gained from multiple Hits can stack. The total Armour gained from this Skill cannot exceed the Item Armour on your Equipped Armour Items.",アクティブ中、敵からエナジーシールドにヒットダメージを受けるとアーマーを短い間獲得するようになる。複数のヒットから獲得したアーマーはスタックする。このスキルで獲得できる合計アーマーは装備中の防具アイテムのアイテムアーマーを超えることはできない。
"While active, gains Energy when you spend Mana. Using the Invocation once sufficient Energy is gathered will consume the Energy to create visages which attack once with a socketed Shapeshifting Attack, creating multiple visages if it has enough Energy.",アクティブ中、マナを使用することでエネルギーを獲得する。十分なエネルギーが貯まった時にインヴォケーションを使用するとエネルギーを消費し、ソケットされたシェープシフトアタックを一度だけ使用するヴィセージを生成する。エネルギーが十分あれば複数のヴィセージを生成できる。
"Attach a Toxic Pustule to the enemy, which Detonates after a delay, dealing Attack damage. They can also be Poisoned, causing them to Detonate faster and more violently.",毒の膿疱を敵に付着させ、それは遅延の後に爆発し、アタックダメージを与える。その膿疱にも毒を付与することができ、それにより爆発が早くなり、より強烈になる。
"Creates a deadly slash towards the target, dealing Attack damage which is not based on your Weapon.",対象に向かってデッドリースラッシュを行い、武器ダメージを参照しないアタックダメージを与える。
"Build Glory by dealing Chaos damage to enemies. When you have maximum Glory, you can entreat the Dreamer to inhabit you, briefly becoming his Archon.",敵に混沌ダメージを与えることでグローリーを蓄積する。グローリーが最大になると、夢見人に自身への宿りを懇願し、一時的に彼のアルコンとなることができる。
"You are chosen by Azmerian spirits who provide guidance, allowing you to see nearby Ancient Blooms.",お前はアズメリの精霊に導きを与えるものとして選ばれ、近くの古代の開花を見ることができるようになる。
"Leap into the air carried by divine wings, damaging enemies with your spear where you land. If there is a Fragment of Divinity near you or the targeted location, this attack will Consume it when you leap to become Empowered, dealing more damage and granting life and mana recovery. This skill does not use up its Cooldown when empowered.",神の翼により上空に跳躍し、着地した地点の敵にスピアでダメージを与える。プレイヤーの近くまたは対象とした地点の近くに神性の欠片があれば、このアタックは跳躍した時にそれを消費し、強化状態になり、ダメージが上昇し、ライフおよびマナ回復を付与する。このスキルは強化状態の間、クールダウン使用回数を使用しない。
Build up Glory by Freezing or Chilling enemies. When you have maximum Glory you may jump backwards loosing your Mace with the force of a falling comet onto your target. The impact releases Fissures and causes stars to fall in the area for a brief period.,敵を凍結または冷却させることでグローリーを蓄積する。グローリーが最大値の時に、後ろに飛び退き、落下する隕石の力でメイスを対象に振り落とせる。衝撃で亀裂を放ち、短い間そのエリアに星を落下させる。
"While active, summons short-lived Azmerian Swarms when you kill enemies affected by Elemental Ailments or hit Rare or Unique enemies affected by Elemental Ailments. The swarms are untargetable Minions that pursue nearby enemies to Attack them and inflict Faerie Fire on Hit.",アクティブ中、元素系状態異常の影響を受けている敵を倒すか元素系状態異常の影響を受けているレアまたはユニークの敵にヒットを与えると、短命のアズメリ・スウォームを召喚する。このスウォームは敵から攻撃の対象にされないミニオンで、近くの敵を追跡しアタックを行い、ヒット時にフェアリーファイヤーを付与する。
"Draws out the latent fears of enemies you kill and Rare or Unique enemies you Hit, turning them into unstable apparitions which charge towards enemies and then explode.",倒した敵およびヒットを与えたレアまたはユニークの敵が持つ潜在的な恐怖を引き出し、不安定な幻影に変える。幻影は敵に向かって突撃し、その後爆発する。
The Flock damages enemies around you.,群れがプレイヤーの周囲の敵にダメージを与える。
"Hurl your Shield as a Projectile which Returns to you at the end of its flight. While the Shield is in flight, this skill is replaced with Embrace the Fall. This skill's cooldown is skipped if you catch the Shield as it Returns, or destroy an Ice Crystal with the Embrace the Fall.",盾を投射物として投げつけ、その盾は飛び終わった後にプレイヤーの元に回帰する。回帰した盾を手に取るか、エンブレースザフォールで氷の結晶を破壊するとこのスキルのクールダウンはスキップされる。
"Teleport to your thrown Shield, appearing in the air and Slamming it into the ground to deal damage in an area. Destroying an Ice Crystal with this skill skips the cooldown of Soaring Midnight.",投げた盾の位置にテレポートし、空中に出現し、地面にスラムを行い範囲内にダメージを与える。このスキルで氷の結晶を破壊するとソアリングミッドナイトのクールダウンをスキップする。
Conjure a Chaos tornado that chases down and Slows enemies.,敵を追跡し減速を与える混沌のトルネードを呼び出す。
"Summons a Shapeshifting Spirit Vessel Companion that uses copies of socketed Bear, Werewolf, and Wyvern Skills.",ソケットされたクマ、ウェアウルフおよびワイバーンスキルのコピーを使用する、シェープシフトするスピリットヴェセルコンパニオンを召喚する。
Direct your feline companion to mesmerize another player's pet.,ネコの相棒に命じて他のプレイヤーのペットを魅了させる。
"Dash to an enemy and Strike them, Culling enemies if their life is low enough. When this skill kills an enemy you draw out their final fears, crushing them to create a shockwave. Enemies around you that can be Culled will be highlighted.",敵に向かってダッシュし、その敵にストライクを行い、そのライフが十分低ければカリングする。このスキルで敵を倒した時に、その敵の最期の恐怖を引き出し、その恐怖を叩き潰し、ショックウェーブを生成する。プレイヤーの周囲のカリング可能な敵はハイライトされる。
"While active, Critical Hits with other skills that kill targets, or hit powerful targets cause you to gain Arctic Petals. Once you have enough Arctic Petals they will be Consumed to create Ice Crystals near the most recent target.",アクティブ中、他のスキルのクリティカルヒットで敵を倒すか、強力な敵にヒットを与えるとアークティックペタルを獲得する。十分な量のアークティックペタルが貯まった時にそれを消費し、最も直近の対象の近くに氷の結晶を生成する。
"While active, conjures a glittering barrier that accumulates protective gemstone Motes of each Attribute type over time, but loses a random Mote when you are Hit.",アクティブ中、時間経過でそれぞれの能力値タイムの防御のジェムのモートを蓄積する。ヒットを受けるとランダムなモートを1スタック失う。
Explodes a Witchtoad to deal spell damage in an area.,ウィッチトードを爆発させ、範囲内にスペルダメージを与える。
"While active, areas of intense runic energy are revealed to you. Standing over them grants you a powerful Spell damage boost but constantly drains your Runic Ward. Running out of Runic Ward causes the energy to temporarily dissipate.",アクティブ中、強力なルーンエネルギーのエリアが見えるようになる。その上に立つと強力なスペルダメージのブーストを得るが、ルーンワードが継続的に失われる。ルーンワードがなくなると、そのエネルギーは一時的に消散する。
"Unleash a wave of volatile ice that feeds on flames. While the wave doesn't deal damage, the ice latches onto Ignited enemies, refreshing the duration of their active Ignite and rapidly Freezing them but preventing them from being Ignited further until the Ignite expires.",ルーンワードを使用し、炎を糧とする不安定な氷の波動を解き放つ。その波動自体はダメージを与えないが、発火状態の敵に氷がまとわりつき、アクティブな発火の持続時間を更新し、その敵を瞬時に凍結させる。だが、その敵の発火の効果が切れるまで他の発火を付与できなくなる。
Sacrifice your Runic Ward to send out an energy pulse that grants nearby Allies Guard.,ルーンワードを捧げ、近くの味方にガードを付与するエネルギーパルスを放出する。
"Fires molten Projectiles from the enemy hit, which will explode when they land nearby, dealing Attack damage in an area.",ヒットを与えた敵からマグマの投射物を放たせる。その投射物は近くに着弾したら爆発し、範囲内にアタックダメージを与える。
"Spends Ward to generate Verisium Infusions, which can be used in place of any Elemental Infusions.",ルーンワードを使用し、ヴェリシウムインフュージョンを生成する。そのインフュージョンは全ての種類のエレメンタルインフュージョンの代わりとして使用できる。
"Spends all your Runic Ward to gain a short-duration Buff that causes you to Block all Blockable Hits and apply Parried to enemies from which you've Blocked a Hit. This Buff is removed if you are Heavy Stunned. While this Buff is active, you cannot be Light Stunned, but Blocking too much damage may Heavy Stun you.",ルーンワードを全て使用し、全てのブロック可能なヒットをブロックする短時間だけ有効なバフを獲得する。プレイヤーがブロックしたヒットを与えてきた敵に対してパリィのデバフを付与する。バフがアクティブな間、ライトスタンすることはないが、あまりにたくさんのダメージをブロックするとプレイヤーがヘビースタンすることがある。
"Spend Runic Ward to Curse enemies with a Verisium Rune, inflicting them with Fragility. Hitting these enemies removes the Curse to Trigger an explosion, Knocking Back nearby enemies and causing more Stun buildup based on the Fragility on the target Hit.",範囲を指定し、範囲内の敵をヴェリシウムルーンで呪い、虚弱を付与する。これらの敵にヒットを与えると、呪いが取り除かれ爆発をトリガーし、呪いを付与された対象の近くにいる他の敵に大きなノックバックを与える。対象へのヒット時に付与されていた虚弱に基づき、スタン蓄積が上昇する。
Deals Physical Attack damage in an area around the Cursed target that is not based on your Weapon's damage. Other targets are Knocked back and take more Stun buildup based on the Fragility they have.,呪いを付与された対象の周囲に、自身のマーシャル武器のダメージに基づかない物理アタックダメージを与える。他の対象はノックバックされ、付与されている虚弱に応じて受けるスタン蓄積が上昇する。
"Tap into the power of the Triskelion Flame to Empower the next Cascadable Spell you cast. The Empowered Spell becomes centred on your location, and Cascades to six areas around you in a Triskelion pattern.",トリスケリオンの炎の力を取り込み、ルーンワードをコストとして、次にプレイヤーがキャストするカスケード可能スペルを強化する。強化されたスペルはプレイヤーの位置を中心にして発動し、プレイヤーの周囲6個のエリアにトリスケリオンの模様上にカスケードする。
"Build Glory by spending Runic Ward. When you have maximum Glory, you may call down a mass of Verisium from the sky, dealing high damage at the targeted location and summoning a Temporary Minion. Targeting close to you will cause you to jump back as you cast. Consumes a Verisium Infusion, if possible, to increase the number of Minions summoned.",ルーンワードを消費してグローリーを蓄積する。グローリーが最大になると、空からヴェリシウムの塊を呼び降ろし、対象地点に高ダメージを与え、一時的ミニオンを召喚できる。近くを対象にすると、キャスト時に後方へ跳ぶ。可能であればヴェリシウムインフュージョンを消費し、召喚されるミニオンの数を増加させる。
"Spend Runic Ward to cause a destabilising Hit against an enemy under the Culling Strike Threshold, making them violently explode. Highlights enemies under the Culling Strike Threshold.",ルーンワードを使用し、カリングストライク閾値を下回る敵へのヒットを不安定化させ、その敵を激しく爆発させて周囲の敵にダメージを与える。カリングストライク閾値を下回る敵をハイライトする。
Sacrifice a portion of your Life to recover Runic Ward. Runic Ward recovered by this Skill can Overflow.,ライフの一部を捧げ、ルーンワードを回復する。このスキルで回復するルーンワードはオーバーフローできる。
"Spend Ward and target an area, transforming Corpses into bitter cores that seek out enemies and Chill enemies near them. The cores explode at the end of their duration, creating runes which deal additional Cold damage over time.",ルーンワードを使用し、範囲を対象とし、死体をビターコアに変化させる。ビターコアは敵を探し出し、その近くの敵を冷却させる。コアは持続時間が終わったら爆発し、追加の冷気継続ダメージを与えるルーンを生成する。
Spend Runic Ward to instantly Revive your Minions. Prioritises the most powerful minions first.,ルーンワードを使用し、ミニオンを即座に復活させる。より強力なミニオンを先に優先して復活させる。
Spend Runic Ward to cause damaging Ice-Crystal spears to erupt from the ground around you. These spears can be destroyed for an explosion of Cold damage.,ルーンワードを消費し、周囲の地面からダメージを与える氷の結晶の槍を噴出させる。これらの槍は破壊することで爆発し、冷気ダメージを与える。
"While active, Hitting with an Attack will spend Runic Ward to summon a Verisium Manifestation, a short-lived Temporary Minion that rapidly Attacks nearby enemies, ignoring commands. Enemies will not directly engage these Minions, and can pass through them.",アクティブ中、アタックでヒットを与えるとルーンワードを消費し、ヴェリシウムの顕現を召喚する。これは短命の一時的ミニオンであり、命令を無視して近くの敵を素早くアタックする。敵はこれらのミニオンと直接交戦せず、通り抜けることができる。
Summon a short-lived Verisium Manifestation that launches Projectile Attacks at enemies.,敵に投射物アタックを放つ、短命のヴェリシウムの顕現を召喚する。
"While active, enemies you Stun or kill have a chance to generate a Runic Ward Remnant. These Remnants can Overflow your Runic Ward.",アクティブ中、あなたがスタンさせた、または倒した敵は一定確率でルーンワードのレムナントを生成する。これらのレムナントはあなたのルーンワードをオーバーフローできる。
Spend all your Runic Ward to summon Temporary Wardbound Casters. These Minions target nearby enemies with damaging Cold Spells.,すべてのルーンワードを消費し、一時的なワードバウンドキャスターを召喚する。これらのミニオンは近くの敵をダメージを与えるコールドスペルの対象にする。
Spend Runic Ward to create a Verisium volcano that deals damage on initial eruption and Triggers Ice Fragments.,ルーンワードを消費してヴェリシウムの火山を生成する。火山は最初の噴火時にダメージを与え、アイスフラグメントをトリガーする。
"Spend Runic Ward to create a number of Hazardous Runes in a cone in front of you, which arm after a time. After arming, these Runes will activate when enemies step on them, exploding to deal Attack damage that is not based on your Weapon's damage and apply Electrocution buildup.",ルーンワードを消費し、自身の前方の扇状範囲に複数のハザードのルーンを生成する。ルーンは一定時間後に作動可能状態になる。作動可能状態になった後、敵が踏むとこれらのルーンが起動し、爆発してマーシャル武器のダメージに基づかないアタックダメージを与え、麻痺蓄積を付与する。
"Killing an enemy with Blood Loss will cause a bloody explosion that deals Physical Attack damage to surrounding enemies. This damage is not based on your Weapon Damage, but is based on their accumulated Blood Loss. The explosion destroys their Corpse if the enemy was Normal or Magic.",失血を持つ敵を倒すと血の爆発が発生し、周囲の敵に物理アタックダメージを与える。このダメージは自身の武器ダメージに基づかず、その敵に蓄積された失血に基づく。その敵がノーマルまたはマジックだった場合、爆発はその死体を破壊する。
"Expend a large amount of Runic Ward to instantly create a short-lived copy of yourself that uses a Socketed Skill once, then vanishes. This Skill's cost is equal to the total cost of Socketed Skills. The copy cannot perform Channelled, Remote, Cooldown or Conditional Skills, or summon Minions.",大量のルーンワードを消費し、自身の短命のコピーを即座に生成する。このコピーはソケットされたスキルを一度使用した後、消滅する。このスキルのコストは、ソケットされたスキルの合計コストと同量になる。コピーはチャネリング、遠隔、クールダウンまたは条件スキルを使用できず、ミニオンを召喚することもできない。
"Channel to create a protective bubble all around you, Blocking Hits against you. While Channelling this Skill, you cannot be Light Stunned by Hits you Block, and damage you take from Hits is also removed from Runic Ward. Blocking Hits this way causes you to accumulate Heavy Stun buildup. You cannot recover Runic Ward while this Skill is active.",チャネリングして自身の周囲全体に防護の泡を生成し、自身へのヒットをブロックする。このスキルをチャネリング中、ブロックしたヒットによってライトスタンすることがなくなり、ヒットによるダメージはライフより先にルーンワードから受ける。過剰なダメージをブロックするとヘビースタンすることがある。このスキルの発動中、ルーンワードを回復できない。
"Spend Runic Ward to raise a pair of electrified pylons in front of you which project a wall of electricity between them, damaging and Electrocuting enemies caught between them. Projectiles you fire through the wall become energised, and discharge that energy on Hit as Chaining Lightning beams.",ルーンワードを使用し、前方に帯電したパイロンを一対立て、その間に電気の壁を投射し、壁に巻き込まれた敵にダメージを与えて麻痺させる。自身が壁を通して放った投射物はエネルギーを帯び、ヒット時にそのエネルギーを連鎖する雷ビームとして放出する。
"Creates a Fractured Mimic of yourself, suspended in time at the point of casting the Triggering Spell. If you reach the Limit of Fractured Mimics, they will all finish casting their Spells and disappear.",トリガーしたスペルをキャストした地点に、時間内に静止した自身のフラクチャーミミックを生成する。フラクチャーミミックが上限に達した場合、それらはすべてスペルのキャストを完了して消滅する。
"While active, picking up Remnants Triggers a deadly explosion, dealing damage at the location of the Remnant based on the type of Remnant picked up.",アクティブ中、レムナントを拾うと致命的な爆発をトリガーし、拾ったレムナントの種類に基づいて、そのレムナントの位置にダメージを与える。
"Pour your Runic Ward into conjuring blades. For the duration of the Buff, these blades fall on enemies Hit by your Projectile Attacks.",ルーンワードを注ぎ込んで刃を召喚する。バフの持続時間中、それらの刃は自身の投射物アタックによってヒットを受けた敵に降り注ぐ。
Blows strong enough to Heavy Stun an enemy reverberate in an area around the enemy and heavily Break Armour.,敵をヘビースタンさせるほど強力な打撃は、その敵の周囲に反響し、激しくアーマーを破壊する。
"While active, Sprinting turns you into a locust swarm which deals Physical Attack damage, which is not based on your Weapon's damage, in an area around you. You take damage and gain Heavy Stun buildup if this Hits any targets, but damage you take from other sources while sprinting will not apply Heavy Stun or interrupt your sprinting.",アクティブ中、スプリントするとプレイヤーがイナゴの群れに変化し、武器ダメージに基づかない物理アタックダメージを与える。いずれかの敵にヒットを与えると、プレイヤーはダメージを受け、ヘビースタンが蓄積する。しかし、スプリント中に他のソースからダメージを受けてもヘビースタンは蓄積せず、スプリントが妨害されることもなくなる。
Fire,火
Cold,冷気
Lightning,雷
Chaos,混沌
Spell,スペル
Bow,弓
Melee,近接
Minion,ミニオン
Aura,オーラ
Attack,アタック
AoE,範囲効果
Duration,持続時間
Support,サポート
Curse,呪い
Chaining,連鎖
Totem,トーテム
Trap,トラップ
Mine,マイン
Cast,キャスト
Vaal,ヴァール
Trigger,トリガー
Warcry,ウォークライ
Channelling,チャネリング
Herald,ヘラルド
Physical,物理
Travel,トラベル
Strike,ストライク
Nova,ノヴァ
Banner,バナー
Mark,呪印
Orb,オーブ
Exceptional,希少
Link,リンク
Meta,メタ
Crossbow,クロスボウ
Shapeshift,シェープシフト
Bear,クマ
Werewolf,ウェアウルフ
Wyvern,ワイバーン
Detonator,起爆
Buff,バフ
Persistent,永続
Ammunition,弾薬
Sustained,維持
Payoff,ペイオフ
Command,コマンド
Remnant,レムナント
Staged,ステージ
Conditional,条件
Companion,コンパニオン
Hazard,ハザード
Repeatable,繰り返し可能
Lineage,リネージュ
Merging,マージ
Invocation,インボケーション
Plant,プラント
Wind,ウィンド
Storm,ストーム
