source,translation
Forged from thousands of unclaimed Beta keys,幾千もの未使用ベータキーから造られた
"One by one, Kaom slaughtered the weakest tribe
leaders until the others leapt to join his cause.",残った者たちが慌てて彼の側に付くまで、カオムは最も弱い族長から一人ずつ殺していった。
"As battle calms, blood turns to rust.",戦いが静まる中で血は錆となる。
"You are slow, foolish and ignorant.
I am not.","其方は愚鈍で愚かで無知だ。
私は違う。"
Fear is highly infectious.,恐怖は強い感染力を持つ。
"A token from the sea
A sign for Kaom
to lead his Karui to Wraeclast.","海の贈り物
カオムの印
彼のカルイをレイクラストに導くための。"
Danger is the price of wealth.,危険は富の代償だ。
"""See without doubt, slay without hesitation.""
- Marceus Lioneye of Sarn","「疑いなく見よ、躊躇いなく殺せ」
―サーンのマルセウス・ライオンアイ"
"The maidens of court swoon to see
the challengers crushed at your feet.","其方に倒された挑戦者
宮廷の乙女達は茫然だ"
"Although a great leader during the war,
Voll proved disastrous in times of peace.","戦時には偉大なる指導者であった一方で、
ヴォールは平時には破滅的だった。"
"Divine intervention feels better
when you do it yourself.","神格による介入は
自分でやったほうが気分がいい。"
"""The wild takes care of its own.""
- Hyrri of the Karui","「自然は自らの面倒を見る」
―カルイのハイリ"
"In the rift between future and past,
life passes quickly.","未来と過去の狭間では、
生命は瞬く間に過ぎ去っていく。"
"It was a sliver of Malachai's soul
that animated the first Eternal Guardian.","最初のエターナルガーディアンを動かしたのは
マラカイの魂の欠片だった。"
"Centuries of servitude, a day
of glory, an eternity of death.",何世紀もの隷属、一日の栄光、永遠の死。
"The mournful music of the strings,
The creaking arch, the arrow sings.
A choking cry, a rattled breath,
The Reaper's Song, the Harp of Death.","悲しげな音が糸を伝う
弧は軋み、矢は歌う
咽た叫び、喘鳴の音
死神の歌、死の竪琴"
"Burn to cinders, scar and maim,
Rule a world, bathed in flame.","灰燼と帰し、傷つけ壊し、
炎に包まれし世界を統治。"
"""The crack of bone, the spray of blood.
Is there sweeter music?""
- Hrimnor of the Ezomytes.","「骨の粉砕、血の飛沫。
これより心地よい音楽があろうか？」
―エゾマイトのフリムナー"
"""One quick tap is all the persuasion you'll need.""
- Archbishop Geofri of Phrecia Cathedral","「軽く叩いてやる以上の説得は必要ない」
―フレシア大聖堂の大司教ジェフリ"
"""Today, clansmen, my sword is my voice!""
- Rigwald, at the Battle of Glarryn","「氏族の者達よ、今日、我が剣は我が声である！」
―リグワルド、グラリンの戦いにて"
"Stoic visage, icy heart.
Life of sorrow, lived apart.","顔は平静、心は冷静。
離れて暮らした悲しき生。"
"Where her mouth should have been
there was only a whirling, black void.","彼女の口のあるべき場所にあったのは
黒く渦巻く虚無のみだった。"
"""Prototype #8 makes it difficult to think negatively, but two fatalities
resulted when a lead researcher used an epithet in its presence.""",「プロトタイプ8号は否定的な思考を抑制するが、主任研究員がその前で暴言を吐いた時、二件の死亡事故が発生した」
"Doryani stumbled into a realm of madness
And awoke its Master.","ドリヤニは狂気の領域に迷い込み、
その主を目覚めさせた。"
"Molten feathers, veiled spark,
Hissing arrows from the dark.","熔けた羽毛、隠れた火花
闇の中から飛翔する矢。"
"Seeing only foot soldiers, the Sarn Knights cast aside
their heavy shields... and paid dearly for their mistake.","敵は歩兵のみだとサーンの騎士たちは盾を捨て...
その過ちの大きな代償を支払った。"
The breath of life is yours to give.,生命の息吹は其方が与えよ。
"""Shoot first, ask no questions.""
- Karui wisdom","「まずは射て、質問はいらぬ」
―カルイの知恵"
"""In testing, Prototype #9 had no effect on fired arrows. However,
an unknown spell did destroy the entire firing chamber.""","「実験ではプロトタイプ9号は発射された矢に影響はなかった。
一方で、知られざる呪文が射出室ごと破壊していた」"
"Never blinking, always watching.

<default>{This item can be transformed with a Blessing of Chayula}","決して瞬かず、常に見つめて。

<default>{このアイテムはチャユラの祝福によって変化させることができる}"
"Hyrri loosed a barrage of arrows,
tipped with a poisoned hatred
only oppression can ferment.","ハイリは矢の雨を降らせ、
その先端には弾圧のみが育める
憎しみの毒が塗られていた。"
"The warrior who
fears will fall.","恐れる戦士は
倒れるだろう。"
"""Useless for our purposes, but perhaps we can sell Prototype #5
to an archmage to fund other experiments.""","「我々の目的に有用ではあるが、プロトタイプ5号は他の実験の資金とするため
大魔道師に売却しても良いかもしれぬ」"
"Fairgraves' trusty tricorne accompanied him far across
the seas, deep under the ground, and even beyond death.","フェアグレーヴズの頼りになる三角帽は海の向こうで、
深い地中で、そして死すらも越えて彼と共にあった。"
"Give of your heated passions.
Give of your cold resolve.
You will be repaid.","其方の熱情を与え給え。
其方の冷徹さを与え給え。
其方は報われるだろう。"
"Lift it lightly, don it slow.
The spikes point out and in, you know.","そっと持ち上げ、ゆっくり着用
棘は内外に向いているだろう？"
"Asenath's mind was as quick and nimble
as the fingers that drew her bowstring.","アセナスの頭脳は弓の弦を引く指と
同じくらい機敏で軽快だった。"
"""It takes true strength to hold power,
and my grip grows tighter by the day.""
 - Emperor Chitus","「権力を握るには真の力が必要だ。
我が掌握は日ごとに強まっていく」
―皇帝チタス"
"Hrimnor's presence was as cold as ice,
but his heart burned for vengeance.","フリムナーの周囲は氷のようだったが、
彼の心は復讐に燃えていた。"
"We wander to pass time.
We travel to fulfill.","我らは暇つぶしに彷徨う。
我らは満たすために旅をする。"
"""The craven mind is sharp with self interest.
The honourable mind is much easier to manipulate.""
 - Malachai the Soulless","「卑怯な心は私利に聡い。
誇り高き心はずっと操りやすい」
―魂無きマラカイ"
"In the battle for honour, Geofri won.
Not so, the battle for survival.","名誉のための戦いでは、ジェフリが勝利した。
生存のための戦いでは、そうならなかった。"
"It is said to make you invisible when the Great
Spirit comes to take you on your final journey.","大いなる精霊が最後の旅に導くためにやってくる時、
其方の姿を隠してくれると言われている。"
Wonders abound at death's door.,死の淵は不思議でいっぱいだ。
"A mighty beast, a lavish feast.",強大な獣、豪華な食べ物。
"Stand and lead the righteous pride,
Fight till death, never hide.","立って群れを導き給え。
隠れず死ぬまで戦い給え。"
"""Twelve dead, and the seventh lab cannot be entered for several years.
Prototype #12 is a 'success,' if we can ever reach it.""","「十二人が死亡し、七番実験室は数年間入ることもできない。
プロトタイプ12号は『成功』だよ、そこまで辿り着けたらな」"
"Tempest's power given form,
Flee before the walking storm.","形を得た暴風の力
逃げよ、歩く嵐から。"
All the world is my home.,世界全てが我が故郷だ。
"Shavronne raced to Brutus' side,
her last hope against the Karui tide.","シャヴロンはブルータスの元へ急いだ
カルイの波への最後の希望だ。"
"Blazing body, shining bold.
Dance beneath the orb of gold!","光り輝く炎の肢体。
光球の下で踊りなさい！"
"The mocking wind, a shielding spell,
The haunting screams, a maddening hell.","嘲る風、護りの秘法、
恐ろしき叫び、狂わせる地獄。"
"Of ancient giants, none remain,
Their only trace is timeless pain.","古代の巨人は滅びて久しい
唯一の痕跡は悠久の痛み。"
"Maligaro operated effortlessly,
with great speed and terrible consequences.","マリガロは軽々と行動した。
迅速に、そして恐ろしい結果を残して。"
"A soft caress in dead of night,
that slips about the neck, so tight.","真夜中の優しき抱擁、
きつく首周りを覆う。"
Wealth is not to be borne lightly.,富とは軽々しく持つべきものではない。
Wealth unspent is wealth wasted.,富を使わぬことは富の無駄遣いだ。
"While Doedre lacked Maligaro's sense of style,
she surpassed her master in pure malevolence.","ドードゥリはマリガロの品格を持たなかった一方で、
純粋な邪悪さという点では師を凌駕した。"
"A single lightning strike fells a man.
A single knife stroke fells an empire.","一本の落雷は人を殺す。
一本のナイフは帝国を滅ぼす。"
"Why cling to your sanity? It offers you nothing.
Surrender to me, and I will grant you everything.","何故正気にしがみつく？それはお前に何も与えない。
我に平伏せば全てを与えよう。"
The light that reveals is the glare that blinds.,明かす輝きは盲ます光だ。
"Mindless rage will shake the world,
Cunning lies will bend it.
Reckless haste will break the world,
And into darkness send it.","無思慮な怒りで世界は揺らぎ、
嘘にて歪むだろう。
無謀な焦りは世界を壊し、
闇へと送るだろう。"
"They say a lifetime of wisdom is carried
in every skin the great beasts shed.","大いなる獣が脱ぎ捨てた皮には
一生涯分の知恵が残されているという。"
"Few men cast a longer shadow
 than the Great Meginord of the North.","北の大いなるメギノルドより
長い影を持つ者は少ない。"
"A large enough debt turns even a friend
into an enemy, and the Perandus family
had more debtors than anyone.","十分に大きな借りは友人さえも敵に変えてしまう。
ペランダス家は誰よりも多くに貸している。"
"Kaom's strength was rivaled only by
the great Meginord of the north.","カオムの力に匹敵するのは
北の大いなるメギノルドのみだった。"
"By tourney's end, Daresso bled and shivered.
Yet even accursed treachery failed to steal the champion's victory.","大会が終わる頃にはダレッソは血を流し震えていた。
しかし呪われし裏切りさえも覇者の勝利を奪うことはできなかった。"
"The Vaal emptied their slaves of beating hearts,
and left a mountain of twitching dead.",ヴァールは脈打つ奴隷の心臓を奪い、のたうつ死者の山を残していった。
"Cold, miserable and alone... but alive.",寒く、惨めで、孤独...だが生きている。
"""With piety and justice.""
- Perandus family motto","「信心と正義を持って」
―ペランダス家の家訓"
"Marceus' unblemished shield is a testament
to his arrogance... and his fate.","マルセウスのしみ一つない盾は彼の傲慢さ...
そして彼の結末の証明である。"
"Accept your fate, or lie, pretend.
Death collects you in the end.","運命を受け入れようが、騙し、騙ろうが
最後には死に収穫されるのだ。"
"His final sensation was of the executioner's blade.
It was not cold, instead warm and reassuring,
murmuring a promise of better times ahead.
Smiling, he returned death's embrace.","彼の最後の感覚は処刑人の刃だった。
それは冷たくなく、暖かく安心するもので、
より良い未来の約束を呟いた。
彼は微笑み、死の抱擁を返した。"
"She paints her offer in wicked hues
An off-white grin, an elegant bruise.
To the nascent scourge she sings the ruse:
""With me in hand, what else need you use?""","邪悪な色で申し出を塗装
黄ばんだ笑顔に、優美な負傷
生まれたての災厄に企みを歌う
「私を手に、他に何が要ろう？」"
Nothing stops the pain like a courageous rush into battle.,勇敢な突撃ほど有効な痛み止めはない。
"""Prototype #7 achieved even greater injury responsiveness than expected,
though at considerable cost to the long-term survival rate of the user.""","「プロトタイプ7号は期待以上の外傷への反応を示したが、
使用者の長期的生存率に多大な代償を要した」"
A swift mind solves problems before they occur.,迅速な頭脳は問題を発生前に解決する。
The malice in her gaze froze blood and shattered bone.,彼女の視線の悪意は血を凍らせ骨を砕いた。
"Cast into darkness
And trapped for a thousand years,
The lonely moon weeps","闇へと捨てられ
一千年閉じ込められ
孤独な月は泣いている"
"""Should I depart this mortal coil,
so shall all of my treasures.""
- Atziri, Queen of the Vaal","「我がこの世から旅立ったならば、
我が宝全てが共に来るのだ」
―ヴァールの女王アッツィリ"
"Swift as thought are the actions of Man
when borne on wings of divine providence.","天意の翼に運ばれた時、
人の行動は神速となる。"
"When blood is paid, the weak think twice.",支払いが血で行われる時、弱者は熟考する。
From death springs life.,生は死から生まれる。
"Lumbering as a sea lion, clumsy as a berry-drunk pigeon. That was Erqi.
It mattered little. When Erqi's maul fell true, so did its target.","アシカのように鈍く、木の実に酔った鳩のようにぎこちない。それがアーキだった。
関係なかった。アーキの大鎚が地面に振り下ろされた時、その標的も後を追った。"
"Forged from the blood of countless wars,
its thirst has only begun.","無数の戦で流れた血から鍛えられしそれの
渇きは始まったばかりだ。"
"Ride with pride,
strike with vengeance,
live with honour.","誇りを持って走り、
復讐心を持って攻撃し、
名誉を持って生きよ。"
"Fly like a Storm Crow, crush like a Rhoa",鴉のように飛び、ロアのように押し潰せ。
Do not let them step on your feet. Keep them at bay.,足を踏ませるな。寄せ付けるな。
"Unwieldy and garish became graceful
and deadly in Ungil's nimble hands.","かさばって不格好はウンギルの器用な
手の中では優美で危険になる。"
"""Recommend further production of Prototype #122. It makes
an ideal weapon for our suppression troops and guards.""","「プロトタイプ122号の生産の継続を推奨。
鎮圧兵や衛兵の武器として理想的である」"
The wyrm draws warmth from the fires of desire.,竜は欲望の炎で暖を取る。
"The dead man walks where
the living fear to tread.","死者は生者が恐れて
歩かぬ場所を歩く。"
"""Outpost Twelve has been abandoned. On the bright side, I expect the plague of apparitions
to serve as ample defence for the relics we left behind.""
- Administrator Qotra","「第十二研究所は放棄されました。前向きに考えるならば、
霊の軍団は我らが置いていった遺物を十分に守ってくれることでしょう」
―管理者クォトラ"
"""I know how to say 'faster' and 'attack'
in Karui, Marak and Ezo.""
- Voll of Thebrus","「カルイ語で『もっと速く』と『攻撃』
の言い方を知っているぞ、マラクとエゾだ」
―シブラスのヴォール"
"Shavronne's apparel became ever more extravagant
as her body and soul became ever more corrupted.","シャヴロンの肉体と魂がどこまでも堕ちていく中、
彼女の衣服はどこまでも豪華になっていった。"
"""The rain of a thousand quills that whittle
present into past, life into death.""
- Rigwald of the Ezomytes","「一千の羽の雨が今を過去へと、
生を死へと削いでいく」
ーエゾミアの民のリグワルド"
"""How did you manage to lodge arrows in every single test subject
and researcher in Lab Three simultaneously?""
- Doctor Bircus","「一体どうやって第三実験室の全ての被検体と
研究者に同時に矢を刺したんだ？」
―バーカス医師"
"""The Spirit of War knows nothing of good and evil.
It knows only destruction.""
- Sekhema Asenath","「戦の精霊は全や悪のことは知らぬ。
知っているのは破壊だけだ」
―セケマ・アセナス"
"Swinging through the air, it sings
of sundered, severed, missing things.","それは歌う、空中を閃いて
切られ、断たれ、失われたものについて。"
Cursed is the star whence it came.,呪われしはそれがいた星。
"A chilling hush, a scraping sound
Of things no more entombed in ground.
A shambling horde is on its way
To crush the very light of day.","寒気のする静寂、這いずる音
かつて地面に埋められていた者
よろめく軍団がやってくる
日光を消しにやってくる"
"""Simply incredible. I caught an escaping test subject myself with
swarms of burning skulls. Delightful!""
- Researcher Olesya","「素晴らしいわ。燃える骸骨の群れを率いて
逃げ出した被検体を捕まえたの。素敵ね！」
―研究者オリーシャ"
"As a soldier you want to get close to enemy archers.
That is not the case when fighting the Maraketh.","兵士としては敵の弓兵に近づくのが良い。
マラケスと戦う時はその限りではないが。"
"Alive but not unscathed, Victario fled
as slaughter blossomed at the gates.","門で殺戮が幕開けるた時、ヴィクタリオは
命からがら逃げ出した。"
It is safer to be feared than to be loved.,愛されるよりは恐れられるほうが安全だ。
"I'm hiding, yet everyone knows where I am.",私は隠れているが、皆が私の居場所を知っている。
The blasted oak stands forever.,爆破された樫はいつまでも立っている。
He who sows an ember shall reap an inferno.,火種を蒔いた者は業火を収穫するだろう。
"Mark us with mercy, then press on with care,
Execute us steadily, notch away at our despair.","我らに慈悲を与えるならば、注意して進みたまえ
我らを堅実に処刑するならば、我らの絶望を刻み取るだろう。"
"""How did you manage to lodge arrows in every single test subject
and researcher in Lab Three simultaneously... again?""
- Doctor Bircus","「一体どうやって第三実験室の全ての被検体と
研究者に同時に矢を刺したんだ……二度も？」
―バーカス医師"
"The darkest clouds clashed and coupled,
giving birth to four lightning children of hate.","暗すぎる雲はぶつかり番い合い、
四人の憎しみの雷の子を生んだ。"
"A mighty bulwark, curved and strong
A dauntless wall, against the throng
All lance and arrow, knocked aside
For rout of foe, for turn of tide.","強大な城壁は力強い曲線で
群衆に対峙しても怯まない砦
全ての槍も矢も脇へと弾き
屠りしは敵、乗り越えしは危機"
"Its corrugated surface brings a strange tingle
to the fingertips. This is no mere decoration.","その波状の表面は指先に奇妙な刺激をもたらした。
これは単なる飾りではなさそうだ。"
"When put to the ear it whispers not of
the sea, but long dead incantations.","それは耳に当てると波のさざめきではなく、
忘れられて久しい呪文を囁く。"
"Its pleasing sheen remains even in shadow,
as if it were somehow lit from within.","それはまるで内から照らされているかのように
影の中でも心地よく輝く。"
"Distilled from naked ambition and unfettered obsession,
the Allflame emanates a silvern warmth like no other,
and engulfs those moths fool enough to embrace it.","飾らぬ野望と縛られぬ妄執から蒸留されたオールフレイムは
他では見られぬ銀色のぬくもりを発し、
それを抱こうとする愚かな蛾を飲み込んでしまう。"
"Doctor ""Shaky Hands"" Opden travelled with only the
finest medicines and antidotes... and a curiously
generous supply of opiates.","「震える手」のオプデン医師は最高級の薬と
解毒薬のみを持ち歩いていた...それと奇妙に
潤沢なアヘン剤を。"
"Maligaro loved his tools, and took great
pains to keep them excruciatingly sharp.","マリガロは自分の道具を愛しており、それらを
痛々しいほど鋭く保つために苦心していた。"
"The withering glare of corruption, made
corporeal and pellucid in crystal.","萎縮するような腐敗の視線は結晶化し、
実体を得て露わになった。"
"Machinery makes the minions.
Minions make the master.","機械が眷属を作り、
眷属が主を作る。"
"Essence of pure thaumaturgy.
Apply with trepidation.","純粋な魔術のエキス。
恐怖して適用すること。"
"A craftswoman's ode to
fresh hope, a new love.","新たなる希望、新たなる愛への
女職人の頌歌。"
"Segregated by treachery, this artefact
longs to be reunited with her sisters.","裏切りにより隔離されたこの遺物は
姉妹と再会することを待ち焦がれている。"
"While this artefact resonates with power,
it is simply a piece in a larger puzzle.","この遺物は力で振動しているが、
より大きなパズルの欠片に過ぎない。"
"A relic of a sundered relationship,
it awaits reconciliation with its kin.","この打ち砕かれた繋がりの名残は
家族との再会を待っている。"
"Though its power has been shared, there
is still more the Apex might unlock.","既にその力は与えられたが、エイペックスが
解放できるものはまだありそうだ。"
"An open palm raised in peace,
cut down by the slaves of war.","平和の中で挙げられた掌は
戦の奴隷共に切り倒された。"
"""A Virtue Gem is a raging thunderstorm imprisoned within a single raindrop.
Infernal Talc simply lets the storm out."" - Malachai the Soulless","「美徳の宝石は一つの雨粒に封じられた荒れ狂う雷雨だ。
インファーナルタルクはその嵐を解放するだけだ。」―魂なきマラカイ"
"To enter a city's bowels is to be
privy to its best-kept secrets.","都市の暗部に侵入するというのは
その最大の秘密を知るということだ。"
"God will only offer the door.
Man must choose whether to open it.","神は扉を与えるだけだ。
それを開くかどうかを選ぶのは人だ。"
"The Emperor honours Hector Titucius as Supreme Servant.
""Strength in purpose is strength in deed.""","皇帝はヘクター・ティトゥシウスに最高臣下の名誉を与えている。
「目的の強さは行動の強さである」"
"The Emperor honours Gaius Sentari as Supreme Servant.
""A man's thoughts are his shackles. A man's thoughts are his wings.""","皇帝はガイウス・センタリに最高臣下の名誉を与えている。
「人の思考は彼の枷である。人の思考は彼の翼である」"
"The Emperor honours Marceus Lioneye as Supreme Servant.
""The road to Glory is paved with Sacrifice.""","皇帝はマルセウス・ライオンアイに最高臣下の名誉を与えている。
「栄光への道は犠牲によって舗装されている」"
"To catch an animal, think like an animal.",獣を捕らえるには、獣のように考えることだ。
"Shed by the winged beast of night,
A scaly frost-encrusted thorn.
All who feel its wintry light
Shiver in pain at the frozen dawn.","有翼の夜獣が落したる
鱗と霜に覆われし棘
冬の光を感じ震える
凍れる夜明けの冷痛で"
No metal slips as easily through the fingers as gold.,金ほど取りこぼしやすい金属はない。
"Born from the marriage of ice and sky,
the aurora evokes both awe and power.","氷と空の結婚から生まれしオーロラは
畏怖と力を喚起する。"
"Knowledge brings power, and with power you can
grab truth by the throat and shape it as you wish.","知は力、そして力があれば
真実の喉元を掴み自由に作り変えられる。"
"My Soul is your Strength
My Price is your Blood","我が魂は其方の力
我が要求は其方の血"
"Despair hums, softly, deadly, in the bones of my enemies.
Eyes will burn, and souls wither, as they bask in my radiance.","絶望が我が敵の骨の中で優しく危険に響いている。
我が威光に晒された者たちの目は燃え、魂は枯れるだろう。"
"Fear blisters the heart and thins the blood.
Fear squeezes lungs and sets the guts to fester.
Fear is the wound left untended.","恐怖は心臓を焼き血を薄める。
恐怖は肺を締めつけ臓物を化膿させる。
恐怖とは治療されなかった傷だ。"
"The nobles wanted to take her throne.
She let the peasants take their wealth.
The peasants wanted to take her wealth.
She let the soldiers take their heads.
The soldiers wanted to take her head.
She sat on her throne and wept.","貴族は彼女の王座を望んだ。
彼女は平民に彼らの富を奪わせた。
平民は彼女の富を望んだ。
彼女は兵士達に彼らの首を奪わせた。
兵士たちは彼女の首を望んだ。
彼女は王座に座り、泣いた。"
"""As long as I see death in my mirror, so will Wraeclast.""
- Atziri, Queen of the Vaal","「我が鏡に死が映り続ける限り、レイクラストも死を見ることになる」
―ヴァールの女王アッツィリ"
"To cease the flow of blood is to
choke the rain in the very clouds.
Both life and land feel the thirst.","血の流れを止めることは
雲々の雨をせき止めることだ。
生命も大地も渇くことになる。"
"Centuries of development in steel armoursmithing
turned the armies of the Eternal Empire
into very effective lightning rods.","何世紀もの鋼鉄製の鎧造りの発展は
永遠なる帝国の軍隊を
非常に効果的な避雷針と化した。"
"To stand triumphant you must serve
no master other than your own ambition.","勝利するためには自身の野望以外の
主に仕えてはならない。"
"You carried me through life,
The least I can do is carry you through death.","其方は人生において私を運んでくれた。
私にできるささやかなお返しは死において其方を運ぶことだ。"
"A heart can be stabbed by thoughts,
If your mind is sharp enough.","頭脳が十分鋭いならば、
思考で心臓を貫くことさえできよう。"
"""There is something incredibly satisfying about impaling test
subjects with Ethereal Knives. Perhaps it is the sound -
the spell, the screams, or both.""  - Researcher Olesya","被検体を霊体の刃で貫くことには得も言われぬ満足感がある。
その原因は音かもしれない―呪文の、あるいは叫び声の、あるいは両方の。
―研究者・オリーシャ"
"Whispers from a world apart
Speak my name beyond the tomb;
Bound within the Maelström's heart,
Will they grant me strength or doom?","離れた世界の囁きが
墓から呼ぶのは我の名か
渦中に縛られし者たちが
与えるは力か滅亡か？"
"""...The discomfort shown by the others is amusing, but none
can deny that my work has made quite the splash...""
- Maligaro's Journal","「...皆の不快感は愉快だが、我が作品が
波紋を起こしたことは誰にも否定のしようがない...」
―マリガロの手記"
"Existence is infinite
A weave of the living and dead
Beyond the understanding
Of the many mortal threads","存在は無限
生者と死者の織物
多くの人の糸の
理解を越えたもの"
"Fire dances with those who doubt
Licks the skin and flesh from the fearful
Where there is no fear
There is no flame","炎は疑う者と踊る
恐れる者の肌と肉を炙る
恐れなき所に
炎は立たず"
"For his sins he was hunted in his sleep,
judgement wrought of twisted nightmare.
The Coward bound his dreams to stone, awaiting
another to walk the path of true atonement.","罪を罰するため彼は眠りの中で追われた
捻れた悪夢から造られた裁き。
臆病者は夢を石に縛り
真の贖罪の道を歩む者を待った。"
"Left in her tomb by the lynch mob,
the flame inside still blazed bright after her death,
and so did hers.","暴徒によって墓に捨てられた
彼女の死後も内なる火は明るく燃え続けた。
彼女の中の火も。"
"""The Vaal were even more steeped in gem culture than
our Emperor and his 'Gemlings'. It's an obsession
as old as civilisation itself.""
- Icius Perandus","「ヴァールは我らの皇帝と彼の『ジェムリング』達よりも更に
魔石文化に浸かっていた。文明と同じくらい古い
妄執だよ。」
―イシウス・ペランダス"
"""A communion... but with what? By all accounts,
it wasn't God that the Vaal were trying to reach.""
- Icius Perandus","「交信...しかし何と？どの情報源を当たっても、
ヴァールが接触しようとしていたのは神ではなかった」
―イシウス・ペランダス"
"""A waking Nightmare.
Madness of the mind?
Or madness of the flesh?""
- Icius Perandus","「目覚めながらにして悪夢だ。
頭が狂ったのか？
それとも肉体が狂ったのか？」
―イシウス・ペランダス"
"""Siosa, your Slavery will cause them to overlook you.
Your Karui Way will guide you.
Your Humanity will shame us all.""
- Icius Perandus","「シオサ、其方の隷属は奴らから其方を隠すだろう。
其方のカルイの道は其方を導くだろう。
其方の人間性は我らを辱めるだろう」
―イシウス・ペランダス"
"Curious, she shook it then,
And tiny screams emerged.
Curiouser, she shook again,
And an eerie silence purred.","不思議がって、彼女がそれを振ると
小さな叫びが上がった。
もっと不思議がって、彼女が再び振ると
不気味な静寂が鳴いた。"
"There was no hero made out of Starkonja's death,
but merely a long sleep made eternal.","スターコンジャの死から英雄は生まれず、
長き眠りが永遠となっただけだった。"
"""Man is blinded by the mud of his corporeal self. Only
through the transformation of the material into the
spiritual can we hope to taste the full body of life.""
- Malachai the Soulless","「人は自身の肉体の泥で盲目になっている。
物質を精神に変換させることでのみ
我らは生命の全体を味わうことができよう」
―魂なきマラカイ"
"As succulent as blood, as sweet as power.",血のように汁気があり、力のように甘い。
A sigil of thaumaturgy graven in granite.,花崗岩に刻まれた魔術の印。
"""For the life of the flesh will always be in the blood.""
- Atalui, Vaal Priestess","「肉体の生命はいつだって血の中にあるのだから」
―ヴァールの神官アタルイ"
"The faithful may continue to serve, even after death.",忠実な者たちは仕え続けても良い。死後でさえも。
"Nature respects the strong
And paints the snow red
With the blood of the weak","自然は強者を敬い
弱者の血を用いて
雪を赤く染める"
"""Test subject walked right through the poison gas defenses, and attempts to slow her
failed. Suppression troop six, the 'Furious Flagellants,' have been sent to intervene.""","「被検体は毒ガスの防衛機構を通り抜け、彼女を阻む試みは失敗した。
六番鎮圧隊、『怒れる鞭打者』が彼女を止めるために送り込まれた」"
"My bearer shall be guarded by flame,
for I am the phoenix, forever radiant in glory.","「我を持つ者は炎に守られるだろう。
我は不死鳥、永遠なる栄光の輝き」"
"The night of a thousand ribbons
To remember the day of a thousand flames
When Sarn burned
And was born again","「千の布の夜
サーンが燃え
生まれ変わった
千の炎の日を忘れぬために」"
"Forget your kite shield. Just put the biggest man
 in the field between you and the archers.","「カイトシールドは忘れろ。その場の一番でかい奴を
お前と弓兵の間に置け」"
"""They say that you should take life's troubles in your stride.
Some men have a longer stride than others.""
- Gaius Sentari","「人生の困難を運んで歩めと言われるが、
人より歩幅が大きい者もいる」
―ガイウス・センタリ"
"""Sirrius flew on wings of light, faster than wind, faster
than thought. But try as he might to outrun the darkness,
it was there, at every turn, waiting for him.""
- Azmerian legend","「シリウスは光の翼で飛んだ。風よりも、思考よりも疾く。
しかしどれだけ闇を振り切ろうとしても、それはそこにいた、
いつも彼を待ち構えて」
―アズメリの伝承"
"Forged to rule the waves and tide
Destined to serve the monkey's paw
Strong as a tower of iron
Deft as the needle doubt","波と潮を支配せんと造られた
猿の手に仕える使命持ち
鉄塔ほど強く
疑いの針ほど精密"
"When Solaris closes her burning eye
At the end of time,
the world will perish in ice.","ソラリスが彼女の燃える目を
時の終わりで閉じる時
世界は凍って滅びよう"
"The greatest mistakes cause suffering
long after they have been made","最大の過ちは犯されてから
ずっと後に不幸を引き起こす。"
"One warrior, any armour.",戦士は一人、鎧はどれでも。
Cool the head and cool the blade.,頭を冷やし刃を冷やせ。
"""You shall hang, in blissful agony, on my every note.""
- Kalisa, Prima Donna of Sarn","「私の奏でる音の一つ一つで、あなた達は至福の苦しみに悶えるでしょう」
―サーンのプリマドンナ、カリサ"
"""Our superiors were getting anxious for results, and lowered security standards.
A single attempt of a spell with this unexpected power destroyed an entire floor.""","「上役が結果を急いで、安全基準を下げたんだ。
この予期せぬ力を持った呪文を一回試みただけで階全体が破壊されたよ」"
"Death is beautiful. Let not the elements
mar it with their clumsy ways.","「死は美しい。不器用な元素に
汚されてはならない」"
Absolute corruption empowers absolutely.,絶対的な堕落は絶対的な力を与える。
"The roar of the heavens
Strikes more than fear
Into the hearts of Man","天の咆哮が
人の心に植え付けるのは
恐怖だけではない"
"The cards don't choose life and death
That's up to the player.","生と死を選ぶのはカードではない。
そこはプレイヤー次第だ。"
"A lad with no fear of the pest
Let rats fill his helmet in jest
When they picked his skull clean
Where his head should have been
Was naught but a vermin-filled nest!","病を恐れぬ若者は
戯れに兜に鼠を飼った
頭蓋をしゃぶりつくされた後は
頭があったはずの場所にゃ
鼠の巣しかなかったとさ！"
You are the powerless master of fire.,其方は炎の無力な主だ。
"Many still hold the belief that the fossilised bones
of Vaal sacrifices have magical properties.","ヴァールの生贄の化石化した骨が魔法の力を持つことを
信じている者はまだ数多くいる。"
"When you have slain all of your enemies,
what is left to fear?","「全ての敵を殺してしまえば、
何を恐れることがあろうか？」"
"""While Prototype #3 does imbue its wearer with strength to match the original,
the first researcher to don it burst into flames when he walked into sunlight...""","「プロトタイプ3号は使用者にオリジナルと同等の力を与える一方で、
最初にそれを着用した研究者は日光の下に出た時に燃え上がった...」"
"Many a collector of rarities discovered to his dismay
that the intelligent spirit in this sword
does not like to share its master's attention","「幾人もの珍品の収集家がこの剣に宿る知性ある霊は
主人の注目を独り占めしたがるということを
身を持って知ることとなった」"
"The ring I stole,
My finger they took,
A shrouded mind,
Cut their curses short,
As I drained their spirit
And stole their soul.
A blessing is often a curse.","盗んだ指輪、
取られた指、
覆われし心が
奴らの罵りを遮り、
俺は奴らの霊を奪い
魂を盗んだ。
祝福は往々にして呪いでもある。"
"Laughs of all the twisted
Echo through these halls of gold.
In this cold forgotten void
They wander, forever uncontrolled.","捻れた者たちの笑いが
この黄金の広間を木霊する。
この冷たき忘れられし虚空の中で
永久に縛られず、彼らは放浪する。"
"""Suppression troop two, the 'Martyrs for Science,' were able to seal
the portals before Outpost Four was overrun. Only three men survived.""",「二番鎮圧隊、『科学の殉教者』は第四研究所が蹂躙される前にポータルを閉じることに成功した。生存者は三名のみだった」
"The second trial brought most to their knees.
But not you.","第二の試練は殆どの者を跪かせた。
しかし其方は違った。"
May you never hear it toll.,それが鳴るのを聞くことがないことを祈る。
Desperate times demand desperate measures.,必死な時には必死の手を打たねばならぬ。
"""An absurdly vicious weapon in the hands of our test subjects. It seems to
channel the desperate will to live. Intriguing.""
- Researcher Olesya","「被検体の手の中では異常なほどに凶悪な武器。
必死な生への執着を伝導しているみたい。興味深いわ」
研究者オリーシャ"
"It's cold and dark where the leviathan sleeps.
Colder and darker than death.
- Old Sailor's saying","リバイアサンが眠る場所は寒くて暗い。
死よりも寒くて暗い。
―古い船乗りの格言"
"""When the hyena howls thrice
death is sure to follow.""
-Maraketh Wisdom","「ハイエナが三度吠えたならば
死も必ずやってくるだろう」
―マラケスの知恵"
"Gentle anger, raging calm.",優しき怒り、荒れ狂う静寂。
"The world is but a piece of parchment, blank and symmetric.
We label each side: one Good, one Evil; one Black, one White.
The divine truth, however, is that both are one and the same.
-Jaetai, Vaal Advisor","「この世は羊皮紙に過ぎない。空白で、対称的な。
我々はそれぞれの面に名をつける：善と悪、黒と白。
しかし神聖な真実はそれは一つにして同じであるということだ。
―ヴァールの相談役ジェータイ"
"""A rare unequivocal success, Prototype #11 causes wounds to heal so quickly
the type Delta test subject actually survived the entire testing regimen.""","「珍しく議論の余地なき成功であるプロトタイプ11号は傷を非常に高速で治癒し、
その効果はなんとデルタ型被検体が一連の試験を生きたまま完了するほどだった」"
"By its light, Lori led her young charges to safety
and bound up their wounds.
Her sword arm was iron, yet her heart gentle
and proof against hate.","その光の傍らで、ロリは保護していた子らを安全な場所へ導き
彼らの傷の手当をした。
彼女の利き腕は鉄で出来ていたが、心は優しく
憎悪に対する防壁であった。"
"""What lies beneath your feet?!""
""Sacred ground, watered with tears of blood!""","「踏みしめているものは何だ？！」
「血の涙に濡れた、聖なる地だ！」"
"When dead men rise and darkness falls
Only faith can be your walls
Walls of Light, not of brick
Twice as strong and twice as thick","死者が蘇り闇が訪れし時
其方を守れる壁は信心のみ
煉瓦ではなく、光の壁
硬さは二重、厚さも二重"
". . . and the Light faded and hope waned
Zahndethus cast aside his faith
and embraced the darkness.","「...そして光は薄れ希望は欠け
ザーンデサスは信仰を捨て
闇を受け入れた」"
"""The trick is to give nothingness,
and to receive everything in return.""
- Inquisitor Maligaro","「虚無と引き換えに
全てを貰うことがコツだ」
―異端審問官マリガロ"
"Though the Vaal revered peace, it would have
been suicide for any culture to rouse them to war.
- Icius Perandus, Scholar to the Empire.","ヴァールは平和を尊んだが、他の文化が
彼らを戦へ駆り立てることは自殺だったであろう。
―イシウス・ペランダス、帝国の学者"
"RISE, SISTER!",姉妹よ、蘇れ！
"The Treasures of the Tides wait
in agony at the End of the World.","潮流の宝は世界の終わりで
苦痛の中で待っている"
"The portrait reflected his pain,
a pain that she could never see.","肖像画は彼の苦しみを反映していた。
彼女が決して見ることのできない苦しみを。"
"""Here the soil is more deadly than any swing of the axe.""
- Oba of the Karui, Conqueror of Corruption.","「ここでは土はどんな斧の一撃よりも危険だ」
―カルイのオバ、腐敗の征服者"
It is too easy for the soul to escape from an open heart.,開いた心から魂が逃げ出すのは容易すぎる。
"""Nothing feels so smooth in the hand as Prototype #66.
Results like these may justify everything we do here.""","「プロトタイプ66号ほど手に馴染むものはない。
このような結果は我らがここで行っていることを全て正当化し得る」"
"They flew, and leapt, and clambered over,
They crawled, and swam, and slithered under.
Still its ancient secrets await unclaimed
And of this hidden temple, only legends remain.","彼らは飛び、跳ね、よじ登った。
彼らは這いずり、泳ぎ、滑り込んだ。
未だその古代の秘密を手にした者はおらず
この隠れた寺院については伝説のみが残る。"
"For this beauty,
beauty without strength,
chokes out life.","「この美、
力なき美は、
命を絞め殺してしまうから」"
"""A bit short in the arm, are you?
Then you'll be short of a head soon enough.""
- Daresso the Daring","「少し腕が足りないって？
すぐに頭も足りなくなるさ」
―大胆なるダレッソ"
"""We are the soldiers of Faith, armoured in devotion.
Let the sinners come, for we - the Pure - shall endure!""
- Voll of Thebrus, at the Battle of the Bridge","「我らは身心に身を包んだ信仰の兵士なり。
罪人共よ、来るなら来い。我ら清き者は耐えきるだろう！」
―セブラスのヴォール、橋の戦いにて"
"""Grind your words into sharp thoughts.
Grind your thoughts into the sharpest of deeds.""
- Victario, the People's Poet","「言葉を研ぎ、鋭き思考とせよ。
思考を研ぎ、最も鋭き行為とせよ」―人民の詩人、ヴィクタリオ"
God blesses those who bless themselves.,神は自らを祝福する者を祝福する。
To truly appreciate life you must be there when it ends,命の価値を真に理解するには、それが終わるところに居合わせなければならない。
"""Shavronne held Sanity in her right
hand and Revelation in her left.
Brutus chose the left hand.""
- Kadavrus, Surgeon to the Umbra","「シャヴロンは右手に正気を
左手に啓示を持っていた。
ブルータスは左手を選んだ」
―アンブラの外科医カダヴラス"
"As long as the soul is unfettered, so is the body.",魂さえ縛られなけていなければ、肉体も自由だ。
Flavourful flavour text is flavourful.,味わい深いフレーバーテキストは味わい深い。
"""Sharks thrash and swirl
To the pounding drum of their frenzied hearts
As they dance in the waters red.""
-Lavianga, Guardian of the Karui Way","「サメ達は暴れ渦巻く
荒ぶる心臓の奏でる鼓動に合わせ
赤き水の中で踊りながら。」
―カルイの道の守護者、ラヴィアンガ"
Command like a king and nothing will stand in your way.,王のように指示すれば立ちはだかるものはいなくなる。
"""Prototype #599 offers an incredible defensive power, but at a cost.
What underlying physics are at play here, I wonder?""","「プロトタイプ599号はありえない防御力を与えるが、代償がある。
一体どのような物理現象が関わっているのだろう？」"
"Her purpose seems done; the oath is fulfilled.
Rust dulls her smirk with the last demon killed.
The embers grow dim and yet hope burns her lips:
""An old flame renewed can define our eclipse!""","彼女は目的を終え、誓いを果たした。
最後の悪魔を殺し、錆が彼女の笑みを汚した。
弱まる火の中で希望が彼女の唇を燃やす：
「再燃した古き炎は我らの闇を照らす！」"
Forge your Perseverance on the Anvil of Faith.,身心の金床で忍耐を鍛えよ。
"With death as my ally, all the world is within my grasp.",死を同盟者とした今、世界は我が手中にあり。
"""Our warehouses are bursting. Our vaults are full.
But our minds are still hungry.""
- Medici Perandus, Prefect to the Treasury","「倉庫は溢れている。宝庫は満杯だ。
だが我らの心は未だ飢えている」
―宝庫の監督メディシ・ペランダス"
Let winter come. It will only make my fire burn brighter.,冬よ来たれ。我が炎がより強く燃えるだけだ。
"Knowledge is fermented in pain and loss
Distilled with reflection
To quench the thirst of those
who dream of enlightenment","知識は苦痛と喪失の中で発酵し
熟考で蒸留され
悟りを夢見人たちの
渇きを癒やす"
"Turning, gazing, blinking,
behold the eyes of void.
Burning, razing, drinking,
your mind is destroyed.","振り向き、見つめ、瞬き、
虚無の目を見つめる。
燃やし、滅ぼし、酌し、
心は破壊される。"
"Shedding away her regal past,
she forged a new destiny.
Sacrificing the ephemeral joys of man,
she embraced the eternal grasp of nature.
Seizing her one true wish,
she found peace at last.","高貴な過去を脱ぎ捨て、
彼女は新たな使命を築いた。
人の儚き悦びを捧げ、
彼女は永遠なる自然を抱いた。
唯一の真の望みを掴み、
彼女はついに安らいだ。"
Victory is on the march and nothing can stop it.,何者も勝利の行軍を止められない。
Those who burn for victory burn for eternity.,勝利に燃える者は永劫に燃えることになる。
"It hunts; as silent as falling snow, as deadly as the tempest.",それは狩る。降雪のように静かに、嵐のように危険に。
"""Beware. Prototype #91 is haunted by a strange miasma,
an odour of evil. Nothing can shield the senses.""
- Researcher Arn","注意。プロトタイプ91号は奇妙な瘴気、邪悪な香りを纏っている。
五感を保護できるものは無い。
―研究者アーン"
"Tears of blood, aching heart,
My dear Isildria must depart.","血の涙が流れ、心は痛む
愛するイシルドリアは去らねばならぬ"
Fire and Anarchy are the most reliable agents of change.,火と無政府状態は最も確実に変化を引き起こす。
"""The remarkable imbalance of Prototype #848 leads to uncommon
power or speed when striking.""","「プロトタイプ848号の特筆すべきバランスの悪さは攻撃時に
類まれなる力や速度を引き起こす」"
"There is no safer place
Than the Belly of the Beast","獣の腹よりも
安全な場所はない"
For none of us are as cruel as all of us.,我ら皆ほど残酷な者は我らの中にはいないのだから。
"""Prototype #412 seems to bear much in
common with Thought Extractor technology.""","「プロトタイプ412号は思考抽出技術と
共通する点が多いようだ」"
Where top is bottom and weak is strong.,上が下で、弱きが強い場所。
"""Death can be outrun with these, but beware!
In running from death, you may forget to live.""
- Icius Perandus, Antiquities Collection, Item 202","「これを履けば死さえ振り切ることができるが、心せよ！
死から逃げるあまり、生きることを忘れてしまうかもしれぬ」
―イシウス・ペランダス、骨董品コレクション、その202"
"""A lick of shadow may ease
the petty frictions of one's life.""
- Inquisitor Maligaro","「影のひと塗りは人生の
ささいな摩擦を和らげることがある」
―異端審問官マリガロ"
"""Bored gods won't give you any favours.""
- Maraketh proverb","「退屈した神々は恵みを与えぬ」
―マラケスの諺"
"Bargg Wurmkin once severed the heads
of seven men in a single cleave.","バーグ・ワームキンはかつて
一薙ぎで七人の首を刎ねたことがある。"
"""The finest prosperity grows from the direst
carnage. Such is the nature of progress.""
- Doryani of the Vaal","「最高の繁栄は最悪の虐殺によって育まれる。
進歩とはそういうものだ」
―ヴァールのドリヤニ"
"Heavy as guilt.
Beautiful as temptation.
Painful as betrayal.","罪のように重く。
誘惑のように美しく。
裏切りのように痛く。"
"Maligaro considered his work an Art,
and his subjects his canvas.","マリガロは自身の行いを芸術と、
対象を彼のキャンバスと捉えていた。"
"A fang of hellfire, chip of frost,
Lightning flickers, blade embossed.
With dagger clenched, into the fray!
Or draw it out, and cast away.","業火の牙、霜の欠片、
ちらつく稲妻、刻まれた刃。
短剣を握り、戦いの中へ！
あるいは引き抜き、捨ててしまえ。"
Galla had an answer to everything.,ガラは何にでも対応できた。
"""We Ezomytes made promises that this
Eternal God would have us break.""
- Thane Rigwald","「我らエゾミアの民は誓いを立てたが
この永遠なる神はそれを破らせた」
―セーン・リグワルド"
"Beneath the blue,
The stillness permits
The drowned dead
To regret their choices.","青色の底で
静寂は許す
溺れし死者の
後悔を。"
"The eldritch storm descended upon us, and bruised lightning
rained down. Metal withered and flesh melted before its
arcane power. There was no escape, no shelter. Only despair.","超常の嵐が我らを包み、傷ついた稲妻が降り注いだ。
その不可思議な力の前に金属はしおれ、肉は熔けた。
逃走も避難も無かった。絶望だけがそこにはあった。"
"Doedre Darktongue knew the Way of the Thaumaturge.
In order to receive, one must give... without hesitation.","ドードゥリ・ダークタンは魔術師の在り方を知っていた。
何かを得るためには、何かを捧げなければならない...躊躇なく。"
"""Marylene stroked the medallion at her breast
before every duel and every cast of the die.""
- Victario, the People's Poet","「マリリーンは全ての決闘の前、全ての窮地の時に
胸のメダリオンをなでていた。」
―人民の詩人、ヴィクタリオ"
"""When one stares into the depth of the flavour text
file, one will gain no knowledge, only an addiction
to speculation."" - Maligaro, Grand Trolllord","「人がフレーバーテキストファイルの深淵を覗く時、
彼は知識を得ることはない。考察への依存症のみだ」
―大いなる釣り師、マリガロ"
"""I carry neither food nor drink. I rely on the charity
of my fellow wayfarers. Dead men are generous men.""
- Taruk of the Wildmen","「私は食べる物も飲む物も持たぬ。旅人仲間の施しに頼るのだ。
死者は気前がいい」
―ワイルドメンのタルック"
"Give yourself to the flames and your name
will burn in the minds of men forever.","自らを炎に捧げれば其方の名は
永遠に人の心の中で燃え続けるだろう。"
"""Ice and flame antagonized in the essence of a prototype.
What once burned now chills the soul.""
- Researcher Arn","「プロトタイプの精髄の中で敵対する氷と炎。
かつて燃えていたものが今では魂を凍えさせる」
ー研究者アーン"
"Tread lightly, lest their vigil find you.
Speak softly, lest their reason fend you.
Cut gently, lest their spirit haunt you.","そっと歩め、彼らの夜警に見つからぬように。
静かに話せ、彼らの理屈に躱されぬように。
優しく斬れ、彼らの霊に呪われぬように。"
"""A raging Solaris seared and contorted the orb's surface.
A despairing Lunaris filled the scars with her tears.
Yet Viridi remained, trapped within, forever more.""
 - Azmerian Creation Myth","「荒れ狂うソラリスがその球体の表面を焼いて歪めた。
絶望するルナリスが傷跡を涙で満たした。
それでもヴィリディはそこにいた。永劫に、内に囚われて。」
―アズメリの創造神話"
"""When your back is against the wall,
And your opponent is bleeding you dry,
There is only one appropriate response:
Unbridled, overwhelming violence.""
- Daresso, the Sword King","「壁に追い詰められ、
敵に血を奪われている時、
適切な対応は一つしかない：
制限なき、圧倒的な暴力だ」
―剣の王ダレッソ"
"""Let the evil ones deliver their fiery darts.
This time I've put my faith in steel.""
 - Commander Santoni of the Damned Brotherhood","「邪悪な者たちに炎の矢を撃たせよ。
私は此度は鋼鉄を信じる」
―堕ちたる修道会の司令官サントニ"
"Ming slew Tranquillity
Took Chaos for his wife
And on Her immortal finger
He placed his Heart","ミンは静寂を殺し
混沌を娶り
彼女の不滅の指に
自身の心臓をはめた"
"""There's nothing like imminent death
to galvanize one's purpose in life.""
- Malachai the Soulless.","「迫りくる死ほど人生における目的を
喚起させるものはない」
―魂なきマラカイ"
"The Empress gave Romira two sons
Born of his brother's seed
Romira threw her a banquet
A perfidious meal indeed.","女帝がロミラに授けた二子は
彼の弟の種から生まれた子だ
ロミラは女帝を晩餐に招いたが
馳走のなんと不誠実なことだ"
"Born of love, forged in blood
He burned as a torch in the blackest night
She shone as ice in the winter sun
Proudly, fiercely
At their mother's side, forever.","愛より生まれ、血に鍛えられ
彼は暗黒の夜の松明のように燃え
彼女は冬の陽光に照らされた氷のように輝いた
誇り高く、苛烈に
母の傍らに、永遠に。"
"The sun's fury, trapped
in pillars of blazing light,
Explodes from its cage.","燃え盛る光の柱に
囚われし太陽の光が
その籠から爆発する。"
"Anticipation, preparation, exhilaration, celebration.",予期、準備、歓喜、祝賀。
"""From Frost's ice-bound pass
Berek taunted and jeered
Until furious Flame scaled the mountain
Berek escaped through the thaw
And Frost's tortured moans.""
- Berek and the Untamed","「霜の氷に閉ざされた道から
ベレクは煽り嘲った
怒り狂った炎は山を登り
霜の苦しげな呻き声と
雪解けの中ベレクは逃れた」
―ベレクと手懐けられぬもの"
"""Berek hid from Storm's lightning wrath
In the embrace of oblivious Frost
Repelled by ice, blinded by blizzards
Storm raged in vain
While Berek slept.""
- Berek and the Untamed","「ベレクは嵐の怒りの稲妻から
気づかぬ霜の抱擁へ身を隠した
氷に阻まれ、吹雪に目を隠され
嵐は虚しく荒れ狂い
一方でベレクは眠った」
―ベレクと手懐けられぬもの"
"""With Flame licking at his heels
Berek berated the clouds
Until vengeful Storm spewed forth his rains
And Berek held on tight
As Fire screamed and steamed
And fled.""
- Berek and the Untamed","「炎に追いかけられながら
ベレクは雲々を罵倒した
怒った嵐は雨を吐き出し
ベレクはその場で耐えた
炎は叫び、湯気を上げ
逃げ出した」
―ベレクと手懐けられぬもの"
"""Moon after moon did Berek make fools
Of the great and Untamed Three
Until malice for a Brother
Slew the hatred of the Other
And Berek did hunt
Alone and free.""
- Berek and the Untamed","「何ヶ月も何ヶ月もベレクは
大いなる手懐けられぬ三位をあざ笑った
兄弟に向けた悪意が
もう一人の憎しみを殺すまで
その後ベレクは狩りを続けた
一人で、自由に」
―ベレクと手懐けられぬもの"
"""Kaom fought and killed for his people.
Kaom bled for his people.
And so the people gave, the people bled,
So their King might go on.""
- Lavianga, Advisor to Kaom","「カオムは民のために戦い、殺した。
カオムは民のために血を流した。
故に民は与え、民も血を流した。
彼らの王が前へと進めるように」
―カオムの相談役、ラヴィアンガ"
"""When the Ancestors fill your cup,
It is only good manners to drink your fill.""
- Lavianga, Advisor to Kaom","「先祖達が酌をしてくれたなら
それを飲むのが礼儀というものだ」
―カオムの相談役、ラヴィアンガ"
"""An intriguing paradox.""",「興味深い矛盾だ」
"""It is the Gull that delivers Man unto Ancestor.
The consumer of our flesh. The seeder of our
souls unto the earth. We give the Gull his life.
The Gull gives us our Way.""
- Lavianga, Advisor to Kaom","「人を先祖に届けるのはカモメだ。
我らの肉を食らう者。我らの魂の種を
大地に蒔く者。我らはカモメに命を与える。
カモメは我らに道を与える」
―カオムの相談役、ラヴィアンガ"
"""A man's soul rules from a cavern of bone, learns and
judges through flesh-born windows. The heart is meat.
The head is where the Man is.""
- Lavianga, Advisor to Kaom","「人の魂は骨の洞窟より統治し、
肉体に支えられた窓から学び、判断する。
心臓は肉に過ぎぬ。人が在るのは頭だ」
―カオムの相談役、ラヴィアンガ"
"""A type Delta test subject escaped with Prototype #18. He was last seen
ten times the height of a man and crashing straight through walls.""","「デルタ型被検体はプロトタイプ18号を持って逃亡しました。最後に目撃された時、
彼は人の十倍の身長で壁を真っ直ぐに突き破っていました」"
"""She begged the Earth to spare her Son;
Out of love the Earth agreed.
To the other Elements she did not speak
And out of spite They plotted.""
- Berek and the Untamed","「彼女は大地に息子を助けるよう懇願し、
愛故に大地は頷いた。
他の力に彼女は何も言わず、
悪意故に彼らは企んだ」
―ベレクと手懐けられぬもの"
"When the throat roars,
As eyes weep,
When the hand grips hard
With trembling fingers,
When belly twists
Yet legs stand strong,
That is the work
Of the Defiant Heart.","喉が叫び、
両の目が泣き、
手は震える指で
握りしめ、
腹はねじれ、
それでも脚は強く立つ時、
それこそがくじけぬ心の
力なのだ。"
"Into darkness, horror, madness...
So goes the descent.","闇へと、恐怖へと、狂気へと…
堕ちて行く。"
"From the smallest seeds
To the tallest redwoods,
Life endures in Wraeclast.","最も小さな種子から
最も大きな大樹まで、
レイクラストで命は生き抜いている。"
"My Iron heart will beat when yours is rust.
I take your Strength, your power, your lust.
By Iron Will alone I set my mind in motion.
Through endless storms of fervent devotion.","お前の心臓が錆となろうとも我が鉄の心臓は脈打つだろう。
我はお前の強さ、お前の力、お前の渇きを奪おう。
我は思考する、鋼の意志のみにて。
燃えるような信仰心の終わりなき嵐を超えて。"
"Though the battle has been long,
Victory is at hand.","長い戦いだったが、
勝利は手元にある。"
"The cursed ghosts march forever,
On their hopeless last endeavour.","呪われし霊達は永遠に歩を進める。
希望の見えぬ最後の使命へ向かい続ける。"
"So the raiders danced,
leading their foe ever west,
towards certain death.","略奪者達は踊り、
敵を西へ西へと、
確実な死へと導いた。"
"A cool map, for a cool guy.",クールな奴に、クールなマップ。
"Give me neither havens nor solace;
They are for the weak and frightened.
Instead, light the path to greatness,
So that I may begin my bright pursuit.","私は聖域も慰めも求めぬ。
それらは弱く怯えた者達のものだ。
代わりに栄光への道を照らし給え、
私が輝かしい探求に旅立てるよう。"
An eye for an eye. A curse for a curse.,目には目を、呪いには呪いを。
"The last thing Arimagius heard was the
jester's mocking bells in the distance.","アリマギウスが最後に聞いたのは、
遠くで嘲る道化師の鈴だった。"
Doomed to plunder forever.,永遠の略奪を課されし者。
"What is below is like what is above,
and what is above is like what is below,
to accomplish the miracles of one thing.","下は上と同じで、
上は下と同じである。
何かの奇跡を起こすには。"
"The fury of the forge determines
the ferocity of the metal.","炉の怒りが
金属の凶暴さを決める。"
"Unnatural Origins, unnatural benefits, unnatural cost.",不自然な由来、不自然な利益、不自然な代償。
"The eagle knows nothing
but the scream and the strike.","鷲が知っているのは
叫び、攻撃することだけだ。"
"Kill us with kindness, cut us with care.",優しさを持って我らを殺し、いたわりを持って我らを切れ。
"Old Bartek still stands, but is courteously
bowing to the might of time.","バルテク老は未だ立っているが、
時の威厳の前に恭しく頭を下げている。"
And the thunder rumbled on and on.,そして雷はずっとずっと鳴り続けた。
"You've no reason for fear when you're a root in a fen
- Old Ezomyte saying.","「其方が湿原の根であれば、恐怖する理由は何もない」
―エゾマイトの古い諺"
"""Attempt #306: The power I can sense in this ancient branch
still eludes me. Perhaps if I attach some string and a hook...""","「試みその306：この古代の枝に感じられる力を未だ捉えられぬ。
糸と針を取り付ければあるいは...」"
"Calling it poison would imply
that it was even edible.","それを毒と呼ぶことはそもそもそれが
食べられるものだったということになる。"
"The seeds of greatness are planted in darkness,
Watered by suffering,
Tended by desperation,
And bloom steel flowers of victory.","偉大さの種は闇に植えられ、
苦しみの水を与えられ、
絶望に世話され、
勝利の鋼鉄の花を咲かせる。"
"""Prototype #722 might look like a helmet, but I believe it to be something else
entirely. The visions it shows the wearer... are beyond mortal endurance...""","「プロトタイプ722号は兜のような形状をしているが、全く異なるものであると考えている。
あれが着用者に見せるものは...人が耐えられるものではない...」"
"Give a man a fish, and you can feed him for a day.
But give a fish a man, and you can feed it for a month.","男に魚をやれば、一日食わせてやれる。
しかし魚に男をやれば、一月食わせてやれる。"
"""The ice seared his naked feet
As the lightning stilled his heart,
But it was the flames upon his lover's face
That roused him to vengeance.""
- From 'The Three Dragons' by Victario of Sarn","「氷が彼の裸足を焼き
雷が彼の心臓を止めた。
されども彼を復讐に駆り立てたのは
恋人の顔を襲った炎だった」
サーンのヴィクタリオ作、「三匹の竜」より"
Captivity breeds creativity.,束縛は創造の母である。
Look the storm in the eye and you will have its respect.,嵐の目を見つめれば、嵐の敬意を得られるだろう。
"The whispers of the dead
Carry wisdom for the living,
If you are willing to give your life
To listen.","死者の囁きは
生者の知恵となる。
それを聞くために
命を捧げる覚悟があれば。"
"""As the serpent shuns thought,
It shuns fear.
It strikes with the speed of wrath
And the skill of compulsion.""
- Deshret, The Red Sekhema","「大蛇は思考を跳ね除けるように
恐怖をも跳ね除ける。
怒気の速度を持って、
衝動の技を持って襲う」
赤きセケマ、デシュレット"
"Alberon walked among the accursed,
and they welcomed him.","アルベロンは呪われし者たちの間を歩み、
彼らはアルベロンを歓迎した。"
"""Starving test subject became completely incapable of exerting force.
However, after being fed, he began to poison everything he touched...""","「飢えた被検体は完全に力を出すことができなくなった。
しかし、食料を与えられた後、彼は触れたもの全てを毒で汚染するようになった...」"
"All that was left of the Iron King was his bleached skull.
Yet it was all the Iron King needed.","「鉄の王の残骸は彼の漂白した頭蓋骨だけであった。
しかし鉄の王に必要なのはそれだけだった」"
"The darker the eye, the more diligent the watched.",目が昏いほど、見られる者は勤勉になる。
"""So close, yet frustratingly distinct. Something more is going on here...""",「非常に近いのだが、もどかしくも異なっている。見える以上の何かが起こっているようだ...」
"""The gems are strangely human at times.
They simply love to be held.""
- Doryani, First Seer to the Queen","「これらの宝石は時には奇妙なほど人間らしくなる。
抱かれるのが大好きなんだ」
―女王の筆頭予言者、ドリヤニ"
"""Why waste such a fine arrow on just one man?""
- Kiravi, Vaal Archer","「それほど良い矢を一人に使ってしまうなんてもったいないだろう？」
―ヴァールの射手キラヴィ"
"""It's a rare man that has eyes in the back of his head.""
- Kiravi, Vaal Archer","「頭の後ろに目がついている者は稀だ」
―ヴァールの射手キラヴィ"
"""To shake a hand is to double your power.""
- Jaetai, Queen's Advisor","「握手をすることは力を倍増することだ」
―女王の相談役ジェータイ"
"""Those who dance are considered insane
by those who cannot hear the music.""
- Atziri, Queen of the Vaal","「踊る者は狂っているように見えることだろう、
音楽が聞こえぬ者から見れば。」
―ヴァールの女王アッツィリ"
"""You can invite them but you can never be
sure who will come knocking.""
- Doryani, Queen's Thaumaturgist","「彼らを招待することはできるが、
やってくるのが誰かはわからない。」
―女王の筆頭魔術師ドリヤニ"
"""Death needs not your understanding. It needs only your loyalty.""
- Atziri, Queen of the Vaal","「死は理解を必要としていない。忠誠だけだ。」
―アッツィリ、ヴァールの女王"
"""The heart is the herald.
It will tell me when it is best to strike.""
- Atziri, Queen of the Vaal","「心臓が先触れだ。
手を打つのに最適な時を教えてくれる。」
―ヴァールの女王アッツィリ"
"""One of our researchers cut himself on Prototype #2,
and he has not stopped screaming for months...""","「研究者の一人がプロトタイプ2号で体を切ってしまい、
何ヶ月も絶叫し続けている...」"
"""When you have nothing to hide,
you have nothing to fear.""
- Atziri, Queen of the Vaal","「隠すことが無い時、
恐れる物も無い」
―ヴァールの女王アッツィリ"
"""A queen should be seen, admired, but never touched.""
- Atziri, Queen of the Vaal","「女王は見られ、称賛されるべきだが、決して触れられるべきではない」
―ヴァールの女王アッツィリ"
"""I do not believe in disguising my disappointment.""
- Atziri, Queen of the Vaal","「失望を隠す主義はない」
―ヴァールの女王アッツィリ"
"Reap what others have sown
Muster them from their graves
Parade them for your pleasure
Zealots in mortis enslaved","他人が蒔いた種を収穫し
彼らを墓から招集し
自らの悦びのため行進させよ
死せる隷属の狂信者達よ"
"Look to our Queen, for she will lead us into the light.",女王陛下に目を向けよ。陛下が我らを光へと導いてくれる。
Only those who aspire can dare to hope.,志ある者だけが希望を持つことを許される。
The light without pales in comparison to the light within.,外の光は内なる光の前ではかすんで見える。
The Vaal shall never fear the setting of our sun.,ヴァールは我らの太陽が沈むことを決して恐れぬ。
"We are but dogs, howling at an uncaring moon.",我らは冷淡な月に向かって吠え続ける犬に過ぎぬ。
"Look to our Queen, for she will lead us from the darkness.",女王陛下に目を向けよ。陛下が我らを闇から導いてくれる。
It is only the blind who can live in darkness.,闇の中に住めるのは目の見えぬ者だけだ。
"When we prostrate ourselves to the night, we worship mortality.",我らが夜に跪く時、我らは死を崇拝しているのだ。
"Mouth of the Masses, whose greatness spreads by our breath and touch,
who feeds the starving with the starved, the strong with the weak.","大衆の口、その偉大さは我らの息と接触にて広がり、
飢える者に飢える者を、強者に弱者を喰わせるのだ。"
"Lord of the Wild, of the feral and frenzied,
of the uncivilized, the untamed, the untouched.","野生の、獣性の、熱狂の、
野蛮の、未開の、自然の王者。"
"The Infinite Mind, unbound by the tethers of sanity,
whose thirst for knowledge is all-consuming,
whose every word stands our hair on end.","無限なる精神、それは正気の鎖に縛られず、
その知識への渇望は全てを喰らい、
その一言一言が我らを総毛立たせる。"
"She of Many Bodies, whose very flesh unites all,
whose dark whispers draw forth our souls, unfettered.","多くの身体を持つ者、その肉体そのものが全てを統一し、
その昏き囁きが我らの魂を解き放ち引き寄せる。"
"Enter the crucible. The nexus of
nothingness and equilibrium of eternity.","坩堝に飛び込め。それは
虚無の中心、永劫の均衡。"
"Freedom is won, not given.",自由とは与えられるものではなく、勝ち取るものだ。
"Plagues are exhausted, not cured.",疫病とは治療するものではなく、使い切るものだ。
"Webs are torn, not untangled.",蜘蛛糸とは解くものではなく、引き裂くものだ。
"Corruption is purged, not cleansed.",腐敗とは浄化するものではなく、粛清するものだ。
Beauty is in the eye of the creator.,美しさは創造者の決めることだ。
Understanding leads to mastery.,理解は会得に繋がる。
Fear drives survival.,恐怖が生存を駆り立てる。
What is not cannot cause harm.,無いものは無害だ。
"He sought to be the best,
but lost his family.","彼は最高を求めた、
しかし、家族を失った。"
"He sought God,
but lost himself.","彼は神を求めた、
しかし、自分を失った。"
"He sought a kingdom,
but lost his people.","彼は王国を求めた、
しかし、国民を失った。"
"She sought to bring salvation,
but lost her compassion.","彼女は救済をもたらそうとした、
しかし、慈悲を失った。"
"The result of the catalytic reaction would be either immortality for all,
or death for all. It was a risk Doryani was willing to take.","触媒作用によって全人類が不滅となるか、死ぬかのどちらかが起こると
見込まれた。ドリヤニにとって、それは乗っても良い賭けだった。"
"""Stone still, amidst the reeds,
breath fogging in the iron cold air.
he sits, he waits, he watches.
A piscatorial vigil, sat by the river,
his cathedral, his patience his unanswered prayer.""
- Jojoba Mansell, bard, angler, adventurer","「葦間で石のようにじっと、
鉄のように冷たい空気に息は白み、
彼は座り、待ち、見張っている。
釣り人の見張り、川辺にて、
彼の聖堂で、根気を実らぬ祈りとして。」
―詩人にして釣り人にして冒険家、ジョジョバ・マンセル"
"The bindings of the victorious
wrap around the throats of the defeated.","勝者の縛り紐は
敗者の喉元に巻き付く。"
"Mist of breath
Icing to lips and throat
As the warm ones choke and fall
Upon the frozen wasteland.","息の霧
唇と喉を覆い
温かき者たちは苦しみ倒れる
凍れる不毛の大地へと。"
"Only light may banish the shadows from this land
And the black lies wrapped around your heart","光のみがこの大地から影を、そして
其方の心を覆う黒き嘘を消しうるだろう。"
"A Karui woman's place was not the
battlefield, but the hearth.
Hyrri changed all of that.","カルイの女性の場所は
戦場ではなく、暖炉だった。
ハイリはそれを全て変えた。"
"""Toasted or frozen
Or twitching in the light
I'm not fussy
And neither is Death.""
- Koralus Doomfletch","「焼かれて、凍って、
光の中でびくついて
私はどれでも構わぬし
死も気にせぬだろう」
―コラルス・ドゥームフレッチ"
"""Hyaon the 'Red Wolf'
Howling mad
Cloaked in blood
A banner to his legion
A terror to his foes.""
- Garivaldi, Chronicler to the Empire","「『赤狼』のヒャオン
狂ったように吠え猛り
血を纏い
自軍への軍機
敵への恐怖」
―帝国の年代記編者、ガリバルディ"
Don't flinch. It's a waste of good hitting time.,怯むな。殴れる時間がもったいない。
"""Political power is an illusion.
Popular power is fickle.
Financial power is real and loyal.""
- Cadiro Perandus, Lord of the Coin","「政治的な力は幻想だ。
人気による力は移ろいやすい。
経済的な力は現実で忠実だ」
―金貨の君主、カディーロ・ペランダス"
"""Treasure that which the Ancestors have gifted you.
For it can be gone between one breath and the next.""
- Lavianga, Advisor to Kaom","「先祖に与えられた物を大切にせよ。
一息つく間に消えてしまうこともある」
―カオムの相談役、ラヴィアンガ"
"""A fool steps into the unknown.
An explorer finds his way back again.""
- Malachai, Thaumaturge Laureate","「愚者は未知へと踏み込む。
探検家は帰り道を見つける」
―名誉ある魔術師マラカイ"
"Maligaro was transformed by Raulo's love.
Thaumaturgy allowed Maligaro to return the favour.","ラウロの愛でマリガロは変わった。
マリガロは魔術を使いお返しをした。"
"In this chaotic world
The rewards of the Soul
Outlast the rewards of the Flesh.","この混沌とした世界では
魂の褒美は
肉体の褒美より長く続く。"
"""The theft of another's vitality is short-lived, but sweet.
It calls to me, bidding me abandon all other pursuits.""
- Researcher Arn","「他者の生命力を盗んでも長続きはしないが、甘美だ。
それは私に呼びかけ、他の全てを投げ打つように告げるのだ」
―研究者アーン"
Your reach exceeds your grasp.,其方は掴めぬ物まで手が届く。
"The right to rule demands mental acuity,
a strong arm,
And a tenacious sense of justice.","統治する権利を持つには思考の鋭さ、
腕の強さ、
そして揺らがぬ正義感が必要だ。"
"""Fear becomes Hatred.
Hatred becomes Fury.
Thus is Man transformed
from Martyr to Maker.""
- Malachai","「恐れは憎しみに。
憎しみは怒りに。
かくして人は変質する
殉教者から創造者へと。」
―マラカイ"
"""It is a cruel joke that
Man was born with more
Intent than Life.""
- Malachai","「人がただ生きること以上を
望まれて生まれたというのは
残酷な冗談だ。」
―マラカイ"
"We all began life in darkness, we shall all end it there.",我らは皆闇より生まれ、闇へと帰る。
"One wrong step triggers destruction.
Agony slowly dominates the will to live.","一歩間違えば破滅だ。
苦痛は少しずつ生きる意志を支配して行く。"
"Crimson burn'd the star of sadness,
All was woe that seem'd but gladness.","悲しみの星は真紅に燃え上がった
幸と思えた全ては災いだった"
"Being lost is a trick of the mind.
A man always has two directions available to him.
Forward and through.","迷うというのは錯覚だ。
人は常に二つの方向を通ることができる。
前と、中だ。"
Fire makes the perfect blossom in the endless night.,炎は常夜の中で完璧な花となる。
"Nothing is pure.
Slice open the Innocent
And spill a thousand Sins.","純粋なものなどない。
無垢なる者を斬り裂き
千の罪をこぼし給え。"
"""Yesterday I was clever, so I wanted to change the world.
Today I am wise, so I am changing myself.""
-Rumi of the Vaal","「昨日の私は賢く、世界を変えようと思った。
今日の私は賢明で、自分を変えることにした」
―ヴァールのルミ"
"""The most terrifying split second of my life.""
- Researcher Graven","「私の人生で最も恐ろしい瞬間だった。」
―研究者グレイヴン"
"She dances a dance beneath the shade,
The twilight shroud her only blade,
Who now hears her feathersteps flowing?
Beneath the stars, the moondrops glowing.","彼女は陰で踊りを踊り
黄昏のとばりだけを刃とし
流れる足取りを聞く者はあるか？
星空の下、光る月雫の中。"
"""Once we armoured the test subject heavily enough to test Prototype #502, he proceeded
to fight his way out. I don't know what we expected.""
- Researcher Graven","「プロトタイプ502号を試せるくらいに被検体に鎧を着せると、彼はそのまま血路を開き逃げ出した。
そりゃそうだろう」
―研究者・グレイヴン"
Become one with the unstoppable flame.,止められぬ炎と一つになれ。
It takes a clear mind to outrun a storm.,嵐から逃がれるには明晰な頭脳が必要だ。
"""The Consort of Chaos descended,
swiftly, brutally, artfully, she consumed the living,
leaving naught behind but a Rosemarie bloom,
to celebrate the massacre.""
- Blass, explorer, hunter, adventurer","「混沌の相方が降り立ち、
素早く、残虐に、芸術的に、彼女は生者を喰らい、
後にはローズマリーの花だけが残り、
虐殺を讃えていた」
―探検家にして狩人にして冒険家、ブラス"
"Apep's poison entraps, encircles,
and engulfs the leaking mind of Man.","アペプの毒は人の漏れる精神を
誘い込み、囲い込み、飲み込む。"
"""More blood... hack open flesh... must drink...""",「血、もっと...肉、斬る...飲みたい...」
"What is freedom but a clean slate
in an unclean world?","自由とは不浄な世界の清浄な状態以外の
何だというのか？"
"What is greed but trading a mountain of death
for a sliver of life?","欲望とは死の山と引き換えに生の欠片を得ること以外の
何だというのか？"
"What is fear but a snuffed torch
and death in the wind?","恐怖とは風の中で消された松明と死以外の
何だというのか？"
"Let it grow and gather inside them,
Let it flow through their veins.
Don't waste a drop.","彼らの中でそれを育み貯めなさい。
彼らの血管にそれを流しなさい。
一滴も無駄にしてはなりません。"
"""Why is Prototype #67 never in the vault it should be?
Either we're keeping faulty logs, or...""
- Researcher Graven","「どうしてプロトタイプ67号はいつもあるべき保管室に無いんだ？
我々の記録が間違っているのか、それとも...」
―研究者・グレイヴン"
"Soon, the pleas for mercy were muted.
Only one voice remained.
Laughing.","命乞いはすぐに黙らされた。
残った声は一つだけだった。
笑っていた。"
"Feed on the light of the living,
Bring darkness to all I see,
Until we are one in shadow.","生者の光を喰い、
見えるもの全てに闇をもたらせ。
我らが影の中で一つになるまで。"
Hit them hard. Hit them once.,強く打て。一度だけ打て。
"The grandest and greatest ever to fight,
Divine the champions stand tall.
But match their power, best their might,
And even the immortal may fall.","史上最強で最大の戦士たちは
神々しく堂々と勝ち続ける。
だが力を持って、彼らの武を超えたなら
不滅の者さえ倒れるやもしれぬ。"
"When the wind blows,
Know which way to bend
and watch the others break.","風が吹いた時
なびく方向を知れば
周りが折れる中見ていられる。"
"""As much as Prototype #20 hints at some deep alternate physics, we cannot afford
to expend any more test subjects. Experiments halted.""
- Administrator Qotra","「プロトタイプ20号が奥深い、我らの知らない世界の法則を示唆している一方で、これ以上
被検体を消費することはできません。実験中止」
―管理者クォトラ"
"Open your eyes and you will see the cracks in your enemy's walls.
Open your mind and you will see the cracks in your enemy's plans.","目を開けば敵の防壁のひびを見つけられる。
心を開けば敵の計画のひびを見つけられる。"
"So the seed of hate was born,
Evil forged and Hope forsworn.","かくして憎しみの種が生まれた。
悪が造られ希望は捨てられた。"
"The horrors we've encountered are nothing
compared to the horrors we haven't.","我らが見たことのある恐怖は
未だ見ぬ恐怖に比べれば何でもない。"
"The objects Oba valued more than his life,
sealed from the corruption that ultimately took it.","オバが命より大事にした物たち、
それを奪った腐敗から隔離されて。"
"The victor stands tall with hand held high,
unwavering, unblinking, unstoppable.","勝者は手を掲げ背筋を伸ばし、
揺るがず、動じず、止められぬ。"
One for each corner of the great Vinktar Square.,壮大なヴィンクター・スクエアの四隅に一つずつ。
"A glimpse of victory
is all you need to win.","勝つのに必要なのは
勝利をひと目見ることだけだ。"
"Touch not the thorn, for only blood and pain await.",棘を触れることなかれ、その先に待つのは血と苦痛のみだ。
"""Physical forces and flames seem to share some innate bond.
What logic lies beneath the veil of reality?""","「物理的な力と炎には何かしらの根源的な繋がりがあるようだ。
現実のとばりの先にはどのような法則が隠されているのだろうか？」"
Nothing is as vivid as the rage of battle,戦いの狂乱ほど鮮やかなものはない。
"""A legion of forty soldiers attempted to break into Outpost Five and
steal Prototype #659. What do they know that we do not?""","「兵士四十人の軍団が第五研究所に押し入りプロトタイプ659号を盗もうとした。
彼らは我々の知らない何を知っているのだろうか？」"
"At knifepoint, a moment's hesitation means death.",切っ先の前では、一瞬の躊躇いが命取りだ。
"""I cannot fathom the mysteries of Prototype #16. It did nearly nothing until I
brought it to RESTRICTED. It makes no sense!""
- Researcher Graven","「プロトタイプ16号の神秘性は測りきれぬ。閲覧制限に持っていくまで
殆ど何もしなかったのに。わけがわからない！」
―研究者・グレイヴン"
Hear no evil.,聞かざる。
"If it's worth doing once, it's worth doing twice.",一度やる価値があるなら、二度やる価値もある。
"""Look around you. What do you see?
Corruption, perversion, sin?
No. It is progress.
You simply lack the means to see it.""
- Inquisitor Maligaro","「周りを見よ。何が見える？
腐敗か、堕落か、罪か？
否、それは進歩だ。
お前はただそれを見る手段を持たぬだけだ」
―異端審問官マリガロ"
"""Our genius will pave the way forward.
May all who are worthy be improved!""
- Inquisitor Maligaro","「我らの才が先への道を舗装する。
価値ある者全てが進歩せんことを！」
―異端審問官マリガロ"
Every rule has an exception.,全ての法則には例外がある。
"Fear not the dark, the song of night,
Hear not the arch, the falling cry.
My giving sun, fight no more,
Rest alone, my grand nightfall.","闇を、夜の歌を、恐れるなかれ。
弧を、死に際の叫びを聞くなかれ。
恵みの太陽よ、戦うなかれ。
大いなる黄昏よ、孤独に眠れ。"
"Your lies are our strength.
Your threats are our laughter.
Your hate is our infinity
The fire rises!","貴様らの嘘は我らの力。
貴様らの脅しは我らの笑い。
貴様らの憎しみは我らの無限。
燃え上がる！"
"In battle, virtue matters not.
Only victory.","戦いでは美徳に意味はない。
勝利だけだ。"
"""To us mere mortals, time is slippery.
I'm just evening things out.""
- Doryani, Queen's Thaumaturgist","「我ら定命の者にとって、時は捕らえ難きものだ。
私は場を公平にしているだけだ」
―女王の筆頭魔術師ドリヤニ"
Rage is a big part of courage.,怒りは勇気の大部分である。
The hunt continues when the prey falls.,獲物が倒れた時、狩りは続く。
"Fate's smile, man's ruin.",運命の微笑み、人の破滅。
"A gift from Valako,
appointing Kiloava as the Herald of War.
A title Kaom claimed when he ended Kiloava's bloodline.","キロアヴァを戦の伝令に任命した
ヴァラコからの贈り物。
キロアヴァの血筋を途絶えさせた時にカオムが奪った称号だ。"
"A gift from Tasalio, God of Water,
to the chieftain Rakiata.
Kaom took Rakiata's head and hand
so that his warriors' axes might rise and fall like the waves.","族長ラキアタへの
水の神タサリオからの贈り物。
カオムはラキアタの首と手を奪った
彼の戦士たちの斧が波のように上下するように。"
"""Likely our closest to the original, yet Prototype #22 still falls short.
Are these objects actually somehow resisting our efforts?""","「おそらくオリジナルに最も近いが、プロトタイプ22号は未だ不十分だ。
まさかこれらの物体は我らの取り組みに抗っているのだろうか？」"
"A gift from Ngamahu,
a sign to the Karui to spread like fire.
Given to Akoya, but inherited by Kaom with the swing of his axe.","カルイに炎のように広まるようにと促した
ンガマフからの贈り物。
アコヤに与えられたが、斧の一振りでカオムに受け継がれた。"
"The truth lies inside every man, if you dig around.
Many a confession was found in the bowels of Axiom.","よく探せば真実は全ての人の中に眠っている。
アクシオムの腹の中で多くの懺悔が見つかった。"
"""The sharper the pain, the sharper the mind.
A curious paradox.""
- Shavronne of Umbra","「痛みが鋭いほど、頭脳も鋭い。
奇妙な矛盾ね」
アンブラのシャヴロン"
"""A sprinkle of liquid encouragement is often required
to garnish the perfect confession.""
- Brutus, Warden of Axiom","「最高の懺悔を飾り立てるには
しばしば液状の動機の一振りが必要だ」
―アクシオムの守り人ブルータス"
"A sip will freeze your lips,
A swig will chill your heart,
A glass will still your soul.","一啜りで唇は凍り、
一口で心臓は凍てつき、
一杯で魂は止まるだろう。"
"Some would question if the risk was worth it.
The rest were already dead.","一部は危険を冒す価値があったのか疑問を持った。
他の者は既に死んでいた。"
"As you have lived, so you shall die
forever trying to keep up with me.
Your blood on these hands of mine
forever makes me the public enemy.","生き方と同じような其方の死
永遠に私に追いつこうとする。
私の手を染める其方の血
永遠に私を公敵とする。"
"A scar of the flesh you'll never forget,
A scar of the mind you'll never remember.","肉体の傷は一生忘れない。
心の傷は一生思い出せない。"
"The beasts we fear the most
are the ones who dwell in total darkness.","我らが最も恐れる獣は
完全な闇の中に住まうもの達だ。"
"Far south, the winter crawls under the skin.
Below the snow, adrift wanderers sleep.","遠い南で、冬が肌の下に潜り込む。
雪の下で、さまよう放浪者は眠る。"
"The champions rest now, free from pain,
Their souls ascend to the sun.
Some parting gifts are all that remain,
Their eternal vigil is done.","英雄たちは今眠る、苦痛から解放され
彼らの魂は太陽へと登る。
餞別の品だけが後に残され
彼らの永遠の番が終わる。"
"In a blaze of glory,
An anomaly defying all odds
The ""unkillable"" beast met the divine
And Ventor met his latest trophy.","輝ける栄光
不利を跳ね除けた例外
『不死身の』獣は神に出会い
ヴェンターは新たな戦利品に出会った。"
"When the axe finally fell, Seryl shared his pain,
and the last thought that flickered through his
fading mind was her broken, shattered scream.","ついに斧が振り下ろされた時、セリルは彼の痛みを感じ、
薄れゆく意識の中で最後に瞬いた思いは
彼女の打ちひしがれ、砕けた絶叫だった。"
"With her cold resolve
And burning sacrifice
The Eternal twins arose.","彼女の冷たい決意と
燃える犠牲で
永遠なる双子は立ち上がった。"
That which was broken may yet break.,割れたものは更に割れ得る。
"Just an ordinary barrel, used to store sensible objects.
Not swarms of things.","普通の樽だ、常識的なものを保存するための。
何かの群れじゃなく。"
"""Every life is a story.
If you're not writing your own,
you'd better know who's writing it for you!""
- Victario, the People's Poet","「全ての人生は物語だ。
自分のを書いていないのならば、
誰が代わりに書いているのかを知っておいたほうがいい！」
―人民の詩人ヴィクタリオ"
The brightest flames cast the darkest shadows.,最も明るい炎には最も暗い陰ができる。
The first light to grow in the primordial darkness.,原初の暗闇の中で育った最初の光。
"The best way to gain the element of surprise,
is to let your enemy learn your plans,
and execute them - twice.","「敵の不意をつくには
自分の計画を敵に知らせてしまい、
それを実行することだ―二回な」"
"Relentless fury
Sunder my every foe
Fuel my boiling blood","容赦なき怒りよ
我が敵の全てを打ち砕け
我が血を滾らせよ"
"""You'll have my riches when you pry them
from my cold, dead hands!""
""That's how I prefer it.""","「俺の財宝が欲しければ死んで冷たくなった
俺の手から奪うんだな！」
「それでいい」"
"Doryani's ingenuity raised the Vaal Empire
to unprecedented heights. His curiosity
reduced it to ruins and bones.","ドリヤニの創意はヴァール帝国を
かつてない高みに押し上げた。彼の好奇心は
それを廃墟と骨に帰した。"
"To neither ebb nor flow,
but weather the rising tide,
outlast, unshifting and unshifted,
until the waters recede and we stand together.","引きもせず満ちもせず
満潮に耐え
動かず動かさずに凌ぐのだ
潮が引き、我らが共に立てるまで。"
"""All are welcome in Hinekora's eternal home.""
- Karui Proverb","「ヒネコラの永遠なる家には、誰もが歓迎される」
―カルイの諺"
"As a maiden I was bound; as a crone was I scorned
Promised power rarely found, delivered fury fairly thorned.
Not enough?...Fine. Now I am become both and another
To take your hand and cradle your talents, not smother
The consummate flames. So hush, dear, say not a word.
Bequeathed, betrayed...beloved. At last, I am the third.","少女としては縛られ、老婆としては蔑まれ
約束の力が得られたのは稀、与えたのは相応しき怒りの棘。
不十分？...ええ。私は今両者である別物
手を取り才を埋もれさせず育てる者
完璧な炎。だから静かに、我が愛、喋らないで。
譲られて、裏切られて…愛されて。ついに、私は三振目。"
Master yourself before you seek to master others.,他者を律する前に己を律せよ。
"""I like my vassals at sword point,
but my enemies as close as the hilt.""
- Emperor Chitus","「家臣は剣先に置いておくのが好きだが、
敵は柄ほど近くで良い」
―皇帝チタス"
"Use the dead to stave off death,
An armour of bones and rot.
Hanging on with bated breath,
One lapse and all for naught.","死者で死を食い止めよ、
骨と腐敗の鎧で。
息を潜めてじっと待て、
一度の失敗で全ては無。"
"""Further research must be done on Prototype #282.
There is power here, if it can be tapped.""","「プロトタイプ282号は更なる研究が必要だ。
ここには力がある、それを引き出すことができたなら」"
"A sprinkle of hunger, a spoonful of menace
and three generous cups of Might.","空腹を一振り、脅威を大さじ一杯、
そして力をたっぷり三カップ。"
"To the Maraketh, death is as intimate as love.",マラケスにとって、死とは愛のように親密だ。
"Guard your darkest thoughts well, for they are
the cracks through which the Nightmare crawls.","最も昏き思いはよく守らねばならない。それは
悪夢が潜り込んでくる割れ目なのだから。"
"A shimmering symbol of Purity, clear as water,
but I know better than most how quickly
Purity can succumb to Corruption.
How quickly water turns to blood.
- Victario, the People's Poet","「水のように透き通った輝く純潔の証、
だが私は他よりも知っている、
純潔が堕落に屈してしまう速さを。
水が血と化してしまう速さを。」
―人民の詩人ヴィクタリオ"
"In my dream, a voice spoke to me. It said:
'My reach knows no bounds.
All that is pure is destined to rot.
All that lives is destined to serve.'
- Doryani, Queen's Thaumaturgist","「夢の中で、声が聞こえた。それはこう言った：
『我が手はどこまでも届く。
純粋なもの全ては腐る定めだ。
生けるもの全ては従う定めだ』」
―女王の専属魔術師ドリヤニ"
"""The Virtue Gems are a gift from the land,
our land, and we will not let our gifts
be destroyed by savages.""
- Marceus Lioneye","「美徳の宝石は大地からの贈り物だ。
我々の大地の。そして我らは蛮族に
その贈り物を壊させはしない」
―マルセウス・ライオンアイ"
"""I ask not for understanding,
only for forgiveness
for what I am about to do.
There will be blood on these shackles yet.""
- Anonymous carving, Axiom Prison.","「私はこれから行うことへの
理解を求めぬ、
請うのは許しだけだ。
この枷は更に血塗られることだろう」
―書き手不明の刻み文字、アクシオム監獄にて"
"Life persisted,
hardened, twisted.","生命は永らえた、
鍛えられ、歪んで。"
"""Energy redirected is energy imbalanced.
Prototype #78 serves as a prime example.""","「逸らされたエネルギーはバランスの崩れたエネルギーだ。
プロトタイプ78号が典型的な例だろう」"
"A King and his people are linked together
like a soul and a beating heart.
Both can be severed by a same edge,
then forged anew.","王と民は繋がっている
魂と脈打つ心臓のように。
どちらも同じ刃で分かたれ、
新たに繋ぐことができる。"
"In the end, time comes for all of us.
It just comes for some much sooner.","最後には時は我らに等しくやってくる。
それがずっと早い者がいるだけだ。"
"The road to victory is paved
with the bones of the defeated.","勝利への道は
敗者の骨で舗装されている。"
"""True Thaumaturgy can only be learned
by the brilliant or the mad.""
- Shavronne of Umbra","「真の魔術を学ぶことができるのは
天才か狂人のみだ」
アンブラのシャヴロン"
"If you do not learn from a won battle
then you have already lost the war.","勝利から学ばぬ者は
既に戦に負けている。"
A gentle hand rarely leaves a mark on the world.,優しき手がこの世に跡を残すことは稀だ。
"The shield crab does not leave his shell unless it is forced to,
and even then, it knows to keep its distance.","シールド・クラブは強いられた時しか殻を出ないし、
出たとしても距離を取ることを知っている。"
"The carpenter who picks up a blade is not mad.
He's ambitious.","刃を手に取る大工は狂っているのではない。
野心家なのだ。"
"The Darktongue clan has long let their undead feed at the table
with their slaves, and occasionally on them.","「ダークタン族は長きに渡り不死者をテーブルで奴隷と共に、
そして時には奴隷を食わせてきた。"
Observe and master your surroundings.,周囲を観察し、会得せよ。
A helping hand has long reach.,差し伸べられた手は長い。
Nature provides its own solutions.,自然は自分で問題を解決する。
"""The swallow flew fast and took many turns,
spilling a seed where no plant had grown before.
This seed grew and grew until the desert became fertile and abundant.
Your mind is like this seed.""
- Maraketh Proverb","「ツバメは速く飛び何度も曲がり、
植物の育ったことのない場所に種を落とした。
この種はぐんぐんと育ち、砂漠は肥沃で豊かになった。
其方の頭脳はこの種のようなものだ」
マラケスの諺"
Even the strongest of steel can be made to bend.,最も固い鋼鉄さえも曲げることはできる。
"When the sun sets, the plains should be red.",太陽が沈む時、平原は赤く染まるだろう。
"When you get down to it, we're all really just
an unprepared meal for something or someone.","結局のところ、俺たちは皆誰かか何かの
調理前の食事なんだ。"
"The strongest Karui tribes left the longest impressions on the land.
Their symbols served as guidance many generations
after their creators had been buried deep beneath the earth.","最強のカルイの部族達はその地に最も永い痕跡を残した。
彼らの文字は書いた者が大地深くに埋められた後、
多くの世代の道標となった。"
"When you create life from nothing,
sometimes things get a little stuck in between.","無から生命を創り出す時、
時々間に少しひっかかってしまうものがある。"
The strong grow stronger still.,強きは更に強くなる。
"When you throw iron weapons against an iron wall
you only make the wall grow thicker.","鉄の武器を鉄の壁に投げつけても
壁が厚くなるだけだ。"
Never pet a feeding Hellion.,食事中のヘリオンを決してなでてはいけない。
It's hard to stay still when you're engulfed in flames.,炎に包まれている時じっとしているのは難しい。
"""Does this jewel accomplish nothing? If only we could somehow
master cold and turn it to our own ends...""
- Lead Researcher Ksaret","「この宝石は何にもならないのか？冷気を従えて
我らの目的に利用することさえできれば...」
―主任研究員クサレット"
"The hotter something burns, the less is left at the end.",熱く燃えるほど、後に残るものは少ない。
Ill will is the greatest of burdens.,悪意は最大級の重荷だ。
"In sickness, the insane becomes sane.",病に侵されれば狂人が正常になる。
"And lo, Nick said unto his disciples:
""It May Be Crazy Broken""
And his disciples replied
""Meh""
And made it anyway.","そしてその時ニックは弟子に言ったのだ：
「これぶっ壊れかもしれん」
そして弟子たちはこう答えた
「ふーん」
そして気にせずに作った。"
"The first green shoots of Spring are the most resilient,
and the most vulnerable.","春の最初の若芽が最もたくましく、
最も傷つきやすい。"
"""Distribute Prototype #723 to the guards. Perhaps their survival rate will increase.""",「プロトタイプ723号を衛兵に配布せよ。生存率が上昇するかもしれぬ」
"The difference between the master and his apprentice
is what they see when they look at the same block of wood.","師と弟子の違いは
同じ木片を見た時に何が見えるかだ。"
"""If one is an annoyance
then a hundred is a threat.""
- Ancient Karui Proverb","「一つが煩わしいのならば、
百なら脅威だ」
―古代カルイの諺"
Each life taken makes the next a little easier.,命を奪う度、次が少しだけ楽になる。
"""Take your time, make all your plans.
Then tell me which plan
pulls my axe from your ribs.""
- Barkhul, the Butcher","「時間をかけて計画を立てていいぞ。
後でどの計画がお前のあばらから
俺の斧を抜けるのか教えてくれ」
―解体師バークル"
"When your thoughts flow like a river, why build a dam?",思考が川のように流れる時、ダムを作る必要があろうか？
"""Curiously, as I deepen my understanding of Thaumaturgy,
I find I better understand the land we inhabit
and everything in it.""
- Doryani, Queen's Thaumaturgist","「不思議なことに、魔術の理解を深めるにつれ
我らの暮らす土地とそこにある全てのものを
より良く理解できるようになってくる」
―女王の筆頭魔術師ドリヤニ"
Some people live on the suffering of others.,他人の不幸を糧とする者もいる。
Working smart and working hard aren't mutually exclusive.,賢く働くことと良く働くことの両立は不可能ではない。
"Picking a lock takes an immense amount of skill and practice.
Breaking it with a hammer takes about three seconds.","錠を破るには膨大な技術と練習が必要だ。
金槌で破るなら三秒くらいだ。"
"""Greatly outnumbered, Deshret dressed her personal guard
in identical garb. When the Empire rode north, Deshret and
her guard took turns revealing themselves, creating the illusion
of speed beyond the capabilities of even the Virtue Gems.""
- History of the Maraketh","「大幅に数で負けていたデシュレットは近衛兵に同じ服を着せた。
帝国が北上した時、デシュレットと近衛兵は交互に姿を見せ、
美徳の宝石の力さえ超える速度を錯覚させた。」
―マラケスの歴史"
There is no force without movement.,移動がなければ力もない。
"The Vaal used human sacrifice to power their empire.
They, too, eventually sought means to
make their machines run more efficiently.","ヴァールは帝国のエネルギー源として人間の生贄を使った。
彼らもまた、やがて装置の効率を上げる
手段を求めた。"
"Atziri went to great lengths to ensure her immortality,
but nothing is eternal.","アッツィリは自身の不老不死を確実なものとするため
苦労を惜しまなかったが、永遠なものなどない。"
"In their final days, every crime was punishable by death.
Atziri's empire ran on blood, but the blood was running dry.","彼らの最後の日々には、全ての罪の刑は死だった。
アッツィリの帝国は血で動いていたが、血は涸れつつあった。"
A sharp eye can be more deadly than a sharp blade.,鋭い目は時として鋭い刃よりも危険だ。
A steady hand can hold back an army.,震えぬ手は軍隊をも抑え込める。
A quick step can advance great plans.,素早い歩は偉大な計画を進められる。
The stone may yet bleed.,石はまだ血を流すかもしれぬ。
"""The effect is subtle, but potentially lethal...""",「効果は地味だが、死に至り得る...」
What you earn is almost as important as what you take.,稼いだものは奪ったものと同じくらい重要だ。
Victory is as simple as being the last one standing.,勝利とは最後に立っているだけのことだ。
"Even a millennium later, Atziri's presence
casts a shroud over Wraeclast.","一千年後でさえ、アッツィリの存在は
レイクラストを影で覆う。"
"""The Vaal left a thousand warnings behind.
We ignored every single one.""
- Siosa, the Last Scholar","「ヴァールは千の警告を残した。
我々はそれを一つ残らず無視した」
最後の学者シオサ"
"Few living things survived the cleansing flames.
Those that did thrived...
And changed...","浄化の炎を生き延びた生物は少なかった。
残ったものは繁栄した...
そして変質した..."
Darkness can never be sated.,暗闇は満足することはない。
"There is no price you can give eternal life
that some would not pay.","永遠の命にどんな値札をつけようと、
誰かはそれを払う。"
Nothing is immune to the Nightmare's twisted influence.,悪夢の歪んだ影響に耐性を持つものはいない。
Beg for forgiveness.,許しを請え。
Power always comes with a price.,力には必ず代償がある。
"""You know what to do with this, don't you?"" - Researcher Graven
""Kill test subjects for their vitality?"" - Researcher Olesya
""That is not what he meant."" - Researcher Arn","「これはどうすれば良いかわかっているよな？」―研究者グレイヴン
「被検体を殺して生命力を奪う？」―研究者オリーシャ
「そういう意味じゃない」―研究者アーン"
Walls built in a hurry fall in a hurry.,急に建てられた壁は急に崩れる。
"""Your fear will overcome you.""",「其方の恐怖は其方を支配する」
"""Your flesh will fail you.""",「其方の肉体は其方を裏切る」
"""Your desires will mislead you.""",「其方の欲望は其方を迷わせる」
"Forged by three brothers
so that they may recognize each other
across any distance of time or travel.","いかなる時や距離を経ても
互いがわかるようにと
三兄弟に造られた。"
The best dancers often make the best fighters.,最高の踊り手はしばしば最高の戦士にもなる。
"Winter provides us with her own weapons,
hanging from the eaves of our homes.","冬は我らの家の庇にぶら下げて、
彼女の武器を与えてくれる。"
"Leaders are not born in times of peace.
Leaders are born in ruins and flames.",指導者は平時には生まれぬ。
"""I've yet to see prayer stop an arrow.""",指導者は瓦礫と炎の中で生まれるのだ。
"The Azmeri ascetics learnt the power
of going without the body's ordinary cravings.","アズメリの苦行者達は
肉体の欲を断つことの力を知った。"
"Once you understand how your body truly works
you can't help but treat it better.","自分の身体の仕組みを理解すると、
労らずにはいられなくなる。"
"""Movement expends energy, but perhaps a little of that energy
can be recaptured and... reappropriated.""
- Inquisitor Maligaro","「運動はエネルギーを消費するが、そのエネルギーを少し
取り戻して...再利用できるかもしれぬ」
―異端審問官マリガロ"
"For the ambitious, flesh is a limitation.",大望を抱く者にとって、肉体は枷である。
"True strength can be found anywhere, and in anything.",真の力はあらゆる場所に、あらゆる物の中にある。
The toughest armour is the trust of your people.,最強の鎧は民の信頼だ。
"A tap on the shoulder
A peck on the cheek
A sip of your wine
So red and so sleek","肩を叩き
頬を一突き
あなたのワインを一口
とても赤くてなめらか"
"""I'm a painter, and crimson is my chosen hue.""
- Coralito, Brotherhood of Silence","「私は画家、選んだ色は真紅」
―沈黙の一党のコラリート"
"""Prototype #131 must never be allowed near anyone who bears a wound, no
matter how slight. Even a tiny cut makes it exponentially more dangerous.""","「プロトタイプ131号は傷のある者の側に決して寄らせてはならない、
どんなに小さな傷でも。極小の切り傷でさえあれの危険性は指数的に上昇する」"
"The Goat King drank the smoke and ate the flames
as his ruin spread across the land.","「山羊王の破滅が国中に広まる中、
涸れは煙を飲み炎を喰らった」"
"""God's creations always begin and end
with flames and ice.
We should count ourselves lucky when we see neither.""
- Archbishop Geofri","「神の創造物は必ず炎と氷で始まり終わる。
どちらも見なかった時我らは幸運だ」
―大司教ジェフリ"
"There are two things to know about fighting:
When to swing like crazy, and when to run.","戦いについて知っておくべきことは二つある。
狂ったように武器を振るべき時と、逃げるべき時だ。"
"The thicker the shell,
the greater the beast that hunts it.","甲羅が厚いほど、
それを狩る獣は強い。"
"The fastest way to a man's heart
is through his sternum.","人の心臓への最短距離は
胸骨を通る。"
"Beneath the cold light of the moon,
the wing moves faster than the eye.","月の冷たい光の下で、
翼は目よりも速く動く。"
"""She's pretty, aye. So pretty you'll
want to be with her long after you're dead.""","「綺麗な女だ。死んでもずっと
一緒に居続けたくなるくらい。」"
"""May the Blessed Lakishu watch our backs and our wives.""
- Legionnaire Battle Blessing","「聖なるラキシュが我らの背中と妻を見守ってくれますように」
―軍団の戦いの祈り"
"Sure, there's many a hard man out there.
But this'll soften them up.","ああ、気難しい連中はたくさんいるさ。
でもこれが連中を和らげてくれる。"
"""The painful memories are the easiest to recall.""
- Lavianga, Advisor to Kaom","「痛い記憶が最も思い出しやすい」
―カオムの相談役ラヴィアンガ"
"I suffer, I long, with thirst to slake.
Though countless corpses lie in wake.","私は苦しみ希う、乾きを潤すことを。
その道には無数の死体が眠れども。"
"When the storm comes,
the safest place to be is the centre.","嵐が来た時、
最も安全な場所は中心だ。"
"To the east,
it cannot be seen.
To the west,
it cannot be touched.
To the south,
it cannot be remembered.
And to the north,
it cannot be contained.","東の方では
見ることはできない。
西のほうでは
触れることはできない。
南のほうでは
思い出すことはできない。
そして北のほうでは
食い止めることはできない。"
"For every threat you spy in the shadows, there are two others you don't.",影の中で脅威を一つ見たなら、見えなかったものが二つある。
"<smaller>{They fought the storm together as one,
Until the longest of days was done.
Their love grew stronger
with every breath,
Until it was broken apart in death.}","<smaller>{彼らは団結して嵐に抗った。
やがて長き日は収まった。
息を吸うごとに
彼らの愛は強まった。
死して分かたれるまでずっと。}"
The hermit's only friend is the greenery he can find.,隠者の唯一の友は見つけられる限りの緑だ。
"""They said I needed my head examined, but I'd rather just take yours."" - Klopek the Cannibal","「頭を診てもらったほうが良いと言われたが、お前のを貰うほうがいい」
―人食いのクロペク"
"<size:31>{A month's work, a year's wages, a foolish shortcut through a Rhoa's nest, and a grieving bride-to-be, who never received her betrothed's great gift.}",<size:31>{一月分の仕事、一年分の給料、ロアの巣を通る愚かな近道、その結果は婚約者の素晴らしい贈り物が届くことのなかった、悲しみに暮れる花嫁になるはずだった者。}
"""No man can best me, no demon can fell me. For I vanquish all with my axe!""",俺に勝てる者はいない、俺を殺せる悪魔はいない。俺はこの斧で全てを斃すのだから！
"The thumb turns down
and the crowd roars,
they want death
and the blood is yours.","親指は下を向き
群衆は歓呼する
彼らは死を欲し、
その血はお前のだ。"
It is with the smallest of words that we find the largest of truths.,最も小さな言葉にこそ最も大きな真実が宿る。
"<size:31>{""When Voll spared Malachai, accepting his aid in pursuit of Purity, the strongest faith was infected by Corruption and made brittle as glass.""
- Victario, the People's Poet}","<size:31>{「ヴォールがマラカイを見逃し、ピュリティの追跡に彼の手を借りた時、最も強き信仰は腐敗に汚染されガラスのように脆くなった」
―人民の詩人ヴィクタリオ}"
"<size:27>{God had forsaken the land
And Victario wept.
Corruption consumed the land
And Victario's tears turned to blood.}","<size:27>{神はこの地を見捨て
ヴィクタリオは嘆いた。
腐敗がこの地を飲み込み
ヴィクタリオは血の涙を流した。}"
"From death, life.
From life, death.
The wheel turns,
and the corbies wheel overhead.","死から生。
生から死。
車輪は廻り、
鴉は頭上を飛び回る。"
"<size:31>{The others succumbed to madness and depravity, but Lori fought on. Alone in the darkness, she could still see the dull light of hope's distant dawn.}",<size:31>{皆は狂気と堕落に屈したが、ロリは抗い続けた。闇の中で独り、彼女にはまだ遠い希望の夜明けの弱い光が見えていた。}
"<size:31>{Your era is now,
your power unwavered,
soon we will see
who the gods truly favoured.}","<size:31>{其方の時代は今だ
その力は揺らぐことなく
すぐに我らは知るだろう
真に神の恩寵を得たのが誰なのかを。}"
A small token of Her affliction.,彼女の苦痛の小さな証。
"You can change your name, but you cannot change your history.",己の名を変えようとも、己の過去を変えることはできない。
"To own a piece of the Nightmare, you must first belong to the Nightmare.",悪夢の一部を自分の物にするには、まず自分が悪夢の物にならなければならない。
"<size:27>{The mighty warriors traded in blows, the nimble archers in arrows, yet it was the brazen thaumaturgists who would bring catastrophe to all.}",<size:27>{屈強な戦士たちは攻撃を扱い、素早い射手達は矢を扱った。しかし皆に大災害をもたらすのは、厚かましい魔術師達だった。}
"""How many lives have you consumed?""
""How many times have you blinked?""","「いったい何人の生命を食った！？」
「おまえは今まで瞬きした回数をおぼえているのか？」"
"""More! I want more!"" - Faendris, the Insatiable",「もっとだ！もっとくれ！」―満たされ得ぬファエンドリス
"The finer the brew, the harder it is to remember drinking it.",良い酒ほど、それを飲んだことを覚えていることが難しい。
"<size:31>{Each night, the light dies, and each morning she is born anew, embracing the land in her golden wings.}",<size:31>{毎晩光は死に、毎朝彼女は生まれ変わり、大地を黄金の翼で包み込む。}
<size:31>{Brutus' first innovation as Lord Incarcerator was a weighted chain around every neck so that his prisoners would forever bow to him.},<size:31>{ブルータスの監獄長としての最初の改革は全ての囚人が永久に彼に頭を下げるように首周りに重り付きの鎖をつけることだった。}
"The earth offers nourishment, growth and healing. Unless, of course, the sky has other plans.",大地は食物、成長、そして癒しを与える。もちろん、それは空に別の予定がなければだが。
"With staff in hand
and wrath in heart,
your soul and corpse
shall surely part.","杖を手に、
怒りを心に、
其方の魂と死体は
必ず分かれるだろう。"
"In the hands of a master craftsman, a worthless pebble can adorn the crown of a king.",名匠の手にかかれば、無価値な小石も王の冠を飾り得る。
"""I don't believe in karma. If it were real, I would never win.""",「業なんて信じちゃいない。そんなものがあるなら、俺は絶対に勝てないだろう」
"<size:26>{""I wanted to give you three things. I've given you my eternal love. I've sung to you my most beautiful song. I'd have given you the moon last, but it couldn't be found. I hope you'll accept this instead.""}",<size:26>{「あなたに三つのものを与えたかった。私の永遠の愛をあなたに捧げた。私の最も美しい歌をあなたに歌った。最後にあなたに月をあげたかったけれど、見つからなかった。代わりにこれを受け取ってくれると嬉しいわ」}
"Life isn't what you make of it, it's already been made for you.",人生は自分で作るものじゃない、既に作られているんだ。
"A beacon on the horizon; a guiding light, a call for help, or a warning to turn back.",地平線に見える灯；導きの光か、救難信号か、あるいは引き返せという警告か。
"Justice comes swift
Equal to the crime
Revenge is a gift
Life for a life
Eye for an eye","正義は敏捷
罪に等しきを
復讐は贈答
命には命を
目には目を"
The house always wins.,親は必ず勝つ。
"Each time, it is granted to the most senior captain of the fleet,
and each time, the ring soon washes ashore once more,
still wrapped around a severed finger.","それは毎度、艦隊の最も上位の船長に贈られ、
毎度、指輪は再び浜辺に打ち上げられる。
切断された指に嵌まったまま。"
"To ascend to leadership, the child of a Redblade warlord
must pull the band from the still-hot
ashes of their father.","リーダーになるため、レッドブレードの将軍の子は
その指輪を熱の残る父の灰から
拾わねばならない。"
"When a fallen leader's body is taken to the funeral peak,
those who seek power must ascend together.
One returns with the seal.
The rest do not return at all.","倒れたリーダーの遺体が葬儀の山頂へと運ばれる時、
力を求める者は共に登らねばならない。
一人はその印を持ち帰る。
残りは帰らない。"
The lords of the sea bow to no one.,海の君主達は誰にも頭を下げない。
Blood shed is blood shared.,流れた血は分けられた血だ。
Embrace the snow or be buried.,雪を受け入れるか、埋められるかだ。
The light of victory burns eternally.,勝利の光は永遠に燃え続ける。
Time cannot wash away that which cannot be forgotten.,時は忘れられぬものを流し去ることはできない。
"Luck is a fool's game, and I know plenty of rich fools.","幸運を当てにするのは愚か者だ、
そして俺は金を持った愚か者をたくさん知っている。"
Shame what happened to my husband. He had such good taste.,夫に起こったことは残念でした。格別な人でしたのに。
"<size:27>{Fire filled the sky that night
Chaos reigned
Where the shards fell
All was destroyed
-Jozen Kasigi, retelling an urban legend of the Cataclysm}","<size:27>{その夜炎が空を埋め尽くした
欠片が落ちた場所では
混沌が支配し
全てが破壊された
―ジョーゼン・カシギ、大災害の都市伝説について}"
"<size:31>{Strange eyes on top of spines
Gaze beyond the veil of time
Deep down below the mines
A dream of crimson and of grime}","<size:31>{奇妙な目、棘の上で
時の帳の奥を見つめ
鉱山の遥か底で
真紅と汚れの夢}"
"When there is no other choice, even the meekest whisper can bring about the greatest storm.",他に選択肢がない時、どんなに弱い囁きでも最大級の嵐を引き起こすことがある。
A taste of power brings a hunger for more.,力の味を占めれば更に欲するようになる。
"<size:31>{500 times Kaom's axe fell, 500 times Kaom's Heart splintered. Finally, all that remained was a terrible, heartless Fury.}",<size:31>{500回カオムの斧は振られ、500回カオムの心臓は割れた。最後に残ったのは恐ろしい、心なき怒りだった。}
"When the world burned, the greedy burned with it, while the clever left as paupers.",世界が燃えた時、強欲な者は共に燃え、賢き者は貧者として逃れた。
"<size:33>{Weaving through the cracks, searching for weaknesses, silent, indiscriminate, leaving sorrow in its wake.}",<size:33>{ひび割れを縫い、弱みを探し、静かに、無差別に、後には悲しみを残して。}
"""On this day I mark the first of many agreements that I will have with this land and its people.""",「この日は我がこの地とその民と数多く交わすであろう協定の一つ目の記念となる」
"<size:29>{""I swore to use my position to help the people. What good is power when it just accumulates on the already-powerful?"" - Erasmus, Imperial Gemcutter}",<size:29>{「私は立場を使い民を助けると誓った。既に力を持つものに重なっていくだけの力に何の意味がある？」―帝国の宝石職人エラスムス}
"Wrapped in the glory of the heavens, she comes to mete out justice for the fallen.",天の栄光に包まれ、彼女は堕ちたる者に裁きを下しにやってくる。
"Scarier than any criminal is an innocent man in chains, for when he breaks free, his revenge will be justified.",どんな罪人よりも恐ろしいのは鎖に繋がれた無実の者だ。彼が脱走した時、彼の復讐は正当なものなのだから。
"""Paint, metal, flesh... A true artist does not limit himself."" - Malachai the Soulless",「絵の具、金属、肉体...真の芸術家は自身を縛らないのだ」―魂なきマラカイ
"Jump right in,
But beware
Of things broken
Or beyond compare.","さあおいで
でも気をつけて
壊れたものや
類なきものに"
Become the leader you were born to be.,なるために生まれたリーダーとなれ。
"Turn the crank,
close your eyes,
and pray to the gods
for a pleasant surprise.","ネジを巻いて
目を閉じて
神に祈ろう
幸せな驚きを。"
"On the 21st of Eterni,
two become one,
their light outshines
the setting sun.","エターニの21日に、
二つは一つになり、
その光は沈みゆく太陽も
霞ませるだろう。"
"The power of the world,
lies upon your hands.","世界の力は
その手に握られている。"
A map is only useful if you know where you stand.,地図が役に立つのは自分の位置がわかっている時だけだ。
A boy who grows up with everything learns to appreciate nothing.,全てを持って育った子は何にも感謝をしなくなる。
It's sad times we live in when a friendship has a price people are willing to pay.,友情の値段を払おうとする者がいるなんて、悲しい時代に生まれたものだ。
"Sturdy and strong,
grown from the stream.
The Flora that live here,
A combatant's dream.","頑丈で強く、
小川で育った。
ここに生える植物は
戦士の夢だ。"
"<size:26>{At the beck and call
of The Siren's hand,
winter ravages
the trembling land,
and the weight of ice that binds
will break the strongest of minds.}","<size:26>{セイレーンの手招きの
意のままに、
冬は震える地を
荒らして行き、
縛り付ける氷の重さは
最も強き心さえ折るだろう。}"
"<size:26>{Embrace death to honour the lost,
no fear in life no matter the cost.
With one of all we are,
and all of one we trust,
throughout past, present and future... be just.}","<size:26>{死を受け入れ死者を讃えよ、
どんな犠牲があろうとも生に恐れなし。
我らは全の一にあり、
一の全を信じ、
過去、現在、未来を通して...正しくあれ}"
The strongest emerge from suffering. The toughest bear the most scars. The sole survivor claims the greatest of rewards.,最も強き者は苦しみから生まれる。最も頑丈な者は最も多くの傷を持っている。唯一の生存者は最大に報われる。
"""Hold your tongue before I claim it."" - Doedre Darktongue",「私に引っこ抜かれる前にその舌を黙らせなさい」―ドードゥリ・ダークタン
"No matter where your dreams take you, Nightmare follows close behind.",夢でどこまで行こうとも、悪夢はすぐ後を追ってくる。
"<size:31>{""Daughter of catastrophe, mother of pain. Amongst the filth of Wraeclast, she wanders, and her wrath follows."" - Quintoon the Returned}",<size:31>{「大災害の娘、苦痛の母。レイクラストの汚れの中、彼女はさまよい、彼女の怒りが後に続く」―復活せしクイントゥーン}
"<size:25>{""To know for what you fight. To get up again when you've been struck down. To outmanoeuvre someone faster, trick someone smarter, crush someone stronger. That's what it takes to claim the crown.""
- Daresso, the King of Swords}","<size:25>{「何のために戦うのかを知ること。打ち倒された後に立ち上がること。より速い者を出し抜き、より賢い者を騙し、より強い者を潰すこと。それが王に必要なものだ」
―剣の王ダレッソ}"
"Those Theopolis fatcats put a price on our heads.
Let's see what they'll pay for their own.","あのテオポリスの金持ち共は我らの首に賞金をかけた。
自分らの首にはいくら出せるのか聞いてみようじゃないか。"
"Corruption sweeps across this land,
but our bloodline is clear.
It is our duty to keep it so.","腐敗がこの地を広がっていくが、
我らの血筋は清らかだ。
そう保つことが我らが義務だ。"
"Our home was swallowed beneath
the great mountain for our complacency.
Now we must prove our value to the Molten One
by sating his hunger for life.","我らが無頓着であったため
我らの故郷は大いなる山の底へと飲み込まれた。
我らは溶融せし者に価値を示すため
彼の命への飢えを満たさねばならぬ。"
"The problem with working fresh trolltimber:
by the time you've carved out one end,
the other has sprouted fresh roots!","トロル樹を加工することの難しい所は、
片側を削り終わった頃には
もう片側に新たな根が生え始めていることだ。"
"His flesh had long turned to dust,
but his vengeance lived on
in every scrap of iron he touched.","彼の肉体は遥か昔に灰と化したが、
彼の復讐心は彼が触れた
全ての鉄くずの中で生き続けていた。"
"A lightless world
a silent reign
two sightless eyes
feed on your pain.","光なき世界
静かなる支配
盲目の二つの目が
其方の苦痛を糧とする。"
"My heart forces blood through my veins.
But one who may bleed may die, and
death is no fitting end to genius.","我が心臓は血管に血を流す。
だが血の流れるものは死に得る、そして
死という最後は天才に相応しくない。"
"My lungs breathe the same air as
the foolish and the weak. May I be
yet another step removed from them.","我が肺は愚者や弱者と同じ
空気を呼吸する。もう一歩
彼らから遠ざかれることを願う。。"
"My organs tether me to mortality
like a chain. This chain holds me
from my true potential.","我が臓器は鎖のように我を定命へと
縛り付ける。その鎖は我の真の可能性
への到達を阻んでいる。"
"""The belly cannot hunger for what the eyes cannot see.""
 - Karui Proverb","「目に見えぬものを腹が求めることはできない」
―カルイの諺"
"""One day you eat the fish. One day you feed the fish.""
 - Karui Proverb","「ある日には人は魚を食う。ある日には魚が人を食う」
―カルイの諺"
"""What we steal in life we repay in death.""
 - Karui Proverb","「生きて盗んだものの代償は死で支払う」
―カルイの諺"
"An angry god is one thing,
but you should really fear a god
with an unpredictable sense of humour.","怒れる神というのも問題だが、
予測できないユーモアのセンスを持つ
神こそ本当に恐れるべきだ。"
Leave the world in flames behind you.,背後に燃える世界を残して。
"""The flames raced through Lab Five with incredible speed, but were extinguished
just as quickly. This could have been much worse.""
- Lead Researcher Ksaret","「炎は信じられない速さで第五研究室を駆け巡ったが、同じくらい速く消火された。
もっと酷いことになっていたかもしれない」
―主任研究員クサレット"
"What drives us to kill, to carve and to shred?
What drives us to drink the seething souls of the dead?
What drives us to love and to hold, but still go amiss?
What drives us to leave this world for the Abyss?","何が我らに殺させ、刻ませ、引き裂かせる？
何が我らに死者の煮えたぎる魂を飲ませる？
何が我らに愛させ抱かせ、それでも間違わせる？
何が我らに奈落のためにこの世を捨てさせる？"
"""Test subject was able to survive the entire process simply by shouting epithets at
the researcher. Researcher's feelings were slightly injured.""
- Researcher Graven","「被検体は研究者を罵倒するだけで全ての手順に耐えることができた。研究者は少々傷ついた」
―研究者グレイヴン"
"To fight an enemy on their lands is a tactical mistake.
Make those lands your own, and the mistake becomes theirs.","敵の地で彼らと戦うことは戦術的な過ちだ。
その地を我が物とすれば、過ちは敵の物だ。"
Be not blinded by the light.,光に目を眩まされるな。
"A man who changes his loyalties often,
soon finds he has none.","忠誠を切り替えることの多い者は、
すぐに自身がそれを持たないことを知る。"
"Let blood sear in your veins,
Let the pain push outwards and turn away your enemy's blows.","血管を巡る血を燃やせ
苦痛を外に向け、敵の攻撃を撥ね退けよ。"
"The First Ones stalk with us
upon this lifelong hunt,
and cast their contempt
upon those that would make us their prey.
- The Wolven King","最初のものたちはは生涯をかけた狩猟を
我らと共に追いかけ、
我らを獲物とするものを
蔑むことだろう。
―狼王"
"The civilised man must wrestle
with the demands of heart and mind.
The First Ones share no such struggle.
For their Spirit is swift and deadly certain.
- The Wolven King","文明人は心と頭脳の
欲求に抗わねばならぬ。
最初のものたちにはそのような苦労はない。
彼らの魂は素早く絶対的な確信を持っているのだから。
―狼王"
"The fire of the hearth is a docile dog,
leashed and tamed.
The fire of the First Ones is a ravening wolf,
wild and free.
- The Wolven King","暖炉の炎は従順な犬だ。
紐がつけられ、飼いならされている。
最初のものたちの炎は飢えた狼だ。
野性的で自由だ。
―狼王"
"The First Ones thundered over Ezomyr
upon hooves of grey and black.
The people felt their stamping rage
and cowered as the fury rained down.
- The Wolven King","「最初のものたちは灰と黒の蹄で
エゾミアを蹂躙した。
民は彼らの踏み荒らす怒りを感じ、
降りかかる猛威に身をすくめた」
―狼王"
"We have basked in the cloying warmth of servitude.
Now the First Ones harden us
against the numbing chill of despair
so that freedom will not slip through our trembling fingers.
- The Wolven King","「我らは隷属の甘ったるいぬくもりに浸かっていた。
今最初のものたちは痺れるような絶望の冷気に対し
我らを鍛えてくれている。
我らの震える指から自由がこぼれ落ちぬように」
―狼王"
"I stood among the stones
And called out to the First Ones;
That with tooth and mighty claw,
They should tear our enemies asunder.
- The Wolven King","「我は石の間に立ち
最初のものたちに呼びかけた
その牙と強大な爪で
我らの敵を引き裂いてくれるように」
―狼王"
"The Empire poisons our blood with sweet wine.
Poisons our flesh with silk.
Poisons our minds with civil lies.
Poisons our children with servitude.
- The Wolven King","「帝国は我らの血を甘いワインで毒する。
我らの肉体を絹で毒する。
我らの心を親切な嘘で毒する。
我らの子を隷属で毒する」
―狼王"
"'Sleep when you are weary,' our mothers told us.
'Sleep when you are dead,' our fathers told us.
To the First Ones, the slumbering and the corpse
are one and the same.
- The Wolven King","「『疲れた時に眠りなさい』と我らの母は言った。
『死んだ時に眠れ』と我らの父は言った。
最初のものたちにとって、眠る者と死体は
まったく同じものだ」
―狼王"
"To catch a big fish you need tempting bait.
And there is no fish bigger than the Empire,
and no bait as tempting as Ezomyr.
- The Wolven King","「大きな魚を釣るためには良い餌が必要だ。
そして帝国ほど大きな魚はおらず、
エゾミアほど良い餌はない」
―狼王"
"Shackled fires dance about;
Might within from force without.","縛られた炎が踊り回る；
外なる力よりの内なる力。"
"The prisoners of the empire raised their shackled hands.
Begging to be delivered from Corruption.
The rebellion smote their chains,
And gave them the freedom to choose corruption for themselves.","帝国の囚人達は鎖に繋がれた手を挙げた。
腐敗から解放してくれと懇願して。
反乱軍は彼らの鎖を引きちぎり、
自ら腐敗を選ぶ自由を与えた。"
"Ondar not only betrayed his emperor,
He betrayed his friend.
And in his dying moments, Chitus ensured,
That Ondar felt the full weight of his guilt.","オンダーは皇帝を裏切っただけでなく、
友をも裏切った。
そして彼が死ぬ瞬間、チタスは確実に
オンダーに自身の罪の重さを感じさせた。"
"With a fire burning brash in his golden eye,
Marceus fired his arrow into the pitch-dark sky,
And seared the hope of surprise,
From Kaom's skulking horde.","黄金の目に傲慢な炎を灯し、
マルセウスは漆黒の空へと矢を放ち、
カオムの潜む軍勢の
奇襲の希望を焼き払った。"
"The Sekhema rode to the mountain,
With her tribe, devoted and strong.
And sewed shut the mouth of nightmare,
So that it would not consume her world.","セケマは強く忠実な部族と共に
馬にのって山へと向かった。
そして悪夢の口を縫い止めた
彼女の世界が喰われぬように。"
"Maligaro understood that devotion to science,
Means devotion to trial and error.
For Maligaro's errors, death was slow,
And very painful.","マリガロは科学への専心は
試行錯誤への専心だと理解していた。
マリガロの失敗作にとって、死はゆっくりで
とても苦痛を伴うものだった。"
"Our forefathers danced and drank and ate their fill
and did not honour the First Ones for their gifts.
So the First Ones filled the sky with fire.","我らの先祖は踊り、飲み、腹を満たし、
恵みを与えた最初のものたちに敬意を払わなかった。
故に最初のものたちは空を炎で満たした。"
"After the Great Fire, the land lay barren
and our forefathers grew weak.
Mother Gull took pity on them
and gave them grain and water.","大いなる炎の過ぎ去った後、土地は不毛になり
先祖達は弱った。
母なるカモメが彼らを哀れみ
穀物と水を授けた。"
"But the grain grew twisted and the water turned dark
and those who partook of Mother Gull's gift
birthed monsters that fed
on the flesh of one another.","だが穀物は歪み、水は黒くなり
母なるカモメの恵みを食した者たちは
互いを食らう怪物を産んだ。"
You cannot journey to new lands until you have the courage to leave the safety of home.,安全な故郷から出ていく勇気を持つまで新たな地へ旅立つことはできない。
"""Axes and mauls are so uncivilised. A good clean cut to the neck with a sharp blade, that's the Sarn way!""",「斧や大鎚は野蛮すぎる。鋭い刃で綺麗に首を一切り、それがサーンの流儀だ！」
What do you see in the mirror?,鏡の中に何が見える？
"<size:31>{The greatness of a man is not in how much wealth or power he acquires, but in his integrity and his ability to positively affect those around him.}",<size:31>{人の偉大さは彼の得た富や権力にあるのではなく、誠実さと周囲の者に良い影響を与える力にある。}
Simple actions can lead the world to an early grave.,単純な行動が世界を早死にへ導くことがある。
"<size:30>{Can you hear the siren's calls,
Just beyond the sea?
A voice which hearts
of men enthralls,
I too am hooked to thee.}","<size:30>{海のすぐ奥の
セイレーンの呼び声が聞こえるか？
人の心を
奪う声
私も其方に病みつきだ}"
"Our Lady Dialla,
as a symbol of our progress,
shines greater than all the gems.","我らがディアーラ卿は
我らの進歩を象徴し
どんな宝石よりも輝いている。"
"They say when a dragon dies, the flesh smoulders and burns until all that remains is the still, white-hot, heart.",竜が死んだ時、肉体は燻り燃え、後には止まった白熱の心臓だけが残されると言われている。
"""Masters of wit, strength and cunning. To survive the harsh winters, you must be like the fox.""
- Ezomyte Proverb","「知恵、力、そして狡猾さの達人。厳しい冬を生き残るには、狐のようにならねばならない」
―エゾマイトの諺"
"Upon seeing her face, I am terrified—the moon shows me my own form!",彼女の顔を見て、私は恐れる―月には私自身の姿が映っている！
"A lucky number
For us all
To help us through
The perils told.","皆のための
幸運の数
予言の危機を
切り抜けるはず。"
"<size:31>{The end of the old,
the beginning of the new.
A unique opportunity for transformation,
for those with the power
to grasp it.}","<size:31>{古きの終わり
新しきの始まり。
またとない変化の機会、
それを掴むだけの
力ある者には。}"
The dead tell me great insights. They've had nothing but time to sit and think.,死者は素晴らしい見識を与えてくれる。彼らにはじっと考える時間ばかりがあった。
"<size:25>{Summoned for the King's desire,
soon applause came from the court.
However insanity was his only sire,
so the King's reign was cut short.}","<size:25>{王の望みで召喚されて
王宮はすぐに拍手喝采。
されど彼の主は狂気だけで
王の治世は早々に仕舞い。}"
Loyalty can be bought. Just make sure you know who the buyer is.,忠誠心は買うことができる。誰が買ったかは把握しておけ。
"Chaos spread, wreaking havoc and death. They said none would be spared, and yet here I stand.",混沌が広まり、大混乱と死を引き起こした。誰も助からぬと言われたが、私はここに立っている。
"Bound by fate,
inseparable by choice.","運命により縛られ、
選択により別れ難く。"
"<size:27>{As Kaom slew the last of his kin,
something deep inside him broke.
And through the cracks, corruption,
pure and black, spread forth.}","<size:27>{カオムが最後の親族を殺すとともに、
彼の中深くで何かが壊れた。
そしてその割れ目から腐敗が、
純粋に、真っ黒に、広がり始めた。}"
"<size:27>{A jolt, and it moves. Or smolders.
A current, and it lives. Or dies.
A surge, and it transcends.
Or... not.
Only one way to find out.}","<size:27>{少しの電気を流すと、それは動く。もしくは焦げる。
電流を流すと、それは生きる。もしくは死ぬ。
高電圧なら、それは超越する。もしくは…しない。
やってみなければわからないさ}"
"By the time their eyes meet,
the dark deal has long since been made,
and his fate long since sealed.","目が合う頃には
闇の契約は結ばれて久しく、
彼の運命は決まって久しい。"
"Primed, curved and sleek.
Decisive and final.
For malice and righteousness.
There's but one solution.","準備万端で、滑らかに曲線を描き。
決定的で最終的。
悪意にも正義にも。
解決法は一つしかない。"
I've never come upon a ship I could not command. I have however met sailors that were not willing to be led.,私が指揮できない船には出会ったことがない。だが、導きを拒む船乗りには出会ったことが在る。
The path to godhood is guided by the hand of sacrifice.,神性への道は犠牲の手に導かれる。
A tower built of the strongest stone is not eternal; a towering intellect is not enlightened.,最強の石で出来た塔は永遠ではない。そびえ立つような知性は啓発されていない。
"Combat is simple.
Keep your blood in.
Take theirs out.","戦闘は単純だ。
自分の血は中に。
相手のは外に。"
"When a craving cannot be sated, any source will do.",渇きが癒えない時、出処はどうでもよくなる。
"The great city of storms, washed away by Vinktar's thirst for power.",偉大なる嵐の街、ヴィンクターの力への渇望により押し流された。
"Those who are skilled in combat do not become angered.
Those who are skilled at winning do not become afraid.
Thus the wise win before they fight,
while the ignorant fight to win.","戦いの技術に長けた者は怒らない。
勝利の技術の長けた者は恐れない。
故に愚者が勝つために戦う一方で、
賢者は戦う前から勝っている。"
"The quick die young, the brilliant go mad,
and the powerful stand alone in a wasteland of their own creation.","素早きは早死にし、賢きは発狂し、
強きは自身の作り出した不毛の地に独り残される"
"There's no motivation for genius
quite like desperation.","必死さほどひらめきを
促すものはない。"
"""Prototype #298 must be contained in a non-conductive glass box at all times.""",「プロトタイプ298号は常に絶縁体のガラス箱に保管しなければならない」
"""Exiled to the sea; what a joke.
I'm more free than I've ever been.""
- Captain Weylam ""Rot-tooth"" Roth of the Black Crest","「海に追放とは、笑わせる。
かつてないほど自由だ」
―ブラッククレスト号の船長ウェイラム・『腐り歯』・ロス"
"Izaro was slow to see the treachery growing in his own court
and powerless to stop it once he had;
a captain sailing his own ship into rocks.","イザロは自身の宮廷で育つ裏切りに気づくのが遅れ、
一度気づいてもそれを止める力はなかった；
自分の船を岩に乗り上げる船長だ"
"Rancid, rotten, and wicked are those that dare to taste my serum.",我が血清を求める者の不快で、腐って、邪悪なことよ。
"When Voll took the throne,
He swore to care for the empire with eyes open.
And so he looked to the salvation of his people,
Blind to the damnation in his hands.","ヴォールが王座を得た時、
彼は目を開けて帝国の面倒を見ると誓った。
そして彼は民の救済に目を向けたが、
自身の手の堕落には盲目だった。"
"From north to south the sea of fire swept,
Rolling waves of gorging flame,
Growing taller and hungrier,
With every land they consumed.","北から南へ炎の海は押し寄せ
喰らい尽くす炎の波を立て
土地を飲み込むごとに
より高く、より貪欲になっていった。"
"As a boy, Rigwald was taught to hunt,
Through the first snows of winter,
When beasts have gorged their fill,
And see nothing but the long slumber ahead.","少年の時、リグワルドは狩りを教えられた
冬の初雪の間、
獣が腹いっぱいになり、
その先の長い眠りだけを見据えている時。"
"The Purity Rebels fought with heart and soul,
To free their empire from corruption.
And the fires of war did merely serve,
To temper the steel of their spirits.","浄化の反乱軍は心と魂を込めて戦った
帝国を腐敗から解放するために。
そして戦の炎が成したのは
彼らの鋼の精神を鍛えることだった。"
"""They spent a lifetime in the service of God,
only to spend eternity in the service of me.""
- Kadavrus, Surgeon to the Umbra","「彼らは一生を神に仕えて生きてきたが、
その結果は永遠に私に仕えることになっただけだ」
―アンブラの外科医カダヴラス"
"We forge order from the world around us
Wielding anarchy and destruction as our tools of genesis.","我らは周囲の世界から秩序を作る
混沌と破壊を創世の道具として。"
"Those who witness the shimmering scales of the wyrm
know only fear for the rest of their lives.
Fortunately, the rest of their lives
can be measured in seconds.","竜の輝く鱗を見たものは
残りの人生を恐怖して過ごす。
幸運なことに、残りの人生というのは
秒で数えることができる。"
"Thousands gazed upon the doors of the great labyrinth,
at an Eternal Champion in steel and gold,
The first to challenge its treacherous traps.
To mark the occasion, Izaro had the Champion's remains gilded.","何千人もが広大な迷宮の扉を、
鋼鉄と金を纏った永遠なる戦士を、
その危険な罠の最初の挑戦者を眺めた。
記念に、イザロは戦士の残骸を金で塗らせた。"
"The once-glorious emperor spent his final days
imprisoned in his greatest creation;
a tool to filter out the unworthy
that pushed a monster to power.","かつて偉大だった皇帝は最期の日々を
自身の最高傑作に閉じ込められて過ごした；
それは怪物を権力の座へと押し上げた、
相応しくないものを除くための道具だ。"
"Two sides of a coin;
Heads for a friend,
tails a foe;
Gemini toss up","コインの裏表；
表なら友、
裏なら敵；
双子のコイン投げ"
"<size:31>{Born of relentless fury and abhorrence, warped by turmoil and anguish, tainted through desire and carnality, I thirst for bloodshed once more.}",<size:31>{容赦なき怒りと憎悪より生まれ、混乱と苦痛により歪み、願望と肉欲により汚染され、我は再び流血を求む。}
"When the dead raise and master their own, the land is truly lost.",死者が死者を蘇らせ支配する時、その地は本当におしまいだ。
"<size:31>{""Mastery of thaumaturgy is like any other pursuit; it requires dedication and sacrifice. Sometimes several sacrifices.""
- Shavronne of Umbra}","<size:31>{「魔術を極めるということは他の探求と同じだ。執念と犠牲が必要だ。時には複数の犠牲が」
―アンブラのシャヴロン}"
"""Some see our mortal flesh as a limitation. I see it as an opportunity for vast, miraculous improvements.""
- Shavronne of Umbra","「我らの生きた肉体を欠点だと考える者もいる。私にとってそれは大幅で奇跡的な改良の機会だ」
―アンブラのシャヴロン"
"Weaving the six,
a serpent stands tall.
Wearing a crown,
the thousand petals call.","六つを縫い
蛇は背筋を伸ばす。
王冠をかぶり、
千の花弁は呼びかける。"
"To tame a beast, you first must subdue its heart.",獣を手懐けるには、まず心を折らねばならない。
Let these fine arrows pack a punch.,この良き矢に威力がありますように。
"Exploring lands made of flesh and sorrow, we'll reap and plunder like there's no tomorrow.",肉体と悲しみから成る地の探検で、滅茶苦茶に稼いで略奪だ。
"If this is my dream, I don't wish to wake.",これが夢なら、目覚めたくない。
"""He might be lacking in vision, but his virtuosity is undeniable.""
- Malachai, on Maligaro","「彼は先見性においては至らぬ所があるが、その匠の技は疑いようもない」
―マラカイ、マリガロについて"
Unlimited power is apt to corrupt the minds of those who possess it.,無制限の力はそれを持つものの精神を腐敗させがちだ。
"<size:31>{As their civilisation crumbled, the Vaal looked to their queen. In her, they saw a way out. In them, she saw a burden she was happy to free herself from.}",<size:31>{自らの文明が崩れ行く中、ヴァールは女王を見上げた。彼女ならなんとかしてくれると思っていた。彼女はそんな彼らに対し、重荷を捨てられてせいせいすると思っていた。}
"""This one? It is NOT for sale. You would sooner pry it from my lifeless hand.""
- Jonfé Darontos, Ringmaker","「これかい？売り物じゃないよ。私の死んだ手から奪ったほうが早いだろうさ」
―指輪職人ジョンフェ・ダロントス"
"""It's risky not knowing where your wares come from. That's why I source my own.""
- Klayver, the Antiquarian","「自分の品がどこから来たのかわかっていないのは危険だ。だから私は自分の品は自分で供給している」
―古物商クレイヴァー"
"""Through thick and thin,
blood and bone,
a peaceful life
is one I can't condone.""
- Tukohama, Father Of War","「厚いも薄いも、
血も骨も、
私が許せぬのは
平和な生よ」
―戦の父トゥコハマ"
"<size:31>{My son, you lost your way before you arrived.
To never lose you again,
I make a path in my heart.}",<size:31>{自分の進歩の地図を描いておけば道に迷いにくくなる。}
"""With this, I will weave the threads of fate
into a noose for our 'glorious' emperor.""
- Chitus Perandus","「これを使い、私は運命の糸で
我らが『栄光ある』皇帝の首吊り縄を縫おう」
―チタス・ペランダス"
"Izaro saw himself not as a man,
but as a divine saviour trapped in a man's body.","イザロは自身を人ではなく、
人の体に囚われた神聖なる救世主だと考えていた。"
"When slaughtered flesh falls silent,
the soul may yet scream on.","虐殺された肉体が静まった時、
魂が叫び続けることもある。"
"Take your partners by the hand,
Keep your steps in time.
Swing together, spin apart,
And dance with death sublime.","パートナーの手を取って、
同時にステップを踏みましょう。
二人でスイング、回って別れ、
厳かな死と踊りましょう。"
"A mage from the coast rode up on a broken nag, legs burnt to his bones.
Before he collapsed, he uttered:
""I watched the world we know end yesterday.""","脚が骨まで燃え尽きた魔術師がぼろぼろの老馬に乗り海岸からやってきた。
崩れ落ちる前に彼はこう呟いた。
「昨日、我らの知る世界が終わる所を見てきた」"
"Chitus began to aggressively expand his empire
into neighbouring nations at great human cost.
But for absolute power, there is no price
that a Perandus won't pay.","チタスは多大な人的被害を出しながら
積極的に帝国を近隣の国家へと広げ始めた。
しかし絶対的な力のためなら、
ペランダス家の者が支払わぬ代償などない。"
"Lioneye's men stood at the walls,
eyeing the savages that walked the beach below.
With a single word,
a thousand bodies, and ten thousand arrows,
would litter the sands.","ライオンアイの兵士達は防壁に立ち、
眼下の浜辺を歩く蛮族達を眺めた。
たったの一言で、
一千の死体と十万の矢が
砂浜を散らかした。"
"Long after the Karui passed through,
the whispers of those who stood their ground
at Lioneye's Watch could be heard amongst the rubble.","カルイが通ってから長い間、
ライオンアイの見張り場を守った者たちの
囁きが瓦礫の中で聞こえていた。"
"The Eternals commanded an army that need not eat, sleep, or breathe
without the usual depravities of necromancy.","永遠なる者たちは食事、睡眠、そして呼吸の必要もなく、
一般的な死霊術の邪悪さを持たぬ軍隊を指揮していた。"
"""Admittedly lacking the finesse of the fabled original,
Prototype #4 achieved identical results through brute force alone.""","「確かに伝説の本家の優美さには欠けているが、
プロトタイプ4号は単純な力のみで同一の結果を達成した」"
"You can never truly tame the tempest.
You can barely even leash it.","本当の意味で嵐を手懐けることは決してできない。
手綱をつけることさえ困難なのだ。"
"Every decade, Lunaris devours Solaris
Each time, Solaris emerges from Lunaris, born anew.","十年ごとに、ルナリスはソラリスを喰らう。
毎度、ソラリスはルナリスから新たに誕生し出現する。"
"When God forged the rules of reality,
he stated that some forces cannot co-exist.
He then made man with an unequivocal
desire to disobey.","神がこの世の理を創造された時、
神はいくつかの力は共存できないと言われた。
次に神は人に疑いようもない
背く願望を与え創造された。"
"In time, all becomes nothing.
We just expedite the process.","やがて全ては無に帰す。
我々はその過程を早めているだけだ。"
"Fight not the cold
Forsake hope
Be still.","寒さに抗うな
希望を捨てよ
じっとせよ。"
"""Attempt #2520: Been slaving away at this one for longer than I can remember.
Convinced this assignment is retribution from my superior...""","「試みその2520：もうどれだけこの作業に関わっているか覚えていない。
この仕事は上司からの仕返しに違いない...」"
"""They say a draught of fine spirits will ward off
the elements and promote a longer, merrier life.
I have found this to be true on all counts.""
- Zerphi of the Vaal","「一杯の上質な蒸留酒は自然の厳しさを追い払い
長く楽しい人生を助長すると言われている。
私の経験によるとこれは全面的に正しい」
―ヴァールのゼルフィ"
"To cure the Goddess,
and break the chains of corruption,
you must shatter the world.","女神を癒し
腐敗の鎖を断つには、
世界を粉々にしなければならない。"
"Wherever she went, death was sure to follow.",彼女がどこへ行こうとも、死は必ずついてまわった。
"<size:31>{Sometimes an apprentice becomes a master through countless hours of hard work and practice.
Sometimes it happens by force.}","<size:31>{時には見習いは数え切れない時間を努力と練習に費やすことで親方となる。
時にはそれは武力によって起こる。}"
"Eternal beauty has a cost, one which Shavronne was happy to pay with the lives of others.",永遠の美には代償があり、シャヴロンはそれを喜んで他人の命で払った。
"<size:27>{""There are worlds that lie beyond the edge of my page, the edge of my understanding. Worlds of wonder. Worlds of terror.""
Aramil - Cartographer to Emperor Chitus}","<size:27>{「私の頁、私の理解の外側に存在する世界がある。不思議の世界だ。恐怖の世界だ」
―皇帝チタスの地図職人アラミル}"
"<size:27>{Thy knee shall bend
in shifting dark,
thy blade shall serve his vigil.
Thy oath shall bind thee
to his mark,
thy flesh shall bear his sigil.}","<size:27>{其方は蠢く闇の中で
膝を折り、
其方の刃は彼の番人となる。
其方の誓いは彼の印に
其方を縛り、
其方の肉体には彼の紋章が刻まれる。}"
"Nature was her domain,
Love was her song,
Family was her devotion,
Knowledge was her gift.","自然は彼女の領域、
愛は彼女の歌、
家族は彼女の愛情、
知識は彼女の贈り物。"
"They say it is the head that leads, but all must flow through the body at some point.",導くのは頭だと言われているが、いずれ全ては体を通らなければならない。
"""Only after one forsakes rage, can true power be found.""
- Sekhema Asenath","「怒りを捨てて初めて真の力が得られるのだ」
―セケマ・アセナス"
"When you dwell in total darkness, even the faintest light may guide you out.",完全な暗闇の中で暮らしているならば、ほんの僅かな光でさえ外への道標となる。
"<size:30>{""Long ago, people looked to the stars, believing they influenced us. Soon, it will be us who influence the stars.""
- Doryani, Queen's Thaumaturge}","<size:30>{「かつて人々は星々が我らを影響すると信じ、星を眺めた。近い内に、我らが星々を影響するようになる」
―女王の専属魔術師ドリヤニ}"
"In the light of Solaris, the shadows cower and hide.
But every night they gather and grow,
and all but the strong and the stupid
seek shelter from their grasp until daybreak.","ソラリスの光の中で、影は怯え隠れる。
しかし毎晩それらは集まり膨らみ、
強者と愚者以外の全ての者は
夜明けまでそれらの手から避難する。"
"It's said to be noble to stand one's ground.
To soak the earth in stalwart blood.
While the First Ones chose to laugh and run
and caper with untamed glee.
- The Wolven King","「退かないことは誇り高いことだと言われている。
大地をその強固な血で濡らすことが。
一方で最初のものたちは笑って逃げ
野生の悦びで跳ね回ることを選んだ」
―狼王"
"We Ezomytes are beasts of burden
bearing wealth of an empire on our backs,
growing lean and strong
while our masters grow fat and weak.
- The Wolven King","「我らエゾマイトは駄獣だ
背には帝国の富を背負い、
体は引き締まり強くなる
一方で我らの主人は肥え太り弱くなる」
―狼王"
"Fear the children of the First Ones.
Let fear shield your back.
And let the dullard speak of bravery
when the First Ones come for him.
- The Wolven King","「最初のものたちの子らを恐れよ
恐れに背を守らせよ
勇敢さを語る愚者のもとには
最初のものたちがやってくる」
―狼王"
"The first ones live where they can, where they must.
They embrace the frost, the storm, the drought.
Waxing and waning, breaking and mending,
living with time and happenstance, as must we.
- The Wolven King","「最初のものたちは住める所に、住まねばならぬ所に住まう。
彼らは霜を、嵐を、間伐を受け入れる。
栄えては衰え、壊れては治り、
時と偶然と共に暮らしている。我らもせねばならぬように」
―狼王"
"""This thing is not a pet. It is a parasite that feeds on the very will of its host.
Like any part of nightmare, it has found a way to make its price... acceptable.""
- Malachai the Soulless","「これはペットではない。宿主の意志そのものを喰らう寄生虫だ。
悪夢のどの部分とも同じように、それはその代償を…許容させる方法を見つけた」
―魂なきマラカイ"
"""I offer to you an eternal oath
that binds your heart to mine;
a bond that not even death will break.
Will you accept?""
- Daresso, to his beloved","「其方の心を我が心と結ぶ
永遠の誓いを申し出たい；
死すらも断ち得ぬ絆だ。
受け入れてくれるか？」
―ダレッソ、愛する人へ"
"Long ago, the ocean was a puddle where a golden fish dwelt,
who lit the ocean from within and kept the water fresh.
When the sky burned, the fish dived deep,
never to return, and the waters turned sour.","かつて海は黄金の魚が住まう水たまりだった
魚は海を内から灯し、水を清浄に保った。
空が燃えた時、魚は深く潜り、
二度と戻らず、水は腐った。"
"Just as the rat cowers before the dog
and the dog cowers before Man,
so too should we cower before the First Ones
and pray we never learn of what comes next.","鼠が犬を前にして怯えるように、
犬が人を前にして怯えるように、
我らも最初のものたちを前に怯え、
次に来るものを知らずに済むことを祈るべきだ。"
"I once thought the First Ones were just
stories made to scare children.
But I've seen what they can do. I've felt it.
And now I must live with that terrible knowledge.","かつて私は最初のものたちというのは
子供を怖がらせるための作り話に過ぎないと思っていた。
しかし私は彼らの力を見た。感じた。そして今、
私はその恐ろしい事実と共に生きて行かねばならない。"
"I am but a vessel for a greater force.
It acts through me. Speaks through me.
Decides what lives and dies through me.
And will change the world through me.","私は大いなる力の依代に過ぎない。
それは私を通して行動する。私を通して話す。
私を通して生きる者と死ぬ者を決定する。
そして私を通して世界を変える。"
"The Hunter faced the First One
and notched his final arrow.
The First One bared its fangs
and savoured its final breath.
- The Wolven King","「狩人は最初のものに相対し
最後の矢をつがえた。
最初のものは牙を剥き、
最後の一息を味わった」
―狼王"
"With the will of the first ones in our sinews
we shall tear down the walls of Sarn.
Yet as is the way of the wildlands,
Only the strong may grow stronger.
- The Wolven King","「最初のものたちの意志を肉体に宿し、
我らはサーンの壁を破壊するだろう。
しかし自然の掟の通り、
強者のみが更に強くなれるのだ」
―狼王"
"From flesh and ferocity,
the First Ones roamed
through the realm of Spirit,
and into the darkness beyond.
- The Wolven King","「その肉体と凶暴性で
最初のものたちは
魂の領域を彷徨い抜け
その先の暗闇へと進んだ」
―狼王"
"The First Ones are the forever ones.
There is no dust of the hourglass in their blood.
No fissures of weariness in their faces.
To drink of their blood is to drink of time itself.
- The Wolven King","「最初のものたちは永遠の者たちだ。
彼らの血には砂時計の砂は流れておらぬ。
彼らの顔には疲れの谷も現れておらぬ。
彼らの血を飲むことは時そのものを飲むということだ」
―狼王"
"When we free ourselves from the shackles
of civilised existence
we learn to feed and run and breathe
as the First Ones have always done.
- The Wolven King","「我らが文明の枷から
自らを解き放つ時、
我らは最初のものたちがしてきたように
喰い、走り、息をすることを学ぶのだ」
―狼王"
"The first ones marked their hunting grounds
with blood and piss.
We have tried to paint our future in words.
Now we shall paint with inks of savagery.
- The Wolven King","「最初のものたちは血と尿で
狩場に印を付けてきた。
我らは言葉で未来を描こうとしてきた。
これからは野生の墨で描こう」
―狼王"
"We grew contemptuous of our past.
Dismissed the first ones as ignorant and wild.
We were fools and naive children
to turn our backs on our inheritance.
- The Wolven King","「我らは過去を軽んじるようになった。
最初のものたちを無知で野蛮なものだと片付けた。
我らは愚かで物を知らぬ子供だった
遺産に背を向けてしまうとは」
―狼王"
"Death met with the First Ones
and demanded they hunt with mercy.
For while pain might delight the mind,
it does not fill the belly.
- The Wolven King","「死は最初のものたちに合い、
慈悲を持って狩るよう求めた。
苦痛は精神を悦ばせることはあるが、
腹は満たさぬからだ」
ー狼王"
"Look not upon me with fear, my men.
Though I seem strange, even monstrous,
were you to see with the eyes of your forebears,
your hearts would be filled with wonder.
- The Wolven King","「我が民よ、我を見る目に畏怖を込めるなかれ。
我は奇妙で怪物のように映るかもしれぬが、
其方らが先祖の目を通して我を見られたならば
其方らの心には驚きが満ちるだろう」
―狼王"
"We breed thoughts of single mind,
fashion tools of single purpose.
While the First Ones bring to bear
anything that the wildlands provide.
- The Wolven King","「我らは一念の心を育み、
専用の道具を作る。
一方で最初のものたちが生み出すのは
自然の与えるもの全てだ」
―狼王"
"Within the heart of every man and woman
lies the soul of a ferocious beast.
If you cannot tame it, embrace it.","全ての男と女の心には
獰猛な獣の魂がある。
それを手懐けられぬのならば、受け入れよ。"
"Tear the flesh from the bone.
Turn the bone to dust.
Scatter the dust to the wind.","肉を骨から千切れ。
骨を粉と化せ。
粉を風に撒け。"
"Fear not death. Turn to him, face him.
And smile as he sinks his teeth
into the throats of our oppressors.","死を恐れるな。振り向き、彼に相対せよ。
そして笑うのだ、彼が圧制者の喉に
牙を突き立てる中。"
"The fortunate inscribe their legacy
in the pages of history books.
The rest of us must leave our mark with our blood
or the blood of others.","幸運な者たちは歴史書のページに
自らの遺産を記す。
そうでない我らは自他の血で
印を残さねばならぬ。"
"Howls and laughter
They hide in the day
They smell you, they watch you
They track their new prey","遠吠えと笑い
日中は隠れ
其方を嗅ぎ其方を見張り
新たな獲物を狩る"
"The wolf greeted the king,
In the light of the harvest moon.
The wolf offered the strength of the wild,
And the king paid for it in blood.","中秋の名月の明かりの下で
狼は王を迎えた。
狼は野生の力を与え、
王は血で支払った。"
"Those who dwell in the deep freeze
enjoy a special kind of madness.","凍土に住まうものには
特別な狂気がある。"
"The First Ones hold us
between two sharpened blades.
That should we stray too far from the path,
we find ourselves severed.
- The Wolven King","「二枚の鋭い刃の間に
最初のものたちは我らを挟む。
我らが道を外れすぎた時、
斬られてしまうように」
―狼王"
"The victorious know only leadership,
the rest only servitude.","勝者は指導しか知らず、
残りは隷属しか知らぬ。"
Accumulating wealth has its own costs.,富を貯め込むこと自体に代償がある。
"<size:29>{Three men travel
through the gate;
they carry a protective ward.
A faction conspires
against their fate,
but magic unravels the sword.}","<size:29>{三人の男が
門を通る；
彼らは護符を持っている。
集団が彼らの運命に
陰謀を企てる
だが魔法が剣を解体する。
}"
"""Many believe murder is a grisly, grim, and grotesque crime. Then there are those who simply make art of it.""",多くの者は殺人はぞっとする、酷く、異常な罪であると信じている。一方でそれを単なる芸術としている者たちもいる。
"""Experiment 22A: Rhoas, when deprived of water, secrete a most delightfully potent toxin.""
- Maligaro","「実験その22A：ロアは水を与えずにおくと、喜ばしいほどに強い毒を分泌する」
―マリガロ"
"""Most people only have one. I'm a bit of a hoarder.""",「殆どの人は一つしか持っていない。私はちょっとした貯蔵家でね」
<size:31>{The Eternals lauded his valour. The Karui relished his defeat. Yet the final thoughts of Marceus Lioneye were naught but lament for his pride.},<size:31>{永遠なる者たちは彼の勇敢さを讃えた。カルイは彼の敗北を歓迎した。しかしマルセウス・ライオンアイの最後の想いは、自身の群れへの嘆きだった。}
"<size:28>{Scaly beast of the skies,
watching with his golden eyes.
Shadow that blocks out the sun,
it's too late for you to run.}","<size:28>{空を征く有鱗の獣、
黄金の目で見張る者。
太陽を遮る影、
逃げるにはもう手遅れ。}"
Whoever said 'more is always better' has obviously never met a rat.,「いつだって多いに越したことはない」と言った奴は明らかに鼠を見たことがない。
"""There is no right or wrong choice, no best or worst. There are only choices and their consequences.""",「正解も不正解もない、最善も最悪も。選択とその結果があるだけだ」
"Beware the sudden calm, for it is a sure sign of a storm on the horizon.",突然の静寂には注意せよ。それは確実に来たる嵐の兆候だ。
"To achieve godhood, they would cast off all that god has gifted us.
Mortality, compassion, even the sanctity of flesh.
 - High Templar Voll","「神になるため、奴らは神が我らに与え給うた全てを捨てようというのだ。
定命、優しさ、そして肉体の尊厳さえも」
―高位のテンプラー、ヴォール"
"""The Karui savages claim the weapon was forged by their fire god.
I'm rather inclined to believe them.""
- Fairgraves, Renowned Explorer","「カルイの蛮族共はこの武器が奴らの炎の神に造られたと言っている。
俺もどちらかというとそれを信じている」
―名声ある探検家フェアグレーヴズ"
"Thaumaturgy has no limit.
It is our fragile reality that imposes boundaries.","魔術に限界はない。
それを定めているのは我らの脆弱な現実だ。"
"For too long we have crawled in darkness,
scavenging through rotten scraps.
The First Ones teach us to scavenge until we can hunt,
and then never crawl again.
- The Wolven King","「我らは長すぎる期間、腐った食べ残しを漁りながら
闇の中を這いずってきた。
最初のものたちは我らに狩りができるまで漁るよう教えている
そしてその後二度と這いずらないことも」
―狼王"
Between a rock and a rock.,岩と岩の間。
"The Empire hides lies and falsehoods
Behind a mask of politeness and civility.
The First Ones teach us to look through the lies,
And that no beast can truly cover their tracks.
- The Wolven King","「帝国は嘘と欺瞞を
礼儀と丁重さの仮面で隠している。
最初のものたちは嘘を見抜くことを教える
どんな獣でも完全に痕跡を隠すことはできないことも」
―狼王"
"The world of the First Ones is harsh;
We struggle on our bellies to survive.
But that which imprisons us also changes us
And soon we will emerge anew.
- The Wolven King","「最初のものたちの世界は厳しい
我らは腹ばいになり生きるためにもがく。
しかし我らを囚えるものは同時に我らを変え
すぐに我らは新たに生まれ変わる」
―狼王"
"""The power of rebirth rivals that of immortality.""
- Icius Perandus, Antiquities Collection, Item 3","「再誕の力は不老不死に匹敵する」
イシウス・ペランダス、骨董品コレクション、その3"
"""Researcher Graven spent eleven hours suffering electrocution in the lab
before he was found. Prototype #14 somehow kept him from dying.""","「研究者グレイヴンは発見されるまで実験室で十一時間感電していた。
プロトタイプ14号がどのようにかして彼を生き永らえさせていた」"
"""A man cowers behind his walls.
A woman carries her fortress with her.
In heart, in mind, in hand.""
- Sekhema Deshret","「男は壁の後ろに隠れる。
女は砦を持ち運ぶ。
心に、精神に、手に」
―セケマ・デシュレット"
"""Additional test subjects approved. Determine exactly how many wounds
need to be endured to activate Prototype #612's energies.""","「被検体の追加を承認。プロトタイプ612号のエネルギーを活性化させるために
必要な傷の数を正確に判明させること」"
"To her beauty you submit,
lest your neck the great Queen slit.","彼女の美しさに平伏しましょう
偉大な女王に首を落とされぬよう。"
"""Don't worry, I know what I'm doing.""
- Toggo's Last Words","「大丈夫、分かってやってるから」
―トゴの最後の言葉"
Taste and grow strong. Drink too much and be buried.,味わえば強くなる。飲みすぎれば埋葬される。
"""If I fall, we will fall together with my fangs in your throat.""",「我が倒れる時、我が牙は貴様の喉に喰らいつき我らは共に倒れる」
The fight is the easy part. It's the years of training that'll kill you.,戦うのは簡単な部分だ。何年もの訓練の方で死んでしまう。
"""Since one with knowledge of machines
might be able to bring the labyrinth to a standstill,
Izaro had us place many boobytrapped decoys.
But I know which switch brings the monster down.""
- Xirgil, Trapbuilder's final words.","「機械に詳しい者ならば
迷宮を停止させられる可能性があるため、
イザロは我らに多くの罠付きの囮を設置させた。
だが私はどのスイッチが怪物を止められるのかを知っている」
―罠職人ザーギルの最後の言葉"
"What is stronger, the stone or the wind?
Look to the east. Do you see a single stone still standing amongst the dunes?
- Sekhema Deshret","「風と石、どちらが強い？
東を見よ。砂丘の中に未だ立っている石が見えるか？」
―セケマ・デシュレット"
"An era so ingrained with decadence, greed and cruelty
that even the graves of murderers were gilded.","退廃、欲望、そして残酷さの染みつき過ぎたその時代では
殺人者の墓さえも金で飾られていた。"
"Little makes it across the dry plains
to the foot of the mountain alive.
The mountain dwellers ensure nothing reaches the top.","乾いた平原を渡り
山の麓まで辿り着く者は少ない。
山に住まう者達は何者も登頂せぬことを保証する。"
"The caustic fumes that rise from the caldera
kill nearly everything downwind eventually.
The Redblade, however, just go mad.","カルデラから昇る腐食性の気体は
やがて風下の全てを殺してしまう。
しかしレッドブレード達は、狂うだけで済む。"
"For generations, the gentle Pondium tides
sheltered the smugglers, murderers and thieves,
and let their resentment and population flourish.","何世紀もの間、優しきポンディウムの潮は
密輸人、殺人者、そして盗賊達を守り、
彼らの憎しみと数を繁栄させた。"
"As if pulled by divine strings,
the powerful are drawn to the powerful,
breaking any morals and laws that might stand in the way.","神が糸を引いているかのように
強きは強きに導かれ
その邪魔になる倫理や法を破壊して行く。"
"A captain's first love is his ship.
They either die together,
or forever linger apart.","船長の最初の恋人は彼の船だ。
彼らは共に死ぬか、
永遠に離れ離れとなる。"
Unconventional criminals require unconventional prisons.,型破りな罪人には型破りな牢が必要だ。
"""Though ingenious instruments have been found,
it seems surgery before thaumaturgy
was not so delicate.""
- Icius Perandus, Antiquities Collection, Item 3546","「独創的な器具が発見されている一方で、
魔術以前の外科手術は
あまり繊細なものではなかったようだ」
―イシウス・ペランダス、骨董品コレクション、その3546"
"""The best place for this prototype would be in the hands of our enemies.""",「このプロトタイプを置いておく最善の場所は敵の手の内だ」
"Love only death
For she shall never let you go.","死だけを愛しなさい
彼女は決してあなたを離さない。"
"There is nothing, flesh, spirit, or stone
Free from our hunger for dominion.","肉体も、魂も、石も
我らの支配への渇望から逃れられるものは何もない。"
"A merciful murderer swept through the streets of Sarn
Robbing breath from the weak and worthless.","慈悲深い殺人鬼がサーンの通りを駆け抜け
弱き者と無価値な者の息を盗んでいった。"
"""Three test subjects confirmed Prototype #495 creates an additional
debilitating effect from poisons. This could be very useful.""","「三人の被検体によりプロトタイプ495号が毒から更なる弱体化効果を
創り出すことが確認できた。これは非常に役立つ可能性がある」"
"The blade thrums with wild energy
Eager for vengeance against all who walk free.","刃は荒れ狂うエネルギーで脈打ち
自由に歩く全ての者への復讐を望んでいる。"
"""Test subjects were unable to strike even a motionless target.
However, when a trained guard tried it...""","「被検体は静止した的にさえ当てることができなかった。
しかし、訓練した衛兵がやってみた所...」"
"It doesn't matter how well the young swordsman trains.
All form and finesse are forgotten when blood first hits the ground.","若き剣士がどれだけ訓練しても意味のないことだ。
型も技も、最初の血が地面に流れた時に全て忘れられる。"
"""We do not command fire.
Ngamahu lends it, and Hinekora returns it.""
- Lavianga, Advisor to Kaom","「我らは炎を支配してはいない。
ナーマフがそれを貸し出し、ヒネコラがそれを返すのだ」
―カオムの相談役ラヴィアンガ"
"He cast far into the ocean
And tore out her heart.","彼は海の奥へと竿を投げ
彼女の心臓を引きずり出した。"
"As man sins,
God weeps.","人が罪を犯すと、
神は嘆く。"
"""Success! Prototype #54 has tapped into that sliver of divinity that exists within.
Faith fuels the flesh, and the flesh fuels the fire...""","「成功だ！プロトタイプ54号は内なる神性の欠片を引き出した。
信仰は肉体の燃料となり、肉体は炎の燃料となる...」"
"Faith does not make us invulnerable.
It makes us immortal.","信仰は我らを無敵にするのではない。
不死身にするのだ。"
The worst of Axiom were imprisoned by more than iron.,アクシオムの最も凶悪な者たちを拘束するのは鉄だけではなかった。
"""Painful suicide in the hands of a fool,
Creative death in the hands of a master.""
- Icius Perandus, Antiquities Collection, Item 2992","「愚者の手の中では苦痛を伴う自殺、
達人の手の中では創造的な死」
―イシウス・ペランダス、骨董品コレクション、その2992"
"Swift and silent.
One strike, one corpse.","素早く静かに。
一撃一殺。"
"The Goat King knew not of war,
of the lands and laws he trampled.
The Goat King knew only joy
at turning life to ash.","山羊王は戦を知らず、
自身の蹂躙した土地や法を知らなかった。
山羊王の知るのは命を灰と化すことの
悦びだけだった。"
"The quickest way to understand
your own strengths and weaknesses
is to walk in the skin of another.","自身の長所と弱点を理解する
最も手っ取り早い方法は
他者の皮を着ることだ。"
"""Proof that if you devote yourself to a god of death,
you may be spared from its wrath.""
- Icius Perandus, Antiquities Collection, Item 408","「死の神に自身を捧げれば、
その怒りを免れることの証明」
―イシウス・ペランダス、骨董品コレクション、その408"
"Terror doesn't make you jump.
Terror makes you run.","恐怖に飛び上がるなんてことはない。
恐怖には走るものだ。"
Why waste the good stuff on something that's going to blow up?,爆発してしまうものに良いものを使うなんてもったいない。
"""A curious jewel. Like so many others, a shining little paradox.""",「不思議な宝石だ。他の多くのものに似た、光り輝く小さな矛盾だ」
"Izaro's insistence on using lava
resulted in some surprising material discoveries.","イザロの溶岩を使うことへのこだわりは
いくつかの驚くべき物質の発見に繋がった。"
"Anyone can catch a lumbering beast.
Try catching a bird before it has even landed.","のろまの獣なんて誰でも捕まえられる。
着地する前の鳥を捕まえてみろ。"
"Night's frost becomes morning's dew
Darkness cleansed, pure and new.","夜の霜は朝の露となる
闇は祓われ、生まれ変わる。"
"The Ezomytes have a saying:
Take everything and waste nothing.","エゾマイトには諺がある：
全てを奪い、何も無駄にするな。"
"Saboteurs, like chefs, have their own secret recipes.",工作員は料理人と同様に自分だけの秘密のレシピを持っている。
"""Researchers will refrain from giving test subjects virtue gems which produce traps.
We are still finding explosives in the vents months later.""
- Administrator Qotra","「研究者は被検体に罠を生み出す美徳の宝石を与えることを控えるように。
数ヶ月経っても通気孔に爆発物が発見されています」
―管理者クォトラ"
"Branded a heretic for your beliefs,
You stand alone against many.
May the truth that fuels their anger,
Carry your blade into their hearts.","信念のため異端者の烙印を押され、
其方は一人、多勢に立ち向かう。
彼らの怒りを燃やす真実が
其方の刃を彼らの心臓へと運ぶことを願う。"
"The greatest victories happen
before the battle has begun.","最大の勝利は戦いが
始まる前に得られている。"
"Language is a tool that can be used to build walls
or tear them down.","言葉は壁を建てることにも、それを破壊することにも
使うことのできる道具だ。"
Even an iron fist can be handled with grace.,鉄の拳さえ優美に扱うことができる。
"Learn as much as you can,
and surround yourself with people who know the rest.","できるだけ多くを学び、
残りをしっている者で自分の周囲を固めなさい。"
"A single step forward
Snap free from the prison
Reborn into freedom eternal","一歩の前進
牢獄からの脱出
永遠なる自由への生まれ変わり"
"A snake cannot survive without its head.
But neither can the head survive without the body.","蛇は頭を失って生きていくことはできない。
しかし頭が体を失って生きていくこともできない。"
"All living things need a heart,
even those made of stone.
No heart, no life.","全ての生ける者には心臓が必要だ、
石で出来ていても。
心臓がなければ生はない。"
Beware the one who seeks to contain a storm.,嵐を収めようとする者に注意せよ。
Return Nature's gift to the source.,自然の恵みをその源へと返しなさい。
"What can be built, can be destroyed.",作れるものは、破壊できる。
That which takes an eternity does not happen.,永遠の時間がかかる物事は起こらないのと同じだ。
"Take a cog here, place a cog there,
and the great machine grinds to a halt.","ここから歯車を取って、あそこに歯車を置けば
大きな機械は停止する。"
"The best way to keep out an unwanted guest
Is to simply close the door.","迷惑な客を入れないためには
単純に扉を閉めるのが最も効果的だ。"
A man's life is the greatest gift he can give.,人の与えられる最大の贈り物は彼の命だ。
"""Close to the original, and perhaps even more useful. However,
close is not what we are looking for. Keep trying.""
- Administrator Qotra","「オリジナルに近く、より有用でさえあるかも知れません。ですが、
我らは『近い』を求めているのではありません。続けなさい」
―管理者クォトラ"
"Forget kings and emperors;
He who holds the coin holds all the power.","王も皇帝も問題ではない；
金を持つ者こそが全ての力を持つのだ。"
"A sword he brought, his foes to maim and rend,
from places dark behind forbidden doors,
but night by night he woke with frighten'd roars
from ghoulish dreams, too strange to comprehend.","王も皇帝も問題ではない；
金を持つ者こそが全ての力を持つのだ。"
"""The night-gaunts, they fly, soaring about in darkness beyond the ken of mankind.
I hear the silent whispers of their wings as they descend, for me, for me...""
- Researcher Arn","「ナイトゴーント達、奴らは飛行し、人知を超えた闇の中で飛び回るのだ。
奴らが降りてくる時の静かな翼の囁きが聞こえる、私の所へ、私の所へ...」
―研究者アーン"
"If the path to divinity were simple, we'd all be gods.",神性への道が簡単なものであれば、我らは皆神となっている。
Lioneye looked to the heights of glorious victory. And thus he missed the defeat right under his nose.,ライオンアイは栄光在る勝利の高みを眺めていた。故に彼は目下の敗北を見落とした。
<size:30>{Many that have wielded the power of lightning have said that death by electrocution looks like the victim is more alive than ever before.},<size:30>{雷の力を振るった者の多くは、感電死の犠牲者はそれまでよりもずっと生き生きとしているように見えると言っている。}
"<size:29>{Moribund, he gazed upon the journey taken as blood trickled down his chin. His eye closed on the city ahead that he would never call home.}",<size:29>{モリバンドは顎へと血が垂れる中、これまでの旅を振り返った。決して故郷と呼ぶことのない前方の街を眺めながら、彼の目は閉じた。}
"<size:30>{""Greetings! Just because you think I'm greedy doesn't mean I'm not willing to share. You'll just have to kill me first.""
-Grandmaster Dy'Ness}","<size:30>{「やあ！私は強欲だと思われているが、だからと言って分けてあげないということはないよ。まずは私を殺さないといけないというだけさ」
―グランドマスター、ディ・ネス}"
Boundless is the distance between where we start and where we start again.,果てしなきは我らの始まりの場所と我らが再び始める場所の距離だ。
A king's movement is unwavering.,王の動作は揺るがない。
Only a fool tries to contain unlimited power.,無限の力を収めようとするのは愚か者だけだ。
"<size:30>{""Let us not forget the most important lesson the Vaal taught us:
Nothing is eternal.""
- Siosa Foaga, Imperial Scholar}","<size:30>{「ヴァールが遺してくれた最も重要な教訓を忘れないようにしましょう：
永遠なものなんてない」
―帝国の学者シオサ・フォアガ}"
"Their whims left unknown,
Their life left for others.","願いは知られないまま残され、
命は他者のために残されて。"
"<size:26>{Black and White, Silver and Gold
Let us see the world Unfold
Red and Blue, Yellow and Green
Let us remake it in colours Unseen}","<size:26>{黒と白、銀と金
世界の広がりを眺めましょう
赤と青、黄と緑
見られざる色に塗りましょう}"
"Be like water, friend.",友よ、水のようにあれ。
Reach into the Void and claim your prize.,虚空へ手を伸ばし宝を掴め。
"""Fear controls the masses.""
- Laszlo, the Scourge","「恐怖は大衆を支配する」
―災厄のラズロー"
"<size:30>{A weapon, a shelter, a prison.
The web's purpose changes
with the spider's needs.
A lesson we should
take to heart.}","<size:30>{武器、避難所、牢。
蜘蛛の必要に応じ
巣の目的は変化する。
我らが心すべき
教訓だ。}"
"<size:30>{Taste not of their
forbidden fruit.
Theirs is a harvest of
the darkest kind,
twisted, rotten and
damned for eternity.}","<size:30>{その禁じられた実を
口にしてはいけない。
それは最も昏き
収穫であり、
永遠に歪み、
腐り、呪われている。}"
"Embrace the Light,
Await the Morrow,
No more Spite,
And no more Sorrow.","光を受け入れ
明日を待て
恨みを捨てれば
悲しみも生まれぬ。"
"True to his title,
Voll, newly crowned,
had many of the
Eternal Empire's signature
extravagances destroyed.","肩書の通り、
新たな王となったヴォールは
永遠の王国の特徴と言える
贅沢品の多くを
破壊させた。"
"The First Ones
may be blasphemy,
but they are
powerful blasphemy.","最初のものたちは
冒涜かもしれないが、
彼らは強い冒涜だ。"
"If you beckon the
Lord of Lightning,
do not be surprised
when you are struck.","雷の王を
呼ぶのであれば
自身が打たれても
驚くなかれ。"
"So many memories,
so much pain in
such a small token.
Drown it in blood
so you can forget.","多くの記憶、
多くの痛みが
こんな小さな物の中に。
血に溺れさせ、
忘れなさい。"
"<size:28>{A map is similar
to a pair of eyes,
without one you stumble
around, unable to find your way.}","<size:28>{地図というのは
一対の目に似ており、
無ければ道が分からず、
ふらつきまわることになる。}"
"When the outcome is the same, does it matter if it is fortune or trickery?",結果が同じなら、それが幸運かイカサマかは関係ないだろう？
"Time and change
shall naught avail,
To dim the Light
of Truth's fair grail.","時も変化も
能わぬだろう、
真実の美しき盃の
光を消すことは。"
"They can't be THAT lucky,
or they'd still be here!","そこまで幸運でもなかったんだろう、
今ここにいないってことは！"
"<size:28>{Crimson rubies, drops of vigour,
flowing through my veins,
flesh like coal, try to crush me,
diamond is what remains.}","<size:28>{真紅の紅玉、活力の雫、
我が血管の内を流れ
石炭のような肉体、我を潰そうとしても
残るは金剛石だ。}"
"<size:28>{First, I gave my wealth, and we went hungry. Next, I gave my land, and we were homeless. Then, I gave my family, and I was alone. Last, I gave my eyes, and all I could dream was mine.}",<size:28>{初めに私は富を捧げ、我らは腹を減らした。次に私は土地を捧げ、我らは家を失った。そして私は家族を捧げ、私は独りになった。最後に私は目を捧げ、夢見た全てが我が物となった。}
"<size:29>{The largest beasts cannot be overpowered. The Greatwolf teaches us to use guile, not strength, to probe for the soft flesh and strike deep.}",<size:29>{最大の獣達を力で圧倒することはできない。大狼は力でなく知恵を使い、柔らかい肉を探し深く突き刺すことを教える。}
"<size:28>{A symbol of beauty and innocence
The gems corrupted her mind
Malachai corrupted her gems
All but a glimmer of
greatness lost in madness}","<size:28>{美と無垢の象徴
宝石は彼女の精神を堕落させ
マラカイは彼女の宝石を堕落させた
かすかな栄光の光を除き
狂気に失われてしまった}"
"<size:32>{Blood flows not just through veins, but through worlds.}",<size:32>{血が流れ通るのは血管だけじゃない、世界をも通るのだ。}
"<size:26>{The villain strikes,
the world is torn.
A war begins, a hero is born,
The nemesis sets the sky alight.
A hero's sacrifice
sets everything right.
- Drake's Epitaph}","<size:26>{悪党の一撃で
世界が裂ける。
戦が始まり、英雄が生まれ、
強敵が空を燃やす。
英雄の犠牲が
全てを正す。
―ドレイクの墓誌}"
"Formless might,
Wild beauty tamed,
The brine of gods,
The seas restrained.","形なき力、
飼いならされし野生の美、
神々の海水、
解き放たれし海。"
"Move in with haste.
Strike quick, strike hard.
Vanish like smoke in the wind.","疾く接近せよ。
素早く打ち、強く打て。
煙のように風に消えよ。"
"""The test subject nearly escaped, but the poison gas
system in the hallway functioned as expected.""","「被検体が脱走しかけたが、廊下の
毒ガスシステムが期待通りの働きをした」"
"Renowned by those distinguished,
Exalted by the few.
He skulks in darkness,
and watches from beneath the city.","著名な者には有名で、
少数にとっては高貴な者。
彼は闇の中に潜み、
街の下から眺めている。"
Thoughts that shimmer like light across the rain.,雨の中の光のように輝く思考。
Skin like steel tempered by bright flames.,眩い炎に鍛えられし鋼鉄のような皮膚。
Fists that strike like a falling tree.,倒れる木のように重い拳。
"You think we do not know.
We know all that you think.","其方は我らが知らぬと考えている。
我らは其方が考えていることを全て知っている。"
"Remember the past, anticipate the future.",過去を忘れず、未来を予期せよ。
"Tukohama, Tawhoa and Kitava went to the lake to fish.
Tawhoa weaved a net to catch the fish,
Tukohama built a fire to cook the fish,
and Kitava swallowed the entire lake, fish and all, with a single gulp.","トゥコハマ、タウォア、そしてキタヴァは漁をしに湖へ行った。
タウォアは魚を捕るために網を編み、
トゥコハマは魚を料理するために火を起こし、
キタヴァは一口で魚ごと湖を飲み干した。"
"Even from the back rows,
the whistling steel was mesmerising.
They watched the dance in the arena dust, silent as the dead.
A spell only broken by the spilling of blood.","後列からでも風を切る鋼鉄に
観客は見入っていた。
闘技場の埃の中の舞踊を死んだように静かに見守った。
その魔法は流血によって初めて破られた。"
"Empty cup, full of promise.",約束で満杯の空の盃。
"Beaten in contest, he would try once more
Guided by magic, Magjar took aim at a dove
Saemus' gift would influence the score
Guided by darkness, Magjar spilled the blood of his love","勝負に破れ、彼は再び挑んだ
魔法に導かれ、マグジャーは鳩を狙った
シーマスの恵みが結果を変えた
闇に導かれ、マグジャーは恋人の血を流した。"
"With unending determination and resolve he destroyed first the gates,
then the constructs guarding the tomb on the other side.","無限の決意と覚悟で彼はまず門を、
そしてその奥の墓を守るからくり共を破壊した。"
"Do not hide your flaws, your cracks,
mend them, and display them proudly.
For it is these that set us apart.","欠点を、弱点を隠さず、
それを直し、誇らしく飾れ。
それこそが我らを際立たせるのだ。"
"The smaller the teeth, the sharper the bite.",小さい歯ほど、その一噛みは鋭い。
"Grip the frozen steel, feel it numb you.
Wield the cold touch of death like
a splinter of your own shattered heart.","凍れる鋼鉄を握り、その痺れを感じよ。
死の冷たき接触を
自身の砕けた心の欠片のように振るえ。"
"Fragile is the vessel that holds the soul.
Wrap it in cloth, seal it tight.
For once the seal is broken, the contents are lost forever.","脆きは魂を宿す器。
布に包み、しかと封ぜよ。
その封が破られし時、中身は永遠に失われてしまうのだから。"
"The cuts on my hands are a small price to pay
for the opportunity to drive my steel
beyond the flesh and into the demon's soul.","我が手の切り傷は小さな代償だ
我が刃を肉の奥、
悪魔の魂へと押し込める機会に比べれば。"
"A single breeze blows
A hundred blades dance","一陣の風が吹き、
百の刃が踊る。"
A true predator does not chase; It waits.,真の捕食者は追わない。待つのだ。
"All revere the earth they walk,
For it wields strength beyond compare,
Holds knowledge more than thought,
Stands long after all else falls.","彼らが歩む地は皆が敬う
それは比類なき力を振るい
思考より多き知識を持ち
全てが朽ちた遥か後も立ち続けるのだから。"
Righteous men seek virtue like tame pups seek praise.,善なる者はおとなしい子犬が褒められたがるように美徳を求める。
Wicked men chase power like stray dogs chase a rat.,邪悪な者は野良犬が猫を追うように力を追い求める。
"Curse their vile Council,
They cast me aside as if I am some bastard child.
If they only knew the power I possess.","汚れた議会に呪いあれ
奴らは私を私生児か何かのように捨てた。
奴らが私の持つ力を知っていれば。"
"It is time for the Goddess to give her final verdict.
Your fate rests in her even hands.","女神の最後の審判の時だ。
其方の命運は彼女の公平な手の中にある。"
Many things come to one who has nothing.,何も持たぬ者の所には多くの物がやってくる。
"If two great leaders like Lioneye and Kaom
had been on the same side of the battle,
nothing would remain unconquered.","ライオンアイやカオムのような二人の偉大な指導者が
同じ側で戦っていたとしたら、
征服されずに済んだものは無かっただろう。"
"Each death witnessed is a valuable lesson,
and what use is knowledge if it is not put into practice?","目撃したそれぞれの死は貴重な教訓だ
そして実践に移されない知識に何の意味がある？"
"Death does not remove you from our grasp.
Death only brings you closer.","死はお前を我らの掌握から逃さない。
死はお前を近づけるだけだ。"
"""I feel altered when Administrator Qotra wears these gloves.
Somehow, I find that disturbing.""
- Researcher Arn","「管理者クォトラがこの手袋をつけると、私が変わった感じがする。
なんだか気持ちが悪い」
―研究者アーン"
"Travelers of the deep wood speak of a witch
whose ale provides a different kind
of liquid courage.","深い森を旅する者は魔女について語る。
彼女のエールは変わった種の
液状の勇気を与えるそうだ。"
Thin is the line between mechanical genius and magic.,機械の天才と魔法は紙一重だ。
"To extend your life as long as possible
is to extend all the maladies that come with it.","自身の命を可能な限り延長することは
それに伴う全ての病を延長することだ。"
We stand together. We strike together.,我らは共に立つ。共に討つ。
"Breathe deep, and give yourself over to eternity.",深く息を吸い、自身を永遠へと捧げよ。
"Kaom guided his Karui across the sea
and spilled their blood on foreign soil.","カオムはカルイを海の向こうへと導き
異国の地に彼らの血を流した。"
For dead men require no answer.,死者は答えを求めぬのだから。
There is no wall thicker or stronger than fear.,恐怖よりも厚く強い壁はない。
"The Karui boats were closing the gap,
but Shavronne had laid for them one final trap.","カルイの船は距離を縮めていたが、
シャヴロンは最後に一つ彼らに罠を用意していた。"
"The overture stretches thin,
The chorus gathers to begin.
Stacatto, drone, a rest drawn long,
Another hears Death's final song.","薄れ行く序曲、
集まる合唱隊。
スタッカート、低音、長引く休符、
また一人、死の最後の曲を聞く。"
Nothing spreads fear faster than the unknown.,未知ほど素早く恐怖を拡めるものはない。
The largest rock leaves the deepest mark.,最も大きな岩が最も深い跡を残す。
"Fire spreads thick and fast.
The first spark is never the last.","炎は厚く疾く広がる。
最初の火花では決して終わらぬ。"
"Flames to guide the Great Spirit to the site of the dead,
and smoke to carry them into the sky.","大いなる精霊を死者の場所へと導く炎、
彼らを空へと運ぶ煙。"
"Giant's blood you cannot tame,
as wild as an unwatched flame.","巨人の血は手懐けられぬ、
放置された炎ほど手に負えぬ。"
"Let it pierce you, let blood flow.
Make more room for the soul to grow.","自身を貫かせ、血を流せ。
魂の成長する場を開け。"
A moment of victory may last an eternity in memory.,勝利の瞬間は永遠に記憶に留まりうる。
May it echo through the halls.,広間に響かせよ。
What goes out must come in.,出たものは入らねばならない。
Even the mightiest tree was once just a sapling.,最も巨大な木でさえ、かつては苗木に過ぎなかった。
"Flesh may freeze and rot,
but the soul remains unbroken.","肉体が凍り腐っても、
魂は折れぬ。"
The gryphon knows only the hunt and the flight.,グリフォンは狩りと飛行しか知らぬ。
A burned branch leaks sap no more.,燃えた枝からは樹液は流れない。
"""The Vaal, a thousand years ago,
came up with more delightful methods of murder
than I could ever wish for.""
- Koralus Doomfletch","「千年前、ヴァールは
私が望むべくもないほどの
素晴らしい殺しの方法を編み出した」
―コララス・ドゥームフレッチ"
The lone tree grows thickest.,孤独な木こそが最も太く育つ。
"Where steel-grey clouds gather and crash together,
a storm is sure to follow.","鋼鉄色の雲が集いぶつかり合う場所では、
必ず嵐が起こるだろう。"
"The last sweet music to touch Hrimnor's ears
passed right beneath his chin.","フリムナーの耳に触れた最後の甘い音楽は
彼の顎の真下を通っていった。"
No one likes a quiet encore.,静かなアンコールが好きな者はいない。
"""The flames are surely coming.
I just pray I am long dead before they arrive.""
- Archbishop Geofri","「炎は間違いなくやってくる。
それよりもずっと前に私が死んでいることを祈るのみだ」
―大司教ジェフリ"
"The soldiers stormed her throne room.
The guards held them at bay.
The peasants overwhelmed the guards.
The nobles paid for their lives.
The nobles took her throne,
and so she fled to the woods.","兵士達は玉座の間に攻め込んだ。
衛兵達は彼らを食い止めた。
農民達は衛兵達を数で圧倒した。
貴族達は命の代価を支払った。
貴族達は彼女の玉座を奪い、
彼女は森へと逃げた。"
"""A taste of Midnight, and you may never see the dawn.""
- Inquisitor Maligaro","「真夜中を味見すれば、夜明けを見られなくなることもある」
―異端審問官マリガロ"
"""At last, my beauty is beyond reproach.""
- Atziri, Queen of the Vaal","「ついに、我が美貌は完璧に達した」
―ヴァールの女王アッツィリ"
"It was Doedre who learned that pain is just
as much about fear as it is about injury.","苦痛とは傷と同じくらい恐怖に関わるものだと
発見したのはドードゥリだった。"
"You cannot control the storm,
but you can utilise it.","嵐を制御することはできないが、
利用することはできる。"
Die for no one.,誰のためにも死ぬな。
"""Laws are for city folk.
Can't try a man for murder if you can't find him.""
- Taruk, Last of the Wildmen","「法は都会人のものだ。
見つけられない奴を殺人の罪には問えない」
―ワイルドメンのタルック"
"Beneath the frozen eye of Lunaris
a new world will be born.
A crystalline, perfectly still utopia.","ルナリスの凍れる目の下で
新たな世界が生まれる。
結晶で出来た、完全に静止した理想郷だ。"
A single taste leaves you wanting more.,一口味わえば、更に欲しくなる。
"Burning goddess, shine so bright.
Set the world 'fore you alight.","眩く輝く炎の女神
眼前の世界を火で照らせ。"
"An open mouth, a blinding shriek,
Your mind goes dark, your body weak.","口が開き、叫びに目が眩む、
意識は暗がり、体は弱る。"
"Embrace your burning ambition.
Embrace your frozen heart.
You will be transformed.","燃える野望を受け入れよ。
凍れる心臓を受け入れよ。
其方は変化する。"
"""Even for the great Magi,
time passes without relent.""
- Doryani, Queen's Thaumaturgist","「偉大な魔術師にとってさえ、
時は無慈悲に進んで行く」
―女王の筆頭魔術師ドリヤニ"
"""The most dizzying heights are surrounded by precipitous falls.
Progress cannot be eternal.""
- Doryani of the Vaal","「目眩がするほどの高みは険しい谷で囲まれている。
進歩は永遠たり得ない」
―ヴァールのドリヤニ"
"""Cut down the tallest tree,
and another becomes the tallest.""
- Old Ezomyte saying","「最も高い木を切り倒せば、
別の木が最も高くなる」
―エゾマイトの古い諺"
"Follow your most basic instincts.
The rest will come naturally.","一番基本的な本能に従え。
後は勝手についてくる。"
"Asenath loosed arrows with almost musical rhythm,
a rhythm matched by her nearly inaudible whispers,
and the crunch of the dead hitting the dust.","アセナスは音楽のリズムのように矢を放った。
彼女の聞き取れないほどの囁きと、
死者が地に倒れる音に合わせたリズムだ。"
"""Make a man believe he is doing the world a good deed,
and there is nothing you can't make him do.""
- Malachai, the Soulless","「世界を良くしているのだと人に信じ込ませれば、
彼にさせられないことはない」
―魂なきマラカイ"
"There is no cost too great to pay for power.
Merely men who lack the conviction to pay it.","力の代償に大きすぎるなどということはない。
それを支払うだけの信念を持たぬ者がいるだけだ。"
The breath of life is theirs to take.,命の息吹は彼らのものだ。
"By light we are shadowed,
in darkness we are bound.","光に我らは後を付けられ、
闇に我らは縛られている。"
"Few men command an army better
than the Great Meginord of the North","北の偉大なるメギノルドよりも
軍の指揮に長けた者は少ない。"
"Few men can guide their people
like the Great Meginord of the North","北の偉大なるメギノルドほど
民を導ける者は少ない。"
Fury fuels defiance.,怒りは反抗心を育てる。
"Hyrri's quick thinking led to victory,
but it came at the cost of respect.","ハイリの素早い判断は勝利へと導いたが、
代わりに尊敬を失った。"
"Make a man hot, and his heart will skip a beat.
Set a man on fire, and his heart will skip all beats.","人を熱くさせれば、一瞬心臓が止まるだろう。
人に火をつければ、ずっと心臓が止まるだろう。"
"The night dances on
Wine continues to flow
Your skin looking pale
Your soul letting go","夜は踊り続け
ワインは流れ続ける
其方の肌は白くなり
魂は離れ始める。"
"""Confess your sins to me. My god will not be nearly so forgiving.""
- Archbishop Geofri of Phrecia Cathedral","「私に懺悔なさい。我が神は私ほど寛大ではない」
―フレシア大聖堂の大司教ジェフリ"
"""Please, take whatever you want. Just don't kill me""
""But then I wouldn't have everything I want, would I?""","「お願いだ、何でも持っていっていいから、殺さないでくれ」
「それじゃあ何でもじゃないじゃないか」"
"As death arrives, so too does instinct.",死が近づくと、本能もやってくる。
"Legend tells of a time when Solaris will
burst forth from Lunaris,
and night will be eternally banished.","伝説はソラリスがルナリスから生まれ、
永遠に夜が追放されることを語っている。"
"One more partner by the hand,
Let your steps entwine.
Spin together, swing as one,
And dance with death in trine.","もう一人の手を取って、
足取りを絡めましょう。
一緒に回り、一丸でスイング、
三人で死と踊りましょう。"
"""Stand steadfast in the face of destruction.
The Council cannot afford to falter.""
- Mauritius, the Iron Heart","「破滅に相対して踏みとどまるのだ。
議会に怯んでいる余裕などない」
―鉄心のモーリシウス"
"The weight of faith is great
Yet it is never borne alone.","信仰の荷は重い。
だがそれは一人に抱えられることはない。"
"Even the dead dare not
trespass into Ullr's dominion.","死者でさえウルルの領域を
侵害することを恐れるのだ。"
"""Though Geofri's beacon was extinguished,
his embers may yet light our way.""
- Victario, The People's Poet","ジェフリの光は消されたが、
その残り火が我らを導くかも知れぬ。
―人民の詩人ヴィクタリオ"
"As you guided me, now I guide others.",かつてあなたが私を導いたよう、私は皆を導く。
Temptation is man's greatest folly.,誘惑は人の最大の愚だ。
"The Thaumaturgical masters of the Eternal Empire,
as unpredictable and varied as they were,
all understood one thing:
Free thinking leads to free action.","永遠なる帝国の魔術の達人達は
予測不可能で多様ではあったが、
皆理解していたことが一つあった。
自由な思考は自由な行動に繋がるということだ。"
"Faintly gleaming in the moonlit night,
Kondo's Pride was primed to fight.
Driven by an inner fire,
bloodlust, spite and ill desire.
He swiftly moved to strike them all,
wreaking havoc like a steel squall.","月夜に微かに輝いて、
コンドウの誇りは戦いを求め
内なる炎、血の渇き、
悪意と邪欲に動かされ
素早く動き皆を討ち
鋼鉄の嵐のような大惨事。"
They will rise and fall in fire and blood.,彼らは炎と血の中で栄え倒れるだろう。
The turtle's shell one day becomes its tomb.,亀の甲羅はやがてその墓石となる。
"The mind may have no limits, but the skull sure does.",精神は無限かもしれないが、頭蓋骨は有限だ。
"Quickly cooled the steel,
but never could it forget
the heat of the forge.","素早く鋼鉄を冷やせども、
それは炉の熱を
忘れることはなかった。"
"""...and so He said: 'Let only the good meet my gaze'
and no eye met His. So He called down the cleansing flames
and let black smoke sweep the Sinners away.""
- Book of Innocence","「...そして彼は『善なる者のみが我が目を見よ』と言い
彼の目を見た者はいなかった。故に彼は浄化の炎を呼び降ろし
黒き煙に罪人を掃除させた」
―無垢の書"
"A hundred blind heads, each seeking the taste of prey on the air.",百の盲目の弾頭が、空中で獲物の味を求めている。
"If you know where to strike, you need only strike once.",打ち込む場所を知っていれば、打ち込むのは一度だけでいい。
"They wrap around you
until your blood turns as cold as theirs.","彼らはあなたの血が彼らと等しく冷たくなるまで
あなたを締め付ける。"
"With increasing mastery over death
comes an increasing desire for it.","死を支配すればするほど
死を望むようになる。"
"Breathe deep, my child.
Let the frigid air engulf your soul.
Embrace the eternal cold,
And it will embrace you back.","我が子よ、深く息を吸いなさい。
凍える空気に魂を包ませなさい。
永遠の冷気を受け入れれば、
それもまたあなたを受け入れるのです。"
The end is written into the beginning.,終わりは始まりに書かれている。
"They roamed, they fed, they grew,
Killing as they went,
Conquer though they may,
Their hearts will never be content.","奴らは彷徨い、喰らい、成長し、
進みながら殺した。
どれだけ征服しても
永遠に心は満たされぬ。"
"Step into the void
and experience true freedom.","虚無へと踏み出し
真の自由を感じるがいい。"
"""Test subject was able to walk into the walls of his chamber after breaking a rabbit's neck.
He was not fast enough, however. Suggest we begin excavation to retrieve prototype.""","「被検体はウサギの首を折ると部屋の壁に入り込めるようになった。
しかし、彼は遅すぎた。プロトタイプ回収のため、発掘の開始を提案」"
"By my hand, the inert is given life.
By my hand, that which rots is reborn.
There is nothing that cannot be changed.
Nothing.","我が手により、動かぬものは生を得る。
我が手により、腐ったものは蘇る。
変えられぬものは何もない。
何もだ。"
"""I don't always have a flame handy
when a fresh delinquent walks through our gates.""
- Brutus, Warden of Axiom","「新入りが門を通った時のために
いつも火が手元にあるわけじゃない」
―アクシオムの看守ブルータス"
"""Think of those that cursed us, judged us,
and burned our sisters upon the pyre.
Think of their names as you drink,
and even their children will feel what we do to them today.""
-Vadinya, to her coven","「我らを呪った者、裁いた者、
姉妹を火炙りにした者共を思い出せ。
飲みながら奴らの名を思い浮かべれば、
我らが今日奴らにすることを奴らの子らも感じられるだろう」
―ヴァディニャ、彼女の魔女団へ"
"All things must die.
Whether you burn out or explode is up to you.","万物は死なねばならない。
燃え尽きるか爆発するかは其方次第だ。"
"Please take out your blades,
your whips, and your spikes.
Class is now in session.","剣と鞭と棘を出してください。
授業を始めます。"
Eternal life is within our grasp. Do not let it go.,永遠の命は我らの手中にある。決して離すな。
"Some dead have long envied the living.
When given the chance, they take from us what they can.
So we offer our suffrage.
In return, they give only suffering.","一部の死者は永らく生者に嫉妬してきた。
機会さえあれば、彼らは我らから奪えるものを奪っていく。
だから我らは参政権を差し出した。
見返りに、彼らは苦痛をくれただけだった。"
"""A stone is not a stone.
It is but one part of a fortress.""
- Ezomyte proverb","「石は石ではない。
それは砦の一部に過ぎぬ」
―エゾマイトの諺"
"""Do not cause the land to stir,
It holds secrets better unknown.""
- Azmerian proverb","「大地を起こしてはならぬ。
そこには知られぬほうが良い秘密がある」
―アズメリの諺"
"""The summoned golems immediately battered through the chamber wall
and killed several guards, but their fury only lasted a short time.""","「召喚されたゴーレム達は即座に部屋の壁を打ち抜き
数人の衛兵を殺したが、彼らの怒りは長くは続かなかった」"
"""Kings fall, empires crumble, mortals perish.
All turn to earth and sand.""
- Maraketh proverb","「王は倒れ、帝国は崩れ、命ある者は死ぬ。
全ては土と砂に帰るのだ」
―マラケスの諺"
"An oath once made is an oath never broken. Do not delay in keeping it, for I take no pleasure in fools.",一度結ばれた誓いは破られることなき誓いだ。それを守ることに時間をかけるな。私は愚者を好まぬからな。
Take small pieces of things and then assemble them together,小さな部品を集めて組み立てよ
"Rigwald believed he'd seized great power, but it was the great power that had seized Rigwald",リグワルドは大いなる力を掴んだと思っていたが、リグワルドを掴んだのは大いなる力の方だった。
"Upon the red pyre we are born.

<default>{This item can be transformed with a Blessing of Xoph}","赤き火葬壇の上に我らは生まれる。

<default>{このアイテムはゾフの祝福によって変化させることができる}"
Upon the grey winds his love spreads.,灰色の風に乗って彼の愛は広がる。
"Our skin turns to ash
and we are swallowed by his brilliant red light.

<default>{This item can be transformed with a Blessing of Xoph}","我らの肌は灰となり
我らは彼の眩い赤き光に飲み込まれる。

<default>{このアイテムはゾフの祝福によって変化させることができる}"
He burns us to keep us from harm.,我らを守るため彼は燃える。
"His is our heart.
To its beat we all are driven.

<default>{This item can be transformed with a Blessing of Xoph}","「彼の心臓は我らの心臓だ。
その脈動に我らは動かされる」

<default>{このアイテムはゾフの祝福によって変化させることができる}"
"We are his blood.
Through us he carries his burning message.","我らは彼の血だ。
我らを通して彼は燃えるメッセージを伝える。"
"We remember the stillness.
Then the great fall.
The pain of separation.
We return once more.

<default>{This item can be transformed with a Blessing of Tul}","我らは静寂を覚えている。
その後の大きな下落も。
別れの痛みも。
我らは再び戻ってくる。

<default>{このアイテムはトゥルの祝福によって変化させることができる}"
"We fracture and splinter.
We pierce our sides.
But in the great freeze we are forged anew.","我らは割れて欠ける。
我らは自らの側面を貫く。
だが大寒波の中で、我らは鍛え直される。"
"""Are we mad for attempting to build an engine out of this?
Looping cycles, power and pain...""
- Researcher Arn","「これで機関を作ろうとする我々は狂っているのだろうか？
繰り返す循環、力と苦痛...」
―研究者アーン"
"We dance in the white, like water,
colliding as many and emerging as one.

<default>{This item can be transformed with a Blessing of Tul}","我らは雪の中で踊る、水のように、
多としてぶつかり、一となり現れる。

<default>{このアイテムはトゥルの祝福によって変化させることができる}"
"We share one space,
speak one voice,
act through one body.
A flawless crystal.
Brittle.","我らは同じ空間に存在し、
一つの声で話し、
一つの体で行動する。
完全な結晶。
脆い。"
"""Test subject battered through the hatch with her bare hands,
forcing us to resort to threatening her children to restore containment.""","「被検体が素手で昇降口を破壊したため、
監禁状態に戻すために我らは彼女の子供を人質に取ることを余儀なくされた」"
"We wait, still as the dead,
to join the great avalanche.

<default>{This item can be transformed with a Blessing of Tul}","我らは死者のようにじっと待つ、
大雪崩に加わるため。

<default>{このアイテムはトゥルの祝福によって変化させることができる}"
"A single moment sets in motion an eternal fall,
beneath which all are buried.","一瞬で始まった永遠の崩落の下に
全てが埋まってしまう。"
"She carries us and nurtures us
until we must feed upon each other.

<default>{This item can be transformed with a Blessing of Esh}","彼女は我らを運び、我らを育てる
我らが互いを喰らわねばならぬまで。

<default>{このアイテムはエシュの祝福によって変化させることができる}"
"She carries us and nurtures us
until we must feed upon each other.","彼女は我らを運び、我らを育てる
我らが互いを喰らわねばならぬまで。"
"She thinks and we act.
She acts and we think.
Fragments of the whole that washes clean the skies.","彼女が思考し我らが動く。
彼女が動き我らが思考する。
空を浄化する全体の欠片。"
"She looked upon her reflection
and trembled, and shook,
until she was not what she saw.

<default>{This item can be transformed with a Blessing of Esh}","彼女は反射した自分の姿を見て
震えて、身を揺らした
彼女が見えたものではなくなるまで。

<default>{このアイテムはエシュの祝福によって変化させることができる}"
"She could see what she was not;
a silhouette wreathed in light.
And she was still.","彼女には自分がなれないものが見えていた
光に包まれたシルエット。
それ彼女は動かなくなった。"
"When she of many mouths spoke,
we bowed in awe and were crushed.

<default>{This item can be transformed with a Blessing of Esh}","口多き彼女が喋った時、
我らは畏怖のあまり平伏し潰された。

<default>{このアイテムはエシュの祝福によって変化させることができる}"
"But the fool did not bow.
The fool stood and questioned.
And the fool was unwritten.","しかし愚者は平伏さなかった。
愚者は立ち、疑問を持った。
そして愚者はいなくなった。"
"We move to be closer to her, but the distance yet grows.

<default>{This item can be transformed with a Blessing of Uul-Netol}","我らは彼女に近づこうと動くが、距離は離れるばかりだ。

<default>{このアイテムはウール・ネトルの祝福によって変化させることができる}"
"We leave a trail, that we may know
where never we will return.","我らは痕跡を残していく
我らが決して戻らぬ場所がわかるよう。"
"""Researchers will please refrain from combining our prototypes with existing relics
of power. The temptation is obvious, but the results can be... unpredictable.""
- Administrator Qotra","「研究者は我々のプロトタイプと既存の力を持つレリックを組み合わせることをやめるように。
その魅力は明らかですが、結果は...予測不可能な場合があります」
ー管理者クォトラ"
"We feel the Mother's love
and beg to return to her womb.

<default>{This item can be transformed with a Blessing of Uul-Netol}","我らは母の愛を感じ
彼女の胎内に帰ることを乞う。

<default>{このアイテムはウール・ネトルの祝福によって変化させることができる}"
"At last she holds us,
and so we turn to dust.","ついに彼女は我らを抱き、
故に我らは塵となる。"
"We are within her reach,
and when the time is right,
she will reach into us.

<default>{This item can be transformed with a Blessing of Uul-Netol}","我らは彼女の手の届く場所におり、
時が満ちた時、
彼女は我らの中へと手をのばすだろう。

<default>{このアイテムはウール・ネトルの祝福によって変化させることができる}"
"Our hearts cry out
but are silenced by our flesh
and so we give up our flesh.","我らの心は叫ぶが
肉体によって黙らされる
故に我らは肉体を捨てるのだ。"
"His lucky thralls dream eternal,
but we must crawl on our own.

<default>{This item can be transformed with a Blessing of Chayula}","彼の幸運な奴隷達は永遠に夢を見るが、
我らは自ら這いずらねばならぬ。

<default>{このアイテムはチャユラの祝福によって変化させることができる}"
"They grow fat and ripe in slumber.
To be fed upon when he wakes.","彼らは眠りの中で肥え熟す。
彼が目覚めた時に喰われるために。"
"We happily give our limbs.
A net woven to keep safe the bones of the Lords.

<default>{This item can be transformed with a Blessing of Chayula}","我らは喜んで四肢を捧げる。
主達の骨を守るために編まれた網。

<default>{このアイテムはチャユラの祝福によって変化させることができる}"
"The Lords are chosen so carefully.
Only they may grace His flesh.","主達はとても丁寧に選ばれる。
彼らのみが彼の肉体を飾ることができる。"
"We flow like blood into Chayula's open mouth,
and spill into the land we have watched forever.

<default>{This item can be transformed with a Blessing of Chayula}","我らは血のようにチャユラの開いた口に流れ込み
我らがずっと見守ってきた土地にこぼれ落ちる。

<default>{このアイテムはチャユラの祝福によって変化させることができる}"
"We coagulate; a crimson shell
that suffocates the unworthy.","我らは凝固する；価値無き者を
窒息させる真紅の殻だ。"
"We climb like vines up Chayula's arms,
reaching into the world that should be ours.

<default>{This item can be transformed with a Blessing of Chayula}","我らは蔓のようにチャユラの腕を昇り、
我らのものであるべき世界に手を伸ばす。

<default>{このアイテムはチャユラの祝福によって変化させることができる}"
"We take root in the dirt
and strangle those who tread upon it.","我らは土に根を張り
それを踏み荒らす者を絞め殺す。"
"We crash against Chayula's body,
and fall like rain into the place we cannot go.

<default>{This item can be transformed with a Blessing of Chayula}","我らはチャユラの体に衝突し、
行くことの叶わぬ地に雨のように降り注ぐ。

<default>{このアイテムはチャユラの祝福によって変化させることができる}"
"We swell and flood
and drown the undeserving beneath our might.","我々は膨張して溢れ
相応しくない者を我らの力で溺れさせる。"
"Tukohama couldn't lose a fight in his fortress,
So he carried his fortress to the fight.","トゥコハマは自分の砦で戦いに負けることはなかったため、
戦いに砦を持っていった。"
"""As one of our few creations that did not cost any fatalities,
Prototype #10 bore unexpectedly positive results.""","「死者を出さなかった我々の数少ない発明であるプロトタイプ10号は
予想外に良い結果を出した」"
"A man can spend his whole life fishing
before he learns it is not fish that he seeks.","人は自分が求めているものが魚ではないと気づくまで、
その生涯を釣りに費やすことがある。"
"Without light, there can be no shadow.",光がなければ、影もない。
"Greatest is the Brine King's domain,
and every day it grows a little greater,
not through force, but patience.","広大なるは海水の王の領域
それは毎日少しずつ広がる
武力ではなく、忍耐によって。"
"And from the ashes he rose, like a black cloud.
The Sin of one became the Sin of many.","そして黒き雲のように、灰から彼は生まれた。
一人の罪は皆の罪となった。"
"Without night, there can be no day.",夜がなければ、昼もない。
"Hinekora bound Kitava to a rock
that Kitava could not lift with all his might.
Kitava vowed that when he broke free,
he would devour every soul in Hinekora's domain.","キタヴァの全力を持ってしても持ち上げられれぬ岩に
ヒネコラはキタヴァを縛り付けた。
自由になった時、ヒネコラの領域の全ての魂を喰らうと
キタヴァは誓った。"
"""The world is not simply black and white,
it is not divided into good and evil.
But black and white, good and evil, do exist,
and we must know how to recognize them.""
- Archbishop Geofri","「世界は黒と白ほど単純ではなく、
善と悪に分かれてはいない。
しかし黒と白、善と悪は実在し、
我らはそれらを見抜けねばならぬ」
ー大司教ジェフリ"
"""Lab Two suffered significant structural damage in the process of creating
Prototype #77. It is, however, the closest we've come to perfection.""","「第二実験室はプロトタイプ77号の作成の過程で重大な損傷を受けた。
しかし、それは我々が最も完全に近づいた時でもあった」"
"""Some blows must be evaded. Some blows must be endured.
The trick is to tell them apart.""
- Daresso, the Sword King","「避けねばならぬ攻撃がある。耐えねばならぬ攻撃もある。
コツはそれらを見分けることだ」
ー剣の王ダレッソ"
All children must eat.,全ての子は食わねばならない。
Simple is the life of the bear.,熊の生とは単純なものだ。
"The dreamer stirs, the world trembles.",夢見人が僅かに動き、世界は震える。
The first quill separates the quick learners from the dead.,最初の針が学習能力の高い者と死者を判別する。
No man may hope to turn back the storm. You can only hope you do not attract its ire.,嵐を追い返せる者はいない。その怒りの矛先がこちらに向かないことを祈るのみだ。
Genius knows no limits.,天才に限界はない。
"Claw them from the bottom, you'll be glad that you have got 'em, claw them from the top, you'll never want to stop.",下から引き裂けばやれたことに安心し、上から引き裂けばやめられなくなる。
Those whose hands are their livelihood know the importance of keeping them safe and warm.,手が仕事道具である者たちはそれを安全で暖かくしておくことの重要さを知っている。
"Necromancers, believe me, are more terrifying than their thralls.",本当にネクロマンサーという連中は奴らの下僕よりも恐ろしいよ。
"<size:31>{A wolf does not bite his mate as he does his prey, yet both begin with bared teeth. Know who you are, and you will know the meaning of the bite.}",<size:31>{狼は番いに獲物と同じ噛み方をしないが、どちらの場合もまずは歯をむき出しにする。自らを知れば、噛まれた意味がわかる。}
Sometimes your greatest enemy is the only one keeping you breathing.,時には最大の敵だけが己を生き永らえさせる。
"You gave us life and love, more than you could spare. Now you're gone, and we are stranded, alone, cold and without purpose.",あなたは割ける以上の命と愛を我らにくれた。そしてあなたはいなくなってしまい、我らは残され、孤独で、寒く、目的を失ってしまった。
"Maligaro may have valued function over form, but that did not mute his flair for the dramatic.",マリガロは形よりも機能を優先したかもしれないが、それが彼の劇的な所作への才を殺すことはなかった。
"Never dying, yet not living,
Endlessly they wander
beneath the harvest moon.","死ぬこともなく、だが生きてもおらず、
中秋の名月の下で
永遠に彼らは彷徨っている。"
"When sky meets ground the flames can be found, but who has the will to tame them.",空が地に出会う時に炎が生まれるが、それを手懐ける意志を持つ者などいるものか。
"<size:31>{Publicly, he lived a pious and chaste life of poverty. Privately, tithes and tributes made him and his lascivious company very comfortable indeed.}",<size:31>{表向きには、彼は敬虔で純潔な清貧の生活を送っていた。裏では税や貢物により彼とみだらな同伴者達はとても快適だった。}
"The Ezomyte, desperate for aid, cried out to the gods.",エゾマイト達は必死に助けを求め、神々に呼びかけた。
"""The most valuable treasures should be hidden in plain sight.""
- Ina, Keeper of Goods","「最も貴重な宝は丸見えの場所に隠しておくべきです」
ー品々の番人イナ"
"The higher you soar, the further you must fall.",高く飛ぶほど、落下は長い。
The pirates of Pondium know that full pockets have a tendency to sink.,ポンディウムの海賊達は大金を持ち歩いていると沈みやすいことを知っている。
"Friendship worth its weight in gold,
a treasure every day.
I thought together we'd grow old,
until fate pulled you away.","値千金の友情、
毎日の宝物。
共に老いると思ったが、
運命が君を連れ去った。"
"You were always there, by my side,
whether we sat or played.
Our friendship was a joyful ride,
I wish you could have stayed.","君はいつも僕と共にいた
座った時も、遊ぶ時も。
僕らの友情は楽しい旅で、
ずっと一緒にいたかった。"
"The sea strikes the rock relentlessly.
Whether in one day or in ten thousand years,
eventually the rock will crumble,
and the Brine King's domain will grow.","海は絶え間なく岩を打ち
一日後か、一万年後か、
やがて岩は崩れ去り、
海水の王の領域は広がる。"
"Malachai ran roughshod over every ethical boundary in pursuit of creating the ideal gemling.
For him, there was no doubt that the end would justify the means.","マラカイは理想のジェムリングの想像を追求する中で全ての倫理的な境界線を土足で踏み越えた。
彼は結果が手段を正当化することを疑っていなかった。"
"After years of subterfuge, sabotage, and sacrifice,
Sarn had become a powder keg just waiting to explode.
Finally, Victario lit the match.","長年の暗躍、工作、そして犠牲の後に、
サーンは爆発を待つだけの火薬樽となっていた。
そしてヴィクタリオがマッチに火をつけた。"
"Even as the tide turned, and victory swiftly became impossible,
the legionnaires of Lioneye's Watch stood their ground and fought on,
every last man dying a brutal, but honourable death.","風向きが変わり、一瞬の内に勝利は不可能となったが、
ライオンアイの見張り場の兵士たちは持ち場を離れず戦い続け、
最後の一人まで暴力的な、しかし名誉ある死を遂げた。"
"Cadiro watched young Chitus play in the frostbitten grass, care-free, happy,
and unburdened by the responsibility the Perandus scion would soon endure.","カディーロは若きチタスが霜に覆われた草の中で遊ぶのを眺めていた。
気ままで幸せで、ペランダスの子がすぐに背負うことになる責任を知らずに。"
"As Malachai stepped into the Highgate mines,
cold winds billowed from the mountain above.
One final, feeble attempt to save what was meant to be eternal.","マラカイがハイゲートの鉱山に踏み込む時、
冷たい風が上方の山から吹きつけた。
永遠であるはずだったものを救うための最後の、弱々しい試みだった。"
"News of Kaom's victory in the south spread quickly.
Those in support of the coming rebellion bided their time.
The rest fled like rats from a fire.","カオムの南での勝利の知らせはすぐに広まった。
来たる反乱を支持する者たちは好機を待ち、
残りは炎から逃げる鼠のように散っていった。"
"The winter that followed the Cataclysm was especially harsh.
Wraeclast's few survivors fought to the death for the last scraps of bread.","大災害の後の冬は特に厳しいものだった。
レイクラストの数少ない生存者達は残ったパンくずを巡って死ぬまで戦った。"
"Emperor Chitus could offer you a gift with one hand,
and drive a blade into your back with the other.
His blend of brutality and charisma cultured a potent
mixture of fear and admiration among the masses.","皇帝チタスは片手で贈り物を与えながら、
もう一方の手で背中に刃を突き立てることができた。
彼の残虐性とカリスマの調合は
人々の中で恐怖と尊敬の混合を育てた。"
"The Maraketh knew that a mountain path
free of vegetation was cut by regular avalanches,
and so the advancing Eternals were unwittingly drawn into a deathtrap.","マラケス達は植物の生えていない
山道は定期的に雪崩に襲われることを知っていた。
故に侵攻する永遠なる者たちは知らずの内に死の罠へと誘い込まれた。"
"At night, as a young Daresso shared his bed with a woman whose name he could not recall,
his thoughts remained in the one place he called his own: The Grand Arena.","夜、若きダレッソが名前を思い出せぬ女性と閨を共にする中、
彼の思考は唯一彼が自分のものであると言える場所に留まっていた。大闘技場だ。"
"The infamous Weylam Roth was never afraid
to push the boundaries of Templar authority,
and was never deterred when the Templar pushed back.","悪名高いウェイラム・ロスは
テンプラーの権力の限界を押し止めることを恐れず、
テンプラーが押し返しても思いとどまることはなかった。"
"Izaro gave rise to Chitus.
Chitus gave rise to Voll.
None could know how it would end.
None could stop it.","イザロはチタスを生み出した。
チタスはヴォールを生み出した。
どのような結末を迎えるのかは誰もわからない。
誰も止められない。"
"Exposure led to the deaths of many slaves.
And it was the duty of slaves to bury the dead in the frozen ground.
A growing circle of misery and death
that the elite were all too happy to sustain.","多くの奴隷は凍え死んだ。
そして凍った地に死者を埋めるのは奴隷の仕事だった。
上流階級が喜んで維持した
不幸と死の広がりゆく輪だ。"
"The Cataclysm was but the first act in a play of horrors.
The dead lingered, and the living began to rot.","大災害は恐怖の劇の第一幕に過ぎなかった。
死者は居残り、生者は腐り始めた。"
"""Rage, malice, hunger - some traits are more easily carried across the barrier of death.""
- Kadavrus, Surgeon to the Umbra","「怒り、悪意、空腹ー死の境界を越えやすい性質というものがある」
ーアンブラの外科医カダヴラス"
"Of the elements at the thaumaturgist's disposal, lightning remained the least understood.
The simple passage of energy from one to another could result in profound power, or rapid death.","魔術師の利用できる元素の内、雷が最も理解が進んでいないものだった。
箇所から箇所へのエネルギーの単純な移動が強大な力、あるいは迅速な死をもたらすことができるのだ。"
"Sarn's crematorium, built amidst the city's slums,
coated the nearby shanties in a film of ash.
The dwellers grew ill, sputtering and coughing,
and in this way the crematorium guaranteed it would have many customers.","スラム街の真ん中に作られたサーンの火葬場は
近場の掘っ立て小屋を灰の膜で覆った。
居住者は体調を崩し、つばや咳を吐き、
このようにして火葬場は多くの顧客を確保したのだ。"
"The Eternal Empire gave few freedoms to the Ezomytes, but fostered their talents as archers.
At auction, an Ezomyte slave's value was only as good as their aim.","永遠なる帝国はエゾマイト達に殆ど自由を与えなかったが、射手としての才を育んだ。
競売において、エゾマイトの奴隷の価値は彼の弓の腕と同じだけしかなかった。"
"You have been found guilty.
Let the fires cleanse you of your sins.","あなたは有罪を言い渡されました。
炎があなたの罪を浄化してくれますように。"
"""A master artist takes his time when he's painting.
Unfortunately, my kind doesn't often have that luxury.""
- Coralito, Brotherhood of Silence","「芸術の達人は絵を書く時には時間をかける。
残念ながら、私のような者にはそのような贅沢が許されないことが多い」
ー沈黙の一党のコラリート"
"""The Emperor's trusted surgeons are not the only ones who
practice the dark arts. Some of us are just more discreet.""","闇の術を行使しているのは皇帝の信頼を得た外科医達だけではない。
もっと密やかな者もいるのだ。"
What mother wouldn't give her life for that of her children?,子のために命を捧げない母などいるものか。
"""Impossibly heavy, yet the ancient edge is as keen as any modern blade's.
A reminder that, in the end, when we lie in the bellies of worms,
it is what we make that makes us.""
- Icius Perandus, Antiquities Collection, Item 47","「ありえないほど重く、だがその古代の刃は現代のものに勝るとも劣らぬ鋭さだ。
最終的に、我々が虫の腹に収まった時、
我らを成しているのは我らが成したことであることを思い出させてくれる。
ーイシウス・ペランダス、骨董品コレクション、その47"
"""To touch it is to be overwhelmed with the need to carve your name into history.
A face no one remembers, yet once you have seen it, you will never forget.""
- Icius Perandus, Antiquities Collection, Item 48","「それに触れることは自身の名を歴史に刻む欲求に支配されることだ。
誰の記憶にも残っていない顔だが、一度見たら忘れることはない」
ーイシウス・ペランダス、骨董品コレクション、その48"
"A strong pair of legs may carry you far,
but a silver tongue and a few brutes
can take you to the edge of the world.","強靭な脚は遠くへ運んでくれるかもしれないが、
よく回る舌と数人の力自慢がいれば
世界の果てまで行くことができる。"
"Don't hesitate; bring death to all, conclusively and swiftly,
or they will give you the same treatment.","躊躇うな。全てに決定的に迅速に死を与えよ。
さもなくば彼らはお前に同じことをするだろう。"
"After the fires swept down from the sky and swallowed the city,
all that lingered, as if locked in time,
was a memory of that which was gone, a whisper of deeds undone.","空から炎が舞い降り街を飲み込むと、
まるで時が止まったように、残ったのは
失われたものの記憶、なかったことにされた偉業の囁きだけだった。"
"A sharp and heavy beat,
discorded, out of tune,
when you hear it on the wind,
you know death will follow soon.","鋭く重い拍子、
音の外れた不協和音、
風が運ぶそれを聞いたなら
すぐに死がやってくる。"
"Whiff of cold, tiny spark, faintest flicker in the dark.
Embers swirl, ice takes form, sky exposed - Death's perfect storm.
Frost and thunder, flames shine bright, ruin walks the land tonight.
By your hand they dance and bend, wield them and brook no end.","一吹きの冷風、小さな火花、暗闇の中にちらつく光。
渦巻く残り火、生まれし氷、現れし空ー死の完全なる嵐。
霜と雷、炎が光る、今宵は破滅が地を歩く。
其方の手で踊っては曲がる、その力に終わりを許すな。"
"To discover how cruel nature can be,
you need only shake the wrong branch.","自然の残酷さを知りたくば、
揺らしてはいけない枝を揺らすだけでいい。"
Some things must die so that others can live.,他が生きられるよう死なねばならぬものもある。
"""He does not love. He does not feel regret or remorse.
He does not think about consequences, only possibilities.
If that does not describe a monster, tell me: what does?""
- Archbishop Geofri","「彼は愛さない。彼は反省も後悔も感じない。
彼は結果のことを考えぬ。可能性のことだけだ。
それが怪物でないというなら、教えてくれ。何が怪物なのだ？」
ー大司教ジェフリ"
"Ask any tracker and they'll tell you:
the most dangerous animals
are the ones who don't bother to hide.","追跡者は皆言うだろう
最も危険な獣は
隠れるまでもないものたちだ。"
"""Decomposition takes hold too quickly!
No, if we are to keep the specimen in perfect shape,
we must begin the process before expiry.""","「腐敗が早すぎる！
否、標本を完全な状態に保つのであれば、
腐り始める前に処理を開始しなければならない」"
"""Nothing is more natural than competition.
One feasts, another starves.
One blossoms, another withers.
And one cannot catch the golden sunlight
without casting a bitter shadow.""
- Cadiro Perandus","「競争ほど自然なものはない。
一人が食い、一人が飢える。
一人が開花し、一人が萎れる。
そして苦い影を落とさずに
黄金の陽光を浴びることはできない」
ーカディーロ・ペランダス"
"""There seems to be some innate relationship between the forces of
chaos and cold. Perhaps we should consult an occultist.""","「混沌と冷気の力の間には本質的な関係があるようだ。
オカルティストに相談すべきかもしれない」"
"Though the path we walk is the same,
each journey is different.","我らが歩む道は同じだが、
それぞれの旅は異なる。"
"""Prototype #56 was deemed safe, but judging by Administrator Qotra's new hustle
and improved ability to micromanage us, I'm not so sure.""
- Researcher Graven","「プロトタイプ56号は安全とされたが、管理者クォトラが新たに我々を細かく管理しようと
張り切っていることや、その能力が向上したことから、不安になってきた」
ー研究者グレイヴン"
"You do not cease to be when you die
any more than the caterpillar ceases to be when it cocoons.
Come, let me show you.","芋虫が蛹となったときに存在がなくなるわけではないのと同様に
君が死んだ時に存在がなくなるわけではない。
さあ、見せてあげよう。"
"""Prototype #73 is a near perfect opposite of the original. Perhaps our failures
are due to some unknown polarity we have yet to discover.""","「プロトタイプ73号はオリジナルの完全なる対だ。
我らの失敗は未だ発見されていない知られざる極性によるものなのかもしれぬ」"
"The impediments of flesh are weak.
The air we breathe knows no such boundaries.
I exhale, and you inhale,
and inexorably we inch towards oneness.","肉体には脆弱な制限がある。
我らの吸う空気はそのような境界を持たない。
私が吐き、其方が吸い、
確実に我らは一つに近づいていく。"
"Feed a beast and it will not hunt.
Protect it and it will not fight.
Ferocity must be learned, not taught.
It is suffering that forges the greatest warriors.","獣に餌を与えれば狩りをやめる。
守れば戦うことをやめる。
獰猛さは教えるのではなく、学ばせなばならない。
苦しみこそが最強の戦士を鍛えるのだ。"
"He took me by my hand, promised me power beyond compare.
But I did not do it for power.
I did it for love.
And I'd do it again in an instant.","彼は我が手を取り、比類なき力を約束した。
だが私は力のためにやったのではない。
愛のためにやったのだ。
そしていくらでも繰り返すだろう。"
What man does not wish for immortality?,不老不死を求めぬ者などいるものか。
"Whispered memory,
A shimmer in the darkness.
Forgotten no more.","囁かれた記憶、
暗闇の中の輝き。
もう忘れられてはおらず。"
"Though flesh may decay, and bones turn to dust, the spirit fades not.
Floundering eternal in pools of tranquil dark.","肉は朽ち、骨が塵と化しても、魂は消えない。
静寂な闇の池で永遠にもがき続けるのだ。"
"Ambition followed progress,
Vanity followed passion,
Hubris followed intellect...
And silence followed all.","野望は進歩に続き、
見栄は熱情に続き、
傲慢は知性に続いた...
そして静寂が全てに続いた。"
"I have already lost more
than you shall ever possess.","これまでにお前が得たものよりも多くを
私は失ったのだ。"
"That which could not be digested
remains lost within, the buried remnants
of whole cultures, of entire worlds.","消化しきれなかったものの残骸が
内に残っている。
埋もれた文化や世界の残骸が。"
"Champions of her collection may take what
they wish, so long as they use it to entertain her...","彼女のコレクションのチャンピオンは望むものはすべて手に入れられる、
彼女を楽しませるために使う限りは..."
"Minds are not the only thing
the Cleansing Fire keeps eternal...","クレンジングファイヤーが永遠に持ち続けるのは
心だけではない..."
"There is a place, a state of being,
where all that you love forgets you.","この場、この状態では、
お前が愛するものは誰でもお前のことを覚えていない。"
"Step into the inner sanctum of the minds of old
Enter a realm untouched even by starlight
Through transcendence, bend reality to your will.","古き者の心の奥底に踏み込んでみよ。
星の光さえ届かない領域へ、
超越によって、現実を意のままに曲げよ。"
A great Silence falls...,大いなる静寂が訪れる...
"An heirloom of the champions of Wraeclast
Lies forgotten in an abandoned reliquary
Born of a starry void from which time cannot escape","レイクラストの王者の家宝
廃墟となった聖廟で忘れ去られ
時間すらも逃がれられない星々の間の虚無から生まれしもの"
"They knew the truth, but had no choice
Generations hence, perhaps, one day,
there would be a chance","レイクラストの王者の家宝
廃墟となった聖廟で忘れ去られ
時間すらも逃がれられない星々の間の虚無から生まれしもの"
"The craftsman rots.
His tools rust.
But his legacy cuts through the ages.","職人は腐る。
彼の道具は錆びる。
だが彼の遺産は時代を越える。"
"The words of a man, delicate like life, pass on feebly into forgotten verse,
but his creations... his craft shall be championed agelessly.","人の言葉は命のように繊細で、忘れられし詩節へと弱々しく移行する
だが彼が作ったもの...彼の手技は時を越えて讃えられるだろう。"
"Time is a river, forking forever into infinite unknowns.
Nothing is ever truly gone.
It is merely taking a different route to the sea.","時は川だ。無限の未知へと分岐し続ける。
完全になくなってしまったものなどない。
海までの異なる道筋を辿っているだけだ。"
"It is not regret that stalks me now...
merely the child of my sins.","今、私を悩ませるのは後悔ではない...
ただ、私の罪の子だけである。"
Remember us.,我らを忘れるな。
"You are not the first champion to receive this gift,
and you will likely not be the last.","貴様はこの贈り物を受け取る最初のチャンピオンではないし、
おそらく最後でもないだろう。"
"To a being of the stars, Time is irrelevant,
and memories are but a collection of present moments.","星々の存在にとって、時間は無関係である。
そして、記憶はただの現在の瞬間の集まりでしかない。"
"Though you might not see it, a sliver of my soul remains,
and I am trying with all my strength to get back to you.","あなたには見えないかもしれないが、私の魂のかけらは残っている。
私は全力であなたの元に戻ろうとしているのだ。"
"You did not slay me.
You saved me.
I forgive you.","お前は私を殺したのではない。
私を救ってくれたのだ。
私はお前を許す。"
There are holes in the sky...,空に穴が開いている...
"Time stands still, and a new champion ascends.",時は静止し、新たな王者が生まれる。
"We cannot fight the gods today, nor tomorrow
Take this, our children of Time, and free mankind",時は静止し、新たな王者が生まれる。
"All creatures have the potential for greatness
or unequivocal failure.","全ての生き物は栄光と
明らかな失敗の可能性を併せ持つ。"
"Vaal bloodpriests were among the earliest intellectuals on record.
It was they who found that a newly freed soul would
desperately cling to any other source of life.","ヴァールの血の神官たちは記録に残っている中で最初の知識階級の一つだった。
新たに自由になった魂が他の生命の源に
必死にしがみつくことを発見したのは彼らだった。"
"""Curious. The test spike penetrated the subject's flesh, but the chest wound
was not as deep as expected. There is something here...""","「興味深い。試験用の棘は被検体の肉体を貫通したが、胸の傷は
予想されたほど深くはなかった。何かありそうだ...」"
"Silent, silent night,
Quench the holy light.","静かな、静かな夜よ、
聖なる光を消したまえ。"
"Eternal soldiers fight for glory or death.
The Solaris Vanguard know only glory.","永遠なる戦士は栄光か死のために戦う。
ソラリスの前衛隊は栄光しか知らない。"
The mind had much to endure before the advent of thaumaturgy.,魔術の出現以前、精神は多くに耐えなければならなかった。
"Wealth can, in fact, buy happiness.",実際、富は幸せを買うことができる。
"'Lightning never strikes the same place twice'
is really just wishful thinking.","『雷が同じ場所に二度当たらない』というのは
希望的観測に過ぎない。"
"In the prison of all sins, will you grasp godhood or sorrow? Only hope lies under the shadows.",全ての罪の牢獄で、其方が掴むのは神性か悲しみか。影の下に眠るのは希望だけだ。
"In combat, a warrior must first be resourceful,
and second, decisive.","戦いでは、戦士はまず機転が利かねばならず、
次に決定力がなければならない。"
<size:31>{There is no mistake so great that it cannot be undone.},<size:31>{挽回できないほど大きな過ちなどない。}
"If you wish to rush into strange places, be prepared to face strange things.",妙な場所に突っ込みたいのなら、妙なものに相対する覚悟をしておけ。
"Some powers are far too great even for the
gods of old.",古の神々にとってさえ大きすぎる力もある。
"Lethal, untouchable, keen, aflame. Just what I was looking for.",致命的で、触れられず、鋭く、燃えている。まさに私が探していたものだ。
"<size:30>{Many strive for greatness,
but it is challenge, unforeseen,
that forges heroes.}","<size:30>{多くは偉大さに向けて努力をするが、
英雄を形作るのは
予想外の困難である。}"
"He shattered Her smile
Scattered the fragments like ash
All she did was laugh","彼は彼女の笑顔を粉砕し
破片を灰のように撒いた
彼女は笑うだけだった。"
A lust for souls. The urge to kill just to satisfy its thirst. An unbearable burden that would make even the purest heart blacken over time.,魂への渇望。渇きを癒やすためだけに殺す衝動。最も純粋な心でも黒ずんでしまう、耐えきれぬ重荷。
"Our world, dangerous as it is, is far safer than what lies just beyond our sight.",我らの世界は危険ではあるが、我らの視界のすぐ外にあるものよりずっと安全だ。
"<size:19>{Fourfold the refrain, fortissimo cheer.
One hundred rent twain, naught left for a bier.
The song rattles on, though hollow a bit.
See the hope is gone, no prize shall ye get.}","<size:19>{四重のリフレイン、フォルテッシモの歓声
100人もの人々が2つに切り裂かれ、棺桶にいれられるものは何も残らなかった。
歌は奏でられ続ける、空虚な音色で。
希望は失われ、何も得ることはできない}"
Some things should not be used. Some power is too great a risk.,使うべきでないものもある。リスクの大きすぎる力もある。
Ever get the feeling you're being watched...?,見られていると感じることはあるか...？
"<size:29>{A dark note drips
from the dreamer's lips,
A honeyed melody.
We stand, we fall
on his beck and call,
for in his dream we're free.}","<size:29>{夢見人の唇から
昏い音が零れ、
甘いメロディーとなる。
我らは立ち、我らは倒れる
彼の意のままに、
彼の夢の中では我らは自由だから}"
Its body knows no limits. Its appetite knows no bounds.,その体は際限なく。その食欲は制限なく。
"Beware the combatant who shows no confidence, yet still enters the ring, for they are surely hiding something.",自信を見せずにリングに上がる戦士に注意せよ。必ず何かを隠しているだろう。
"When the darkness weighs upon you, grow light from within.",闇がのしかかる時、内なる光を育てよ。
"As countless fractures weaken the divide, nightmares seep through from the other side.",無数のひびが裂け目を弱める中、反対側から悪夢が染み込んでくる。
"<size:27>{A wanderer in the wild strives
Against countless foes he survives
A fool pursues a quest contrived
By the gift of the witch, alive.}","<size:27>{自然の中で旅人は励む
無数の敵を相手に生き残る
愚者は魔女の贈り物により生きて
作り物の冒険に出る}"
The threads of fate are the strongest ties.,運命の糸こそが最も強固な繋がりだ。
The jeweller's true talent is the capacity to see a jewel's beauty before they draw it out.,真の宝飾職人の才能とは宝石の美しさを引き出す前にそれに気づけることだ。
A dream from which you cannot awake is nothing other than a nightmare.,覚めない夢は悪夢以外の何者でもない。
"In a world filled with chaos, he could always seek comfort in the hands of his master.",混沌に満ちた世界で、彼はいつでも主の手の中の安心を求めることができた。
Fall into endless night; a voyage into an ocean of oblivion.,終わらぬ夜へと堕ちてゆけ；虚無の海への船旅だ。
"<size:29>{""Fate was always my nemesis...
But it didn't stop me then, and it won't stop me now.""
- Kjetilbrann, The Undaunted}","<size:29>{「運命はいつだって私の敵だった...
だがこれまで私を止めることはなく、今だって私を止めることはない」
ー不屈のチェティルブラン}"
Lucian lost himself in ancient scrolls and found in those scrolls a love whose power bridged a millennium.,ルシアンは古代の巻物に夢中になり、それらの巻物に一千年を越える愛の力を見つけた。
"<size:26>{Many were slain by the sword king
Their blood decorating his ring
Those who retreated were slaughtered
Those who fought bravely were honoured}","<size:26>{剣の王により多くが殺され、
彼らの血は彼の闘技場を飾った
撤退した者は虐殺され
勇敢に戦った者は敬意を示された}"
"<size:28>{I gave my mind without a fight,
The twelfth hour I lost control.
The day is gone but there is light,
eyes that glow like red-hot coal.}","<size:28>{私は抵抗せずに心を捧げ
十二時間目に我を失った。
日は落ちたが明かりはある
熱い石炭のように光る両目。}"
"Stare into its depths too long, and you may lose yourself entirely.",その深淵を長く覗けば、完全に自身を失ってしまうかもしれぬ。
"There are countless worlds, but only those with limitless potential will be able to achieve perfection.",無数の世界があるが、無限の可能性を持つものだけが完成に至ることができる。
All dreams vanish when the dreamers wake.,夢見人が目覚めた時、全ての夢は消える。
"<size:29>{Shrieking souls locked away
Hate splits frozen cells asunder
The knot of corruption
undone at last}","<size:29>{閉じ込められた魂達が叫ぶ
憎悪が凍れる牢を砕く
腐敗の結び目は
ついに解かれた。}"
"At night, when the seas are calm, and the skies dark, he can see it. The formless fiend that took his eye, and fractured his mind.",夜、海が静まり、空が暗い時、彼にはそれが見える。彼の目を奪い、心を砕いた無形の悪魔。
"Though the years weakened his mind, his body remained deadly as ever.",年月が彼の心を衰弱させたが、彼の危険な体は健在だった。
"A ruler is only as powerful as he is wealthy.
Control the coin, control the empire.","統治者の力は彼の持つ富の量に過ぎない。
金貨を支配し、帝国を支配するのだ。"
"To create something truly spectacular, you must risk total failure.",真に素晴らしいものを作るには、完全な失敗を覚悟する必要がある。
"<size:29>{A mind as quick as lightning,
fists as hard as stone,
a heart that burns with fury,
and eyes that chill to the bone.}","<size:29>{稲妻のように素早い頭脳
岩のように硬い拳
怒りに燃える心臓に
骨まで凍えさせる目}"
"The village elders had a curious rule: If you hear three voices scream for aid, flee as fast as you can.",村の長老達には奇妙な決まりがあった：三人が助けを求め叫ぶ声が聞こえたら、一目散に逃げ出せ。
The academic route to knowledge is wide and well-trodden; but it is the untaught one who scales the mountain.,知識への学術的な道は広く、よく通られている。しかし登頂するのは教えられていない者だ。
"To know the monster, you must become the monster.",怪物を知るには、怪物にならねばならない。
"His brother would not atone, so he took his brother's life, and with it, his sins.",彼の弟は贖わなかった。故に彼は弟の命を奪い、それと共に彼の罪をも奪った。
"Though the path to divinity is fraught with peril, hope may bloom from within.",神性への道は危険に満ちているが、内から希望が芽吹くこともある。
"Gaze towards the stars, but beware what gazes back.",星を見つめよ、だが見つめ返してくるものに注意せよ。
"Her beauty did not fade
her humanity did not survive.","彼女の美貌は薄れなかった。
彼女の人間性は残らなかった。"
"To protect her mansion, she would cut a deal with anyone. Anything.

Something answered.","屋敷を守るため、彼女は誰とでも、何とでも取引をしようとした。

何かが応えた。"
"<size:28>{Wreathed in the skin and bones
of the beasts she slew,
her gift came from what she lost:
her humanity.}","<size:28>{彼女の殺した獣の
皮と骨に包まれて
彼女の恵みは彼女が失ったものから来ていた：
彼女の人間性だ。}"
"The day is dying, the night is born, the air grows cool, the sky is torn.",日は死に、夜が生まれ、空気は冷め、空が破れる。
Nothing can be heard above the din or seen amongst the turmoil. The senses are shattered. All is left to fate.,騒音の中で何も聞こえず、混乱の中で何も見えない。五感は砕け散った。全ては運命のままに。
"For some, the price of power is never too great.",一部の者にとって、力の代償は決して多すぎるということはない。
The Poet's blood is the Empire's ink.,詩人の血は帝国のインクだ。
We tried to tell him to get his head checked.,頭を診てもらうように伝えようとした。
"Perfection is the standard, excellence will be handled on a case by case basis.",完璧が標準だ。秀逸は個別の対応となる。
"""The process of eternal youth is a give and take. You give them death and take their youth.""
- Zerphi of the Vaal","「永遠の若さの方法はギブアンドテイクだ。死を与え、若さを奪うのだ」
ーヴァールのゼルフィ"
"All that is flawed is worthless. The slightest error, and this might as well be trash.",欠けているものは全て無価値だ。極小の誤りで、これはゴミ同然となる。
"Fear the man who lusts for power, for he will do anything to get it.",力を渇望する者を恐れよ。彼はそのためには何でもする。
Some gifts are obligations while others are simply opportunities.,義務の贈り物もあれば、単純に機会であるものもある。
"Oh the places you will go, the sights you will see, the things you will meet.",君の行く場所、君の見る景色、君の出会うもの。
"Discovery can lead to beauty, or it can lead to ruin.",発見は美貌に繋がることもあれば、破滅に繋がることもある。
"Warriors of a distant land, you embark on a journey from which you may not return, but which we will be all the better for.",遠い地の戦士達よ、其方らは我らのために戻らぬかもしれぬ旅に出る。
"<size:28>{Charmed by beautiful stones
Consumed with the
pursuit of perfection
Ever deeper into the waiting dark}","<size:28>{美しい石に魅了され
完璧の追求に
身を焦がし
待ち受ける暗闇のさらなる深みへ}"
"If enough people believe something to be true, whether or not it is becomes irrelevant.",何かが真実であると十分な人数が信じていれば、それが実際にそうであるかはどうでもよくなる。
"Before gemlings, before thaumaturgy, a simple court magician could enthrall the masses.",ジェムリングの前、魔術の前、単なる宮廷の魔法使いが大衆を魅了することができた。
"<size:28>{""You cannot portray the world using just one colour. Together, you and I, we will paint our world into perfection.""
- Kyra, renegade thaumaturgist}","<size:28>{「一色だけで世界を表すことはできない。あなたと私、一緒に完全な世界を塗りましょう」
ー裏切りの魔術師カイラ}"
"""Only a fool looks to the occult for power and expects to be spared from its wrath.""
- Voll, Emperor of Purity","「超常に力を求めながらその怒りを避けられると思っているのは愚者だけだ。」
ー浄化の皇帝、ヴォール"
"""Sometimes, the most beautiful treasures...are the ones you cannot have.""
- Beryl, Survivor from the Azurite Mines","「時には、最も美しい宝は...自分が得られないものだ」
ーアズライト鉱山の生存者ベリル"
"<size:34>{He dispels dark realms
until mortal sufferings
yield to hopeful light.}","<size:34>{彼は暗闇の領域を消して行く
生者の苦しみが
希望の光に屈するまで}"
"Though they were a pack of elite combatants, the Emperor's royal guards were not ready to face one of his notorious parties.",彼らは精鋭の戦士達だったが、皇帝の近衛兵は彼の悪名高いパーティーへ行く覚悟はなかった。
"A life lost, A legacy born.",失われし命、生まれし遺産。
"<size:28>{There's a place where up is down,
where right is wrong,
where pleasure is agony,
and where the living wish only for death.}","<size:28>{ある場所では上が下で
正は誤で、
快楽は苦痛で、
生者は死のみを願う。}"
"We play at God with our necromancy,
but forces far more potent
sleep within these stones.","我らは死霊術で神の真似事をするが
ずっと強い力が
この石の中に眠っている。"
"""I gave up my body for you. I gave up my name for you. And one day I shall give up my life for you.""",私はあなたのために体を捧げた。あなたのために名を捧げた。そしていつか、あなたのために命を捧げる。
"<size:28>{A ravenous mind can readily take in ideas from any source.
Fortunately for the scholars, he has already learned about sustainability.}","<size:28>{飢えた精神はどこからでも着想を取り込める。
学者たちにとっては幸運なことに、彼は既に持続可能性については学んでいた。}"
"<size:28>{A treasure worth killing for
is a treasure worth dying for.}","<size:28>{殺してでも得る価値のある宝は
死んででも守る価値のある宝だ。}"
Even the most learned man is a fool to his own fate.,最も教養のある者でも彼の運命から見れば愚者である。
"Upon silent paws and masked by the reeds,
Farrul's hunt begins as the light recedes.","静かな足取りで葦に身を潜め、
ファルウルの狩りは明かりが引いていくと共に始まる。"
"<size:28>{""The Seas Call, the Mad Answer""}",<size:28>{海が呼び、狂人が応える}
"""When grasped in his hand, even an ordinary piece of wood can make the heavens tremble with fear.""",彼の手に握られれば、普通の木片さえ天を恐怖に震えさせることができる。
No one ever truly understood what she meant when she said she wanted to raise a family.,彼女が家族を作りたいと言った時、彼女を真に理解した者はいなかった。
<size:28>{You can't seek riches without getting your hands dirty.},<size:28>{手を汚さずに富を求めることはできない。}
Sometimes you need to make your own luck.,時には自分で幸運を作らねばならない。
"Hear me, fish! I love and respect you, but before this day ends I will kill you dead.",聞け、魚よ！私は其方らを愛し尊敬しているが、日が終わる前に私は其方らを殺す。
"<size:28>{Every skull was once a person.
Though 'Who?' is rarely asked.
Friends, who wear
the crown of Nook,
Never need to ask.
They remember.}","<size:28>{全ての頭蓋骨はかつては人だった。
だが『誰？』と尋ねられることは稀だ。
ヌックの冠を
被る友は
尋ねる必要がない。
彼らは覚えている。}"
You'll never know the things you miss if you keep your eyes closed,目を閉じていれば自分が得られなかったものを知ることはない。
"""Forge me a carapace from their skin, imbued with their soul. Then feed their flesh to the hounds.""",「彼らの皮から彼らの魂を付与した鎧を造ってくれ。そして彼らの肉は犬にやってくれ」
"Try a thousand times, and eventually you'll have to give up.",千回やってみれば、いつかは諦める。
"<size:28>{""For all your struggles, all your achievements, even for the greatest of us, a story is all that remains. Write it well.""

-Julius Perandus, Father of Chitus}","<size:28>{「どれだけもがいても、何を成そうとも、どんな偉人にとっても、後に残るのは物語だけだ。良いものを書くがいい」

ーチタスの父、ジュリアス・ペランダス}"
Greed is a hunger that only grows as you feed it,欲望とは満たすほど大きくなる飢えだ。
"<size:24>{Dread and danger
makes the air feel thin.
Above, power slumbers, tempting fate.
Greed and ambition
draws countless in,
For those who seek power
can never wait.}","<size:24>{恐怖と危険が
空気を薄める。
頭上では力が眠り、運命を誘惑する。
欲望と野望が
無数に惹きつける
力を求める者は
待つことを知らぬから。}"
"In the pursuit of power, as in that of wealth, anything goes.",力を求める時は、富と同様で、何でもありだ。
"Method transcends shape and size. Do something in parallel long enough, and you will always find
another way.",手法は形や大きさを超える。十分な期間並行して進めれば、必ず別の方法が見つかる。
"They stand among us, and within us.",彼らは我らの間に、そして我らの中に立っている。
"The Lord of Chaos dreams as his Eye gazes, unblinking, at his prize. And soon, all shall tremble before his waking form.",混沌の王は彼の目が彼の宝を見つめる中夢を見る。そしてすぐに、全ては目覚めた彼の前に震えることになる。
A man who hears voices may not necessarily be crazy.,声が聞こえるからといって狂っているとは限らない。
"<size:28>{The hatungo know many answers to the same question,
for time itself is a tangled web.}","<size:28>{ハトゥンゴは同じ質問への答えをいくつも知っている。
時そのものが絡み合う網なのだから。}"
"<size:28>{Souls along a conduit of blood,
from one vessel to the next.}","<size:28>{ある器から次の器へと
血の導管を流れる魂。}"
"Though the forces of nature are mighty and intimidating, it is their absence which should be feared.",自然の力は強大で恐ろしいが、恐れるべきはそれがなくなることだ。
"In the pursuit of wealth, as in that of power, anything goes.",富を求める時は、力と同様で、何でもありだ。
The howls and cackling could not mask the sadness.,遠吠えと甲高い声は悲しみを隠せなかった。
The line between having not enough to do and too much to do is unusually fine.,暇と多忙の間の線は非常に細い。
Blessed is the blood of the beholden disciple. The earth is anointed by his step. The damnable are sanctified by his strike.,聖なるは義務ある使徒の血だ。彼の歩みで大地は祝福される。地獄へ落ちる者は彼の一撃で聖別される。
"""In the forest again... But at least I have these.""",「また森の中...でも少なくともこれがある」
"In fleeing reality, you step into the realm of madness.",現実から逃げる時、狂気の領域に踏み込んでいるのだ。
"""The Karui was correct; there is virtue in honouring my ancestors.""",「カルイは正しかった。先祖を称えるのは美徳だ」
They whose lives were given to clothe the Dark Dreamer... They were the lucky ones.,闇の夢想者が着飾るために命を捧げられた者たち...彼らは幸運だった。
"""There are two ways to pay, Gold and Blood. I'll take my share in both.""

-Cameria the Coldblooded","「支払うには二つの方法がある、金か血だ。私の取り分は両方で頂こう」
ー冷血のカミリア"
Many sought the Goddess' blessing. Few survived the Labyrinth to receive it.,女神の祝福を求めた者は多かった。それを受けるために迷宮に耐えられた者は少なかった。
"However vicious Rhoas might be, a dedicated angler may in time tame them.",ロアがどれだけ凶暴であろうとも、専門の釣り師はいつか手懐けられるだろう。
"The flesh is a prison, and we are finally free.",肉体は牢獄で、我々はついに自由になったのだ。
"""Set your life on fire. Seek those who fan your flames""

-Rumi of the Vaal","「自らの命に火を付けよ。炎をあおってくれる者を見つけよ」
ーヴァールのルミ"
"What was once a passing thought tickling the back of the mind is now a desperate, driving desire.",かつては脳裏をよぎる一時の思いだったものが今では必死で猛烈な願望となった。
"When you strive to write your name on the dense pages of History, someone else, inevitably, must be crossed out.",歴史の狭いページに名を残そうとする時、必ず他の誰かを消さねばならない。
"""Our rulers are being ridiculous, and we are suffering.""",「我らの統治者はばかげていて、我らが苦しむことになっている。
Know thine enemy better than you know thyself.,己を知るよりよく敵を知れ。
Sometimes the best way to achieve greatness is to use a shortcut.,時には栄光に辿り着く最も良い方法は近道を通ることだ。
Trying to bring your vision to life is enough to drive you mad.,自分の構想を現実にしようとすることは気を狂わせるのに十分だ。
"""I'm going for a walk. I'll be back soon.""

 - Blonca's last words","「散歩にいってくる。すぐに戻るわ」
ーブロンカの最後の言葉"
"Born beneath silver light, bearing Lunaris' mark.
Conjuring all his might, the Prodigy turned light to dark.","銀の光の元に生まれ、ルナリスの印を持つ。
全ての力を振り絞り、鬼才は光を闇と化す。"
"Time dismantles all things eventually, but some wish to accelerate the process.",時はじきに全てのものを解体するが、それを早めたい者もいる。
"<size:30>{A King Loved By All,
A Shadow Awaiting Nightfall,
A Speaker Howling Away,
A Hunter Seeking Prey}","<size:30>{皆の愛する王
宵闇を待つ影
雄叫びを上げる話者、
獲物を探す猟師}"
Love is the only redemption after succumbing to the grasps of the Wasteland.,女性の接触だけが荒廃の地の掌握から男の魂を救うことができる。
"Within years of knowledge, distilled by careful craftsmanship, lies great power.",綿密な職人技により洗練された何年も蓄えられた知識の中には大きな力が眠っている。
The Golden Sekhema's words could solve many a feud. Just what form that solution took was another matter.,黄金のセケマの言葉は多くの争いを収めることができた。その解決がどのような形だったかは別の問題だ。
"<size:30>{The artist is long dead,
the lyrics are long forgotten,
yet the Song of War longs to be sung again}","<size:30>{芸術家は死んで久しい
歌詞は忘れられて久しい
しかし戦の歌は再び歌われることを願っている}"
Chasing purity in the rising light means facing the darkening edges of the spirit.,昇る明かりの中で純粋さを追い求めることは暗まる魂の縁に対面することを意味する。
"Where Decay festers, I shall expunge it, and leave in its place a shining monument.",腐敗が蝕む場所で私はそれを消し去ろう、そして代わりに光り輝く記念碑を残していこう。
It is a mortal man's folly to seek power beyond his comprehension.,理解を超えた力を求めるのは定命の者の愚行だ。
She took all she had and turned it into something she was craving.,彼女は持っているもの全てを望んでいたものに変えた。
"Savour these moments, for they may never return.",この瞬間を楽しみなさい、二度と戻ってこないかもしれないのだから。
Some seek to change the world. Others change the world as a consequence of what they seek.,ある者は世界を変えることを求める。またある者は求めるものの結果として世界を変えてしまう。
"The mighty huntress always called for her share,
But what we shared was a lifelong bond.","強き狩人はいつも彼女の分け前を求めた。
しかし我々が分かち合ったのは生涯の絆だった。"
"""This was the proudest moment of my life.""

""... so far""","「今が生涯で最も誇れる瞬間だ」

「今の所は」"
"<size:28>{I thought love stronger than all,
but time and isolation broke
that which madness could not.}","<size:28>{愛は全てに勝ると思っていた
だが狂気さえ壊せぬものを
時と孤独は壊していった。}"
"The pain you feel is of no consequence, it is evolution, to be made whole within something greater.",お前の感じる痛みは取るに足らない。それは進化だ。より偉大な者の内で完全になるのだ。
The Mists of Madness prey on those who harbour the deepest of fears.,狂気の霧は最も深い恐怖を抱く者を襲うのだ。
"<size:26>{The pale flame of his heart disappeared in his azure reflection.
The work of a life.
Ambitious, and unfinished.}","<size:26>{彼の心の淡い炎は空色の反射に消えていった。
生涯をかけた仕事。
野心的、そして未完成。}"
"<size:23>{Vintage or crafted, Glittering and shiny
Dusty or glittering, huge or tiny
Secured within a chest
or unearthed from your mining
Find jewellery everywhere,
no need for divining!
So why is it so hard
to figure out which one to wear?
This one makes me stronger,
but does it match my hair?}","<size:23>{年代物か手作りか、キラキラ輝いて
くすんでいるのか輝くものか、巨大か極小か
箱の中にしまったものか
発掘されたのか
宝石はそこらじゅうにある
占う必要はない！
ではどれをつけるか決めるのが
何故こんなに難しいのでしょう？
これは私を強くする
けど髪に合うかしら？}"
"<size:26>{""Such dedication for so many years,
all for a couple extra letters at the front of your name...""}","<size:26>{「何年もあれほど身を捧げて、
名前の前に数文字つくだけだなんて...」}"
"<size:25>{Awoken virtuous slivers of the void,
defiled by the avaricious,
seized by the tyrannical.}","<size:25>{虚無より目覚めし高潔な欠片
強欲な者に汚されて
暴君に奪われて。}"
"Even though he found the stash just in time,
He would trade it all away and then some to have him back.","ぎりぎりのところで隠し場所は見つかったが、
彼が戻ってくるのなら上乗せして捨ててしまってもいい。"
"Mold the world with your bare hands. Be careful, for what is your doing might become your undoing.",素手で世界を形作れ。心せよ、自らの成したことが自らの破滅と成るかもしれぬ。
"<size:26>{They came from far and wide under a common banner.
They sought companionship and competition,
but found a treasure none had foreseen.}","<size:26>{遠く広くから同じ旗の下に集まった。
彼らは協力と競争を求めたが、
誰も予想しなかった宝を発見した。}"
"If you look hard enough for hidden meaning, you will find it.",十分念入りに隠れた意味を探せば、見つかるだろう。
A good spy doesn't forget she's gone undercover.,良いスパイは自分が正体を偽っていることを忘れない。
"In the dead of night you may elude your shadows,
but they will always find you by dawn.","真夜中には自分の影から逃れられるかもしれないが、
夜明けには必ず見つかってしまう。"
"The world is ever-changing.
Once-lush woods now lost beneath shifting sands,
Great cities now drown beneath turbulent waters.
Adapt or perish.","世界は絶えず変わっている。
かつては生い茂る森だった場所は今では流れる砂の下に失われ、
巨大な都市は荒れ狂う水の下で溺れている。
適応するか、滅ぶかだ。"
"<size:25>{They thought winter had come early,
that snow blanketed the land,
but in truth, all their chickens
had come home to roost.}","<size:25>{彼らは冬が早くやってきたのだと思った
雪が大地を覆ったのだと
だが実際の所は、全ての鶏が
ねぐらに戻ってきただけだった}"
"<size:28>{We live to dream of worlds we aren't in,
a false narrative that we use to fill our souls
with doubt;
The world is already beautiful,
there's no need to dream.}","<size:28>{我々は自分がいけない世界を夢見て生きる。
魂を懐疑で満たすのに使う嘘の物語だ。
世界は既に美しく、
夢を見る必要はない。}"
Even the brightest eventually fade to darkness.,最高の輝きもいつかは闇へと消えて行く。
"<size:26>{Some people act as beacons, illuminating the path for others. I was lucky to meet one such person.

- Anton to Zhenya}","<size:26>{他者の道を明るく照らしてくれる、灯台のような人がいる。私はそのような人に出会えて幸運だった。

ーアントン、ゼーニャへ}"
"<size:24>{They would say that he was a dangerous man,
unbound by the sense of morality,
but what does this matter,
when his love for humanity is undeniable
and completion of his work would benefit everyone?}","<size:24>{彼は善悪の感覚に縛られぬ、
危険な男だと人は言った。
だがどうでも良いことではないか、
彼の人類愛が疑いようもなく
彼の目的の完成は皆に利益があるのなら。}"
"With great power comes...

...Even greater power.","大いなる力には...

...更に大いなる力が伴う。"
Why settle when more is never enough.,いくらあっても足りないのに妥協する必要があるか。
"""I know one lady for whose sake I will rip out my heart""

- Derrok, the Dreamer","「彼女のためなら自分の心臓を抉り出せる、そんな女性を知っている」

ー夢見人デロック"
"The suit I wear,
Is heavy and bare.
A canvas, it seems, breathing life into dreams.","私の着る衣服
重く飾りもなく
まるでキャンバスのように、夢に命を吹き込み。"
"I have a headache, can anyone find me a nurse?",頭痛がする、誰か看護師を呼んでくれないか。
"<size:26>{The rain pelts down, Mud grasping at his feet, as thoughts of those in his care bolster his resolve.}",<size:26>{雨が打ち付け、泥が足を掴む中、守るべき者たちの想いが彼の決意を強める。}
"<size:24>{For the blessed bear in the cave,
A hundred days pass in silence and darkness,
until moon begins its fourth passage,
the bear sheds her beastly fur,
and is reborn, human and whole.}","<size:24>{洞窟の中の聖なる熊にとって
百日が静寂と暗闇の中で過ぎていく
月が四度目の旅を開始し
熊が獣の皮を脱ぎ
健康な人間として生まれ変わるまで}"
"<size:25>{Seeking shelter from the night,
in the warmth of the run-down inn,
erstwhile foes put aside the fight,
to bond over whiskey and gin.}","<size:25>{荒れ果てたホテルの温もりへ
夜から逃げ込むと
かつての敵は戦いをやめ
ウィスキーとジンで絆を深める。}"
"<size:29>{Come home to me, my sweet.
Oh, how long you've been!
Lie with me in the frozen dark.
I may yet find forgiveness
Now that fear has left you.}","<size:29>{帰っておいで、我が愛よ。
ああ、久しぶりだね！
凍れる闇の中で共に休もう。
恐怖が其方を手放した今
私は許しを見つけられるかもしれぬ}"
"<size:28>{No blade conquers sin;
guide a sinner to virtue,
unveil their lost sight—
your eyes, too, see in
everyone the inner child,
no matter their might.}","<size:28>{剣が悪を屈服させることは無い
罪人を善へと導くのだ
彼らの失われた視界を取り戻せ。
其方の目にも映るだろう
皆の力の背後に隠れた
その真の姿を。}"
"<size:25>{""Glimmers of benevolence,
Shrouded a lacquered lust for power,
Yet still they followed his influence.""}","<size:25>{「博愛の輝きが
塗装された支配欲を覆い隠したが、
それでも彼らは彼に感化された」}"
Experience teaches us that the cold is not the same as the absence of warmth.,経験は寒さが温もりがないのと同じではないことを教えてくれる。
"""Man may shape the world, but these? These shape the man."" -Inquisitor Maligaro","「人は世界を形作るのかもしれないが、これらは？これらは人を形作る」
ー異端審問官マリガロ"
"<size:27>{""Be fast. That is all that matters.""
- Rita of the Asylum}","<size:27>{「疾く。大事なのはそれだけだ」
ー聖域のリタ}"
"Dost thou lead my men to victory, my child?",我が子よ、其方は我が部下を勝利へと導くか？
"They believed, falsely, that the strongest of generals could outlast eons of corruption.",彼らは誤って信じていた。最強の将軍は永劫の腐敗より長生きすると。
One who is blinded by their past may only see a sliver of the present.,過去に目が眩んだ者は現在の欠片しか見ることができない。
"If time is the most valuable currency, how do you make more of it?",時が最も貴重な通貨なら、どうやってそれを増やすのだ？
"""The house always wins... except when I do.""",「親は必ず勝つ...俺が勝つ時以外は」
"<size:25>{Cede all power and wealth to me and serve me in perpetuity.
A minor inconvenience I assure you.}","<size:25>{全ての力と富を我に捧げ永劫に我に仕えよ。
それはささいな不自由だと保証しよう。}"
"<size:24>{Plenty enter, dreaming of treasure
Twenty bled, slain as they fled
Shadows loom, half left doomed
The blind cries, five lost eyes
Careless twins, a lich's new prize
One as a decoy, none pass the king
Gehennix feeds only on whispers}","<size:24>{多くが踏み込む、宝を夢見て
二十が血を流す、逃げながら殺されて
影が近づく、半数は終わりだ
見えぬ者が叫ぶ、五人が目を失った
不注意な双子がリッチの新たな宝だ
一人は囮で、誰も王を抜けない
ゲヘニックスはささやきだけを喰らう}"
"Every obsession began with a single, innocent taste.",全ての妄執は一つの無邪気な好みから始まった。
"""Bino's brief career as a chef at Axiom saved the executioner a lot of work.""",「ビノが短期間アクシオムで料理人として働いた経歴は処刑人の仕事を大いに減らしてくれた」
"He appeared before the Light Eater, and at once knew his soul was damned.",彼は光を喰らう者の前に現れ、すぐに彼の魂が失われることを悟った。
"The harvest ended, the floods began.",収穫が終わり、洪水が始まった。
"The swarm began with just a couple of children. Now, it is her entire existence.",群れは数匹の子から始まった。今ではそれは彼女の存在全てだ。
"<size:26>{The strange voice showed Aul a future where his legacy was forgotten, where new cultures broke themselves upon Aul's ruined world.}",<size:26>{奇妙な声はオールに自分の遺産が忘れられた未来を見せた。新たな文化がオールの破滅した世界に現れた未来だ。}
"<size:28>{Through the eyes of a person,
you can see their soul
Through the eyes of a jewel,
you can see the universe}","<size:28>{人の目を通して
彼の魂を見ることができる
宝石の目を通して
宇宙を見ることができる}"
They said they were here to protect us.,彼らは我々を守るためにここにいると言っていた。
"While the Labyrinth traps have claimed countless adventurers, they were not designed with felines in mind.",迷宮の罠は無数の冒険者を屠っていったが、猫は想定されていなかった。
"""Oh no, I couldn't possibly afford this fine artefact. I'm... just looking.""",「いやいや、この素晴らしい品はとても手が届きませんよ。ただ...見てるだけですって」
"Without the ability to weep, the heart hardens against both the pure and the corrupt.",泣くことができない心は純潔にも堕落にも閉ざされる。
"<size:28>{I never truly understood the depths of my insanity,
until I realized the voices beckoning me towards the abyss,
were none other than my own.}","<size:28>{自分の狂気の深さを真に理解したことはなかった
私を深淵へと招く声が
私自身のものであると気づくまでは。}"
"The most pathetic person in the world is someone who has sight, but no vision.",世界で最も哀れな者は目が見えても展望がない者だ。
"Through despondent hardships, those strong of spirit shall claim the prize.",暗い困難の中で、強き魂を持つ者が宝を得るだろう。
"<size:28>{They gave the stone life. Over eons spent bathed in Corruption, that life evolved.}",<size:28>{彼らは岩に生命を与えた。腐敗に晒された永劫の時の中で、その生命は進化した。}
"<size:23>{The cities of the Empire were plundered
by those who came after... all but one.}","<size:23>{帝国の都市は後から来た者たちに略奪された...
一つを除いて。}"
"It is said anyone who bears this trinket is the luckiest exile in all of Wraeclast. The gods would disagree, and forever curse any whom give it away.",このお守りを持つ者はレイクラストで最も幸運な者だと言われている。神々はそうは思わず、それを人に渡した者を永遠に呪うだろう。
"A fond memory fills me with nostalgia; some men would have felt guilt, but I felt no regret over the anguish and fear my ambitions caused.",懐かしい思い出が私を感傷で満たす。罪悪感を感じる者もいるだろうが、私は私の野望が作り出した苦痛や恐怖に何の後悔も感じなかった。
<size:30>{Fear a man who is willing to sacrifice anything for power.},<size:30>{力のためなら何でも犠牲にする者を恐れよ。}
"The largest hooks offer the greatest catch, but often the catch is the hook.",最大の針が最大の魚を釣れるが、しばしばその針が問題となる。
"Separate, stories untold.
Together, memories unfold.","離れて、語られなかった物語。
一緒に、広がりゆく思い出。"
"<size:28>{No man sees all, but you'll see more than some see in a lifetime.}",<size:28>{全てを見る者はいないが、其方は一部の者が一生をかけて見るよりも多くを見るだろう。}
"The first to travel are often rewarded for their journey, but all the treasure in the world cannot bring back those that are lost.",最初に旅をする者は報われることが多いが、世界中の全ての宝を持ってしても失われた者は戻ってこない。
To accept a challenge from the void is merely suicide for the unprepared.,虚無からの挑戦を受けることは用意なき者にとってはただの自殺だ。
<size:28>{Don't let fool's gold deceive you.},<size:28>{愚者の黄金に騙されるな。}
"<size:26>{Hemmingsworth 6:10 - ""And the fox gazed out from the brambles, unreachable and smirking.""}",<size:26>{ヘミングズワース 6:10ー「そして狐は茨から外を覗いた、手が届かぬ所からにやついて」}
"<size:26>{Those Exiles that survive Wraeclast
dream not of home, but of power.}","<size:26>{レイクラストで生き延びたエグザイル達は
故郷ではなく、力を夢見る。}"
"He was seeking sanity, but the demons were inside his head.",彼は正気を求めていたが、悪魔は彼の頭の中に潜んでいた。
The last thing they saw was the blue light of death.,彼らが最後に見たのは、死の青い光だった。
"""Such fine trinkets show their true value in times of crisis."" - Tangmazu","「このように綺麗な装飾品は危機に際して真価を発揮する。」
- タングマズー"
"Cry havoc!
Unleash pandemonium!","注意しろ！
万魔殿を解き放つ！"
"<size:30>{He wandered the bone-filled depths hoping each corner would be his last.
Eventually, he found Light.}","<size:30>{彼は骨で満たされた深淵をさまよい、それぞれの角で自らが死ぬことを望んだ。
やがて彼は光を見つけた。}"
"<size:30>{""I am not alone in this. I have God by my side! And... you help sometimes, I suppose.""
- Sister Cassia}","<size:30>{「これをしている時、私は一人ではないわ。神が側についてくれているもの！それに... あなたもたまには手伝ってくれるわよね。」
- シスター・カッシア}"
"""Everything I have done has been for Wraeclast. You would pledge your life to me if you saw things my way... and soon, you will.""
- High Templar Venarius","「私がしてきたことは全てレイクラストのためだった。貴様も自らの命を私に捧げるだろう、私のやり方をみればな... すぐにそうなる。」
- ハイテンプラー、ヴェナリウス"
"Feeding on death, they grew stronger and stronger, until they were ready to hatch...",死を糧にして、彼らはどんどん強くなり、孵化の時を迎えた...
Good and Evil can be woven together to become something greater than either.,善と悪を織り成すことで、どちらよりも偉大な存在になることができる。
"<size:30>{Savor life's missing pieces.
To complete one's final goal
is to take one's last breath.}","<size:30>{人生の欠けたピースを味わうがいい。
最後の目標を達成するには、息を引き取るのだ。｝"
Even the most beautiful of transformations can still have a dark side.,どんなに美しい変身にさえ、暗い一面があるものだ。
Wraeclast will unite. This shall be my great work - the minds of the people made one.,レイクラストは団結する。これが私の偉大な仕事となるだろう。人々の心を一つにするのだ。
"Everything is eroded by time, but sometimes the edges that fade can make a wonderful memory even more beautiful.",すべてのものは時によって風化するが、時に素晴らしい記憶の細部がぼやけることでその記憶はより美しくなる。
"Drink deeply of living rock and be as stone, with blood afire.",生ける岩を飲み干せ。血を燃やし石となれ。
You mustn't forget: you won't be leaving this place.,忘れてはならない、お前はこの場所を離れることができない。
Why not both?,なぜ両方あったら駄目なんだ？
"A humble piece of wood offers the simplest solution to life's problems: just hit them really, really hard.",質素な木の棒が人生の問題を解決する最も単純な解決策をもたらしてくれる。「敵を強く、強く打つだけだ。」
"""It was as though my very thoughts were breaking... fracturing into tiny motes to be lost on the wind.""",まるで私のまさにこの思考が壊れ...風に運ばれる小さな塵になってしまったようだった。
"You may be nothing to everybody, but you are everything to somebody.",あなたは皆にとって何でもないかもしれないが、誰かにとっては全てだ。
"Life has an end, then life begins again.",命には終りがあり、そして命はまた始まる。
"""When they realize our true intent, they will decry us, assault us, and try to crush what we have built. We must stand tall, Qotra, and make the future our own.""",「彼らが我らの真意を知れば、我らを非難し、攻撃し、我らが築き上げてきたものを潰そうとするだろう。我らは堂々と立ち向かわねばならないのだ、クォトラ、そして未来を我らのものにするのだ。」
"""You seek the power of my strongest potions, but the price will be far higher than you can imagine.""",「貴様は我が最強のポーションの力を求めるが、その代償は想像を遙かに超えたものになるぞ。」
"There are countless people, countless stories, and countless eras, but there is one place that, for a time, each of us loved and was loved. It matters. We matter.",数え切れないほどの人々、数え切れないほどの物語、数え切れないほどの時代があるが、互いを愛し愛された場所と時期がある。それが大切なことだ。我々は大切な存在なのだ。
"""So desperate was I for control, I turned my entire world into a prison. Now you will share in my agony.""",支配への欲求のあまり、自分の世界全体を牢獄に変えてしまった。今、貴様も我が苦悩を共有するのだ。
"For centuries, they stood vigil in secret over their sleeping goddess, even as contamination oozed out of the decadent Vaal empire.",何世紀もの間、彼らは眠り続ける女神を誰にも知られず見守ってきた。退廃したヴァール帝国から汚染が滲み出てきたときでさえも。
"When you find what you're looking for, it's never quite right. When you have what you desire, yet you still want more.",探しているものを見つけも、それで良いとはならない。求めるものを手に入れても、まだもっと欲しいと願う。
"With a single act, years of peace have been shattered. An unknown assassin brings war upon us all.",たった一度の行動で、長年の平和が崩れ去った。正体不明の暗殺者が、私たちに戦争を仕掛けてきたのだ。
"""Virtue gems have facets beyond those that can be seen by the mortal eye. Let us look deeper...""",美徳のジェムは、人間の目には見えない刻面を持っている。もっと深く覗いてみよう...
"The sun shines not for me. I walk in darkness, never free. Time stopped when you both died in my arms.",太陽が私のために輝くことはない。暗闇の中を歩み、逃れることはできない。二人が私の腕の中で死んだ時、時は止まってしまった。
"While you grow, I shall be your knight, and you my squire. One day, you shall be the one who stands and defends our home.",お前が成長する間、私がお前の騎士となり、お前は私の従者となろう。いつの日か、お前は我々の家を守る者となる。
"As death approached, clarity eluded him. The pain he had wrought surrounded him, dragging him into darkness.",死が近づくにつれて、彼は明晰さを失っていった。自分が招いた痛みが彼を囲み、闇へと引きずり込む。
"<size:28>{""Boss said to get rid of him, didn't say not to make a mess.""
- Rune The Goon}","<size:28>{「ボスは奴を消せと言ったが、騒ぎを起こせとは言ってない。」
ー用心棒のルーン}"
<size:30>{He who watches the flock is himself watched by those with loyalty beyond measure.},<size:30>{群れを見守る者は自らも計り知れない忠誠心を持った者たちによって見守られている。}
"<size:28>{The mask hides his identity
but also makes it hard to read...}",<size:28>{マスクは彼の正体を隠してくれるが、同時に文字を読むのも難しくしている...}
"<size:28>{Ancient behemoths swam the
depths of the oceans long
before Man walked these lands.}",<size:28>{人類がこの地を歩むずっと昔に、古代の巨大生物が海の底を泳いでいた。}
"<size:30>{Unbeknown to Atziri's finest thaumaturgists, their loyalty would require far greater devotion than mere research.}",<size:30>{アッツィリの優秀な魔術師たちが知らぬ間に、彼らの忠誠心は単なる研究よりもはるかに大きな献身を必要とするようになっていた。}
"For a time, we had something stronger than eldritch evil.
We had each other.",エルドリッチの悪より強力な敵がいた時代があった。我らにはお互いがいた。
"When you can only have one, which shall it be?
Red?
Blue?
Probably Green.","「一つしか手に入れられないなら、どれになると思う？
赤？
青？
たぶん緑だな。」"
"When victory is impossible, each of us plays only to delay the end.",勝利が不可能な時、我らは終わりを遅らせるためだけにプレーする。
"My memories tortured me without end. To escape them, I embraced nothingness, but oblivion simply brought a different kind of pain...",記憶は私を際限なく苦しめた。それから逃れるために、私は無を受け入た。しかし、忘却は単に別の種類の苦痛をもたらしただけだった...
Even in darkness you may find a friend.,暗闇の中でも友達が見つかるかもしれない。
A stereotypical joke may lead to an unexpected bond.,決まりきった冗談が思いがけない絆を生むことがあるかもしれない。
Her innocence and grace were enough to tame even the wildest of beasts.,彼女の無邪気さと優しさは、野獣を手懐けるのに十分だった。
"<size:30>{""Gaze upon the mirrors of what may come and step backward into infinity.""
- Dexion, Thaumetic Aspirant}","<size:30>{「これから起きるかもしれないことの像を凝視し、無限の世界へと後退せよ。」
ー魔術師志願者、デキシオン}"
"<size:30>{In a land far away lived
a maiden most fair.
Her smile melted the coldest
of hearts, her song made
men and beast cry,
her beauty unparalleled;
Divine.}","<size:30>{遠くの国に
美しい少女が住んでいた。
彼女の微笑みは凍った心すら溶かし
彼女の歌は人や獣を泣かせた。
彼女の美しさは比類なく、
神のようだった。}"
The acolytes congratulated the lucky groom for becoming one with the goddess.,侍祭たちは女神と一つとなった幸運な新郎を祝福した。
One person's madness is another person's reality.,ある人の狂気は別の人間にとっては現実なのだ。
"The Atlas is our prison, and our only defence. She is our only hope, and our certain doom.",アトラスは我らの牢獄であり、唯一の防御線なのだ。彼女は我々唯一の希望であり、我らに確実な破滅をもたらすものである。
"<size:29>{In the oldest halls of my mind, at the end of a rarely used passage, lies my greatest treasure: one moment of happiness and innocence, pure and untouchable.}",<size:29>{私の心の使われることのない通路の端にある最も古い広間に、私の最大の宝がある。幸福で無邪気、純粋で触れられることのない一瞬。}
And he shall be heralded by the screams of the damned.,そして彼は呪われたものたちの叫び声で迎えられることになる。
<size:29>{A little extra flair never hurts.},<size:29>{最後に工夫を凝らすことは悪いことではない。}
"""It's not Karui, Azmeri or even Vaal in origin,
but one thing is certain. It is very, very old.""
- Icius Perandus, Antiquities Collection, Item 46","「その起源はカルイでも、アズメリでも、ヴァールでさえないが、
一つだけわかることがある。これはとても、とても古い」
ーイシウス・ペランダス、骨董品コレクション、その46"
"The summer sun dries the soil and burns the leaves.
The autumn rain extinguishes the flames.
The spring bloom shades the wet earth.
Nature is an eternal tug of war.","夏が土を干上がらせ葉を燃やす。
秋の雨が炎を消す。
春の花々が濡れた地を影で覆う。
自然とは永遠の綱引きだ。"
"From Weylam to Meredith:
I shall love thee as I love the sea.","ウェイラムからメレディスへ：
私は海を愛するほど其方を愛そう。"
"To the wily Kishara's eye, a star brighter than the sun.",狡猾なキシャラの目にとっては、太陽よりも明るい星だ。
"""The cool blanket of shadows preserves our treasures.""
 - Inquisitor Maligaro","「影の冷ややかな覆いが我らの宝を保存する」
ー異端審問官マリガロ"
"""Certain maps can only be rendered in the most vivid of viscera.""
 - Inquisitor Maligaro","「最も鮮やかな内臓にしか描けぬ地図もある」
ー異端審問官マリガロ"
"""A boy becomes a man when he has faced the animal
in his heart and wet the forest floor with its blood.""
 - Azmeri Proverb","「少年が男になるのは彼が心の中の獣に直面し
その地で森の地を濡らした時だ」
ーアズメリの諺"
"""The spider is not defined by how
it lives, but by how it kills.""
 - Inquisitor Maligaro","「蜘蛛は生き方で定義されるのではない。
殺し方だ」
ー異端審問官マリガロ"
"In all things living, the light burns bright.",全ての生ける者の中で、その光は明るく燃える。
A passionate fire that consumes the heart.,心を焦がす情熱的な火。
"The Spirit, it radiates not from above.",精霊が照らすのは上からではない。
It is the warmth that draws you ever inward.,内へ内へと導く温もりだ。
Where rest the truest colours of life.,命の最も真なる色が眠る場所。
Gold of the organ. Green of the throat. Red of the vein.,臓器の金。喉の緑。静脈の赤。
The myriad wet rainbow of the Spirit's domain.,精霊の領域の多彩な濡れた虹。
"""Weakness must be purged lest it
poison the blood of all Karui.""
 - Prayer to Tukohama","「全てのカルイの血が汚れぬよう
弱さは除かねばならない」
ートゥコハマへの祈り"
"""A stranger's kiss on a moonlit night.
Dost thou believe in love at first sight?""","「月夜に見知らぬ人からのキス。
一目惚れはあると思う？」"
"""May the lubbers feel fear in their
nethers, and may our blades follow.""
 - Rot-tooth's Rallying Cry","「陸者が下半身に恐怖を感じ、
我らの刃がそこに刺さりますように」
ーロット・トゥースの掛け声"
"""We shall peer at these cosmic wonderments as they
wake and writhe within that deep and nameless dark.""
 - Vilenta, 'Miasmeter: A Thesis'","「我々は深く名もなき闇で目覚め蠢く
これらの宇宙の神秘を眺めることでしょう」
ーヴィレンタ、「瘴気計：試論」"
"Eyes blazing with holy flame, the Pilgrim saw
a great palace descend from the burgeoning sky,
its gates barred against the unfaithful.","聖なる光の燃える目で、巡礼者は
その門を信心無き者には閉ざした巨大な城が
急成長する空から降下するのを見た。"
"Wrought from blood and gold, Innocence fashioned a weapon of tempered purity,
capable of banishing darkness, and bringing order to the chaos in men's hearts.","イノセンスは血と金から鍛えられた、闇を追放し、
人の心の混沌に秩序をもたらす純潔の武器を造った。"
"""The sun is a devoted mother. She casts her golden blessings on
the crops of the pious and makes barren the fields of heresy.
Sunlight is belief. Sunlight is life.""
 - The Solar Verses","「太陽は献身的な母だ。彼女は敬虔な者の作物には黄金の祝福を与え
異端者の畑を不毛にする。陽光は信仰だ。陽光は命だ」
ー太陽の詩"
"""Moonlight is a wise mother. The moon which bathes us in soft,
cooling light, does so with the intent of illuminating our paths.
Moonlight is wisdom. Moonlight is life.""
 - The Lunar Verses","「月光は賢き母だ。我らを柔らかく冷やす光に包み込む月は我らの
道を照らそうとしている。月光は知恵だ。月光は命だ」
ー月の詩"
"""The amulet, it... whispers to me. Horrible things...""",「お守りが...私に囁くのです。恐ろしいことを...」
"And mounting her mighty Roc, Garukhan, holy queen of the sky,
descended upon her enemies and their armies of darkness.","そして強大なロック鳥に跨り、聖なる空の女王ガルカーンは
彼女の敵と闇の軍勢に向かって舞い降りたのです。"
"This gem is only temporary, and only for the tutorial.",この宝石は一時的なチュートリアル用のものです。
"Power is a curious thing.
It can be contained, hidden, locked away,
and yet it always breaks free.","力とは奇妙なものだ。
それは抑え込み、隠し、封印することができるが、
必ず逃げ出してしまう。"
"""And how shall we know a sekhema worthy of rule?
By the anointing of the Great Roc, under whose wings we grow and soar.""
 - Maraketh Coronation Ritual","「そして統治するに相応しいセケマはどのようにしてわかるのか？
我らがその翼の下で育ち飛翔する、偉大なるロック鳥の祝福によってだ」
ーマラケスの戴冠の儀式"
"Garukhan sought madness and knowledge amongst the billowing clouds of a
blackened sky. A vulture of pride, she would not be refused, and so the
stratosphere divulged unto her eldritch secrets of its tumultuous past.","ガルカーンは黒い空のうねる雲々の中に狂気と知識を求めた。傲慢なハゲタカである
彼女は拒絶を許さず、成層圏はその波乱の過去の超常的な秘密を
彼女に明かした。"
"""Blow it all down! The emperor must have his gems, no matter the cost!""",「全て吹き倒してしまえ！皇帝は宝石を得なければならぬ、何と引き換えにしても！」
"Nobility once thought to capture the Basilisks and keep them as exotic pets.
This only served to fatten the vileness of their hearts, and with a hateful
acid that festered inside, the creatures became soured to their very bones.","かつて貴族達はバジリスクを捕まえて珍しいペットとして買おうと考えた。
これは彼らの心の邪悪さを肥やすことにしかならず、内で育った
憎悪の酸により、その生き物たちは骨の髄まで不愉快になっていった。"
"The King looked upon images swirling atop the ancient stone dial.
""You look peaceful"" he told his bride-to-be, ""So peaceful, asleep in our wedding bed.""
But in phantasm, she did not slumber, and what he saw was not a place for dreams,
rather, a wooden box... about to be closed and lowered into earthy depths.
 - Maraketh Legend","王は古代の石の文字盤の上に渦巻く映像を眺めた。
「安らかに見える」彼は未来の花嫁に言った。「我らのウェディングベッドで、とても安らかに眠っている」
しかし幻想の中で、彼女は眠ってはおらず、彼が見たのは夢を見る場所ではなかった。
それは木製の箱だった...閉じられ、地中深くに埋められる所の。
ーマラケスの伝説"
"""One should not entice the storm; one cannot invite the storm, or give warrant
to its tyrant-soul. We survive only by appeasing the storm, with gifts and
offerings of adoration. We hope that, in its mercy, it shall pass us by.""
- Tempestology of the Maraketh, Repudion IV","「嵐を誘惑してはならない。嵐を招くことや、その暴君の心の動きを保証することはできない。
我らが生き残る唯一の手段は崇拝の贈り物や捧げものにより嵐を鎮めることだけだ。
その慈悲を持って、我らを通り過ぎてくれることを期待するのだ」
ーマラケスの嵐学、レピュディオンIV"
"Famous for her many lovers, those that did not
come willing to Atziri, came by liquid persuasion.","愛人の多いことで有名なアッツィリの所へ自らの意志で
やってこなかった者たちは、液体による説得でやってきた。"
"""T'gnagn iia y r'ngusla ph'tu Tsoatha nga mekghul'an.""
 - Indecipherable verse","「トグナグン イイア イ ルングスラ フトゥ ツォアタ ンガ メクグルアン」
ー解読不能な詩"
"""Worry not for the heathens. They are devoid of soul.
Made vessels of wrath, they are damned by holy design.""
- High Templar Avarius","「異教徒のことを心配なさるな。彼らは魂が欠如している。
憤怒の器として作られた彼らは神の意向によって地獄行きが決まっている」
ーハイテンプラー、アヴァリウス"
"In the end, time comes for all of us.
For some, it comes much sooner.","最後には時は我らに等しくやってくる。
それがずっと早い者がいるだけだ。"
"""Would you leave an orchard of apples to rot unharvested?
A cemetery is no different.""
-Kadavrus, Surgeon to the Umbra","「りんごの果樹園を収穫せずに腐らせてしまうか？
墓地だって同じだ」
ーアンブラの外科医カダヴラス"
"Like lightning, the Ezomyte cavalry need never strike twice.",雷同様、エゾマイトの騎士団は二度打つ必要がない。
"The monstrous men of yore used bows too,
theirs were just bigger.","古の亜人達も弓を使っていた。
我らのものよりも大きかっただけだ。"
"Countless men proclaimed themselves the masters of death,
and each one succumbed to it.","何人もの男が自身が死の支配者であると宣言したが、
その全てがそれに屈した。"
"""Creation is the act of making the intangible tangible.
To work backwards, to make the tangible intangible,
is to step into the mind of a god.""
- Doryani, Queen's Thaumaturgist","「創造とは触れられぬものを触れられるようにすることだ。
その逆、触れられるものを触れられぬようにすることは
神の心に踏み込むということだ」
ー女王の筆頭魔術師ドリヤニ"
"<<HBGAa>><<HBG01>><<HBGAc>><<HBG01>><<HBGAo>>
<<HBGAa>><<HBG01>><<HBGAe>><<HBG00>><<HBGAl>>
<<HBGAa>><<HBG01>><<HBGAf>><<HBG02>><<HBGAm>><<HBG03>><<HBGAc>><<HBG01>><<HBGAo>>","<<HBGAh>><<HBG01>><<HBGAe>><<HBG00>><<HBGAp>>
<<HBGAa>><<HBG02>><<HBGAq>><<HBGAr>><<HBG03>><<HBGAl>>
<<HBGAa>><<HBG01>><<HBGAs>><<HBG00>><<HBG04>><<HBGAt>>"
"<<HBGAa>><<HBG02>><<HBGAq>><<HBG03>><<HBGAl>>
<<HBGAa>><<HBG01>><<HBGAn>><<HBG02>><<HBGAu>><<HBG00>><<HBGAv>>
<<HBGAa>><<HBG01>><<HBGAl>><<HBG02>><<HBG04>><<HBGAt>>
<<HBGAa>><<HBG01>><<HBGAn>><<HBG00>><<HBGAv>><<HBG02>><<HBGAu>><<HBG03>><<HBGAa>><<HBG01>><<HBGAf>><<HBG01>><<HBGAn>>","<<HBGAh>><<HBG01>><<HBGAe>><<HBG00>><<HBGAi>>
<<HBGAa>><<HBG02>><<HBGAj>><<HBGAk>>
<<HBGAa>><<HBG01>><<HBGAf>><<HBG02>><<HBGAl>><<HBG03>><<HBGAa>>
<<HBGAa>><<HBG01>><<HBGAf>><<HBG02>><<HBGAm>><<HBG03>><<HBGAa>><<HBG01>><<HBGAn>>"
"Though his mind decayed with each passing wave,
the Brine King stood steadfast in his hatred,
and wore it like a shell, protecting himself
from his failure to sire a worthy heir.","波が通る度に精神は腐敗していったが、
海水の王は己の憎悪の中で怯まずに、
それを甲羅のようにまとい、相応しい後継者
を産めなかった自身から身を守っていた。"
"The fish-wives of Tsoatha rejoiced loudly as
the Brine King descended into the great abyss,
making merry while his blasphemous offspring
slithered 'neath the icy waters...","海水の王が巨大な深淵へと沈んでいき
ツォアタの魚売り女達は大声で喜んだ。
彼女達が陽気に騒ぐ中、彼の冒涜的な落し子は
凍える水の中を這いずり回っていた..."
"Slumbering in the breach between worlds,
the Brine King dreamt of a day he would rise,
in triumph from the shivering depths and take
back the Kingdom he once so ruthlessly culled.","世界の間で眠りながら
海水の王は浮上する日を夢見ていた。
凍える深淵に勝利し、かつて彼が
無慈悲に摘み取った王国を取り戻す日を。"
"There is a story held by the ancient Vaal, in which the
beautiful seductress Arakaali strode through towns, stealing
the hearts of men, and turning to ash their lovers' desires.
- ""Legends of the Vaal"" by Eramir, Scholar at Theopolis","古代ヴァールの物語では、美しき誘惑者アラカーリが
いくつもの町を歩き男達の心を盗んで行き、彼らの恋人の
願いを灰にしたそうだ
ー「ヴァールの伝説」、テオポリスの学者エラミール"
"When the cold was at its strongest, Arakaali came,
and like a farmer leading cattle to the slaughter,
she drove her victims into the outer darkness.
- ""Legends of the Vaal"" by Eramir, Scholar at Theopolis","寒さが最も厳しい時、アラカーリはやってきて
家畜を屠殺場へと連れて行く農夫のように、
犠牲者を外の暗闇へと追いやった
ー「ヴァールの伝説」、テオポリスの学者エラミール"
"Records of Arakaali's violent reign suggest she kept her citizens
sedated with 'juices of lust' and venoms of the spider. Perhaps her
guise of seductress was in fact her way of farming those 'juices'.
- ""Legends of the Vaal"" by Eramir, Scholar at Theopolis","アラカーリの暴力的な支配の記録は彼女が市民を「情欲の液」と蜘蛛の毒で鎮静
していたことを示唆している。彼女の誘惑者としての側面はその「液」とやらを
収穫する手段だったのかもしれない。
ー「ヴァールの伝説」、テオポリスの学者エラミール"
"The mud is cracked and dry. The fields now burn beneath the blistering sun.
Even our children are dying in the streets! We've angered Solaris and so
we pay tribute to appease her fiery heart...","土は乾燥しひび割れている。畑は灼熱の太陽の下で燃えている。
子どもたちも町中で死んでいる！我らはソラリスの怒りを買い、
彼女の燃える心を鎮めるために貢物を収めているのだ..."
"When Solaris is angered, there must always be sacrifice. Our women
have taken to mourning, they drag themselves through ash and glass,
not wanting to give up our youth to the all-consuming flame.","ソラリスが怒れる時、必ず犠牲を払わねばならない。女性たちは
我らの若さを全てを飲み込む炎に捧げたくないため、灰とガラス
の中で身を引きずり喪に服している。"
"To take from the sun is to invite her wrath, and we've more than warranted her curse.
The granaries were vacant, so we lessened our tribute to the sun thinking it would
save our children, but they will die now regardless.","太陽から奪うことは彼女の怒りを買うことで、我らは彼女に呪われて然るべき以上のことをした。
穀倉が空だったため、我らは子供達のためを思って太陽への貢物を減らしたが、
これではいずれにしろ子供達は死んでしまう。"
"Once beneath a moonlit sky, Lunaris bathed her child in the ocean's tide.
Though the waters were frigid with icy death, the boy was sick and
couldn't be healthy until he was silent, clean and still...","かつて月に照らされた空の下で、ルナリスは我が子に海水浴をさせた。
水は冷たい死で凍るようだったが、少年は病気で
静かで清潔になりじっとするまで健康になることができなかった。"
"And so it was, that Lunaris, in her compulsion to nurture and protect,
killed her son beneath the light of a waning moon. She stood silent, in
trial before her tribe, as her fiery sister fought in vain to defend her...","このようにしてルナリスは育み守る衝動から欠けゆく月明かりの下で我が子を
殺してしまった。部族の裁判を受けながら、彼女の燃えるような姉が彼女を
守るため虚しく戦う中、彼女は静かに立ち尽くした。"
"But Lunaris refused to admit any wrongdoing. She'd saved her child, had she not?
He was safe now, buried beneath the dirt. Conviction gnarled around her fragile mind,
and in her pride she rose to seat a deathless throne.","しかしルナリスは間違ったことをしたと認めなかった。彼女は我が子を救ったではないか？
彼は今、土の下に埋まって安全だった。彼女の脆弱な心の周囲に信念が巻き付き、
彼女はその誇りから不死の玉座に座ることを選んだ。"
"When the demon Goat plays his flute,
And cloven hooves clip-clop your path,
Pray the gods will hold you mute,
And bless the fire on your hearth.","悪魔の山羊が笛を吹き、
裂けた蹄があなたの道を踏み鳴らす時、
あなたが音を立てぬよう
暖炉の火を祝福するよう神に祈りましょう。"
"The earth shakes, moon eclipses black.
Graveyards quake, crops turn to ash,
as the grieving mother weeps.
Oceans boil and wind ravages home.
We feel famine inside our bones,
as the grieving mother, Gruthkul weeps.","地面は揺れ、月は黒く覆われる。
嘆く母が泣く中で、
墓地は震え、作物は灰となる。
海は沸騰し風は家を破壊する。
嘆く母グラスクルが泣く中で、
我らは骨の髄まで飢えを感じる。"
"In nature, there are many feelings exclusive only to man. But terror is not one.
Terror flourishes in our world, transcending all things. It is the bedrock on
which our great cosmos is formed. I am Yugul and I deign to understand this
mystery, to explore its depths and unlock its secrets...","自然には、人に固有の感情がいくつもある。しかし恐怖は違う。
恐怖は全てのものを超越し、この世で栄えている。それは我らの大いなる宇宙が
創造されている岩盤だ。我が名はユグル、我はこの神秘を理解し、
その深淵を探索し、その秘密を明らかにする者..."
"""So it's true."" Shakari thought, as she took her final breath.
""My father, Sin, wishes me dead. And he has sent his rabid dog to do it...""","「真実だったか」とシャカリは息を引き取りながら思った。
「我が父、シンは私に死んでほしいのだ。そしてそのために彼の狂犬を送り込んできた...」"
"Tukohama stood in the door, blocking the sunlight
from Hikatomanga and his family. The Father of War's
retribution was inevitable, for it is known - man
cannot cheat the gods without consequence...","「トゥコハマは戸口に立ち、ヒカトマンガと彼の家族から
陽光を遮った。戦の父の報復は避けられぬ物だった。
それは知られていることだった...人は報いを受けずに
神々を騙すことはできない...」"
"""Lock the gates and build the walls!"" came the rallying cry,
""Let those of Ralakesh take care of those of Ralakesh!""
- The God Behind The Wall","「門を閉じて壁を立てろ！」と掛け声がかかった。
「ララケシュの者はララケシュの者に対処させろ！」
ー壁の向こう側の神"
"Garukhan wished once more for the skies. If she were to die,
she wanted it to be up there in the clouds. This world had never
been her home. She required greater things. She required adventure.
But die she would, here in the dirt...","ガルカーンは再び空を望んだ。もし彼女が死ぬのなら、
それは雲の上がよかった。この世が彼女の故郷だったことはない。
彼女はもっと大きなことを求めた。彼女は冒険を求めた。
しかし彼女は死ぬので、ここで土にまみれて..."
"Ryslatha was flushed with pride as she watched her mindless spawn
mature. Sharpening their mandibles, her children slithered from the hive,
eager to devour all the creatures that frequented the ancient woods.","リスラーサは精神のない彼女の落し子が成長するのを見ながら誇りで
興奮していた。顎を研ぎながら、古代の森に立ち寄った全ての生き物を
喰らうため、彼女の子は巣から這い出した。"
"In the shadow of war,
all are eclipsed.","戦の影に、
全ては覆われる。"
We are ever the makers of our own undoing.,我らはいつだって自らの破滅を作っている。
Man creates where nature cannot.,人は自然が作れぬ所に作る。
"""Whatever these maps are, it is clear they are dangerous. Send in only
test subjects, no guards or researchers.""
- Administrator Qotra","「これらの地図が何であろうと、危険なのは明らかです。被検体だけを
送り込みなさい。衛兵や研究者は駄目です」
ー管理者クォトラ"
"For the immortal, what is the difference
between an age and an instant?","不死者にとって、
時代と瞬間に違いはあるのか？"
Be careful where you put your finger.,指を置く場所に注意。
"In every piece of prose, lies a tiny spark of magic.",全ての散文の作品には、小さな魔法の火花が眠っている。
"In the years that followed the twisted sky,
cold winds cloaked Wraeclast in snow.
The pure-white blanket masked a black heart
that lay dormant deep beneath the earth.","捻れた空の後の月日で
冷たい風がレイクラストを雪で包んだ。
純白の毛布は地中深くに眠る
黒い心臓を覆い隠した。"
"The skilled know how to learn.
The talented know who to learn from.","能ある者は学び方を知っている。
才ある者は誰から学べば良いかを知っている。"
"""Twelve test subjects were expended in the production of Prototype #800.
Was it worth the expense? Only time will tell.""","「プロトタイプ800号の生産で十二人の被検体が消費された。
その価値はあったか？時が経てばわかる」"
"""Every day we choose safety or knowledge.
Live and stagnate, or risk death for truth.
I would rather see the end of the Vaal
than help it tread water.""
- Doryani, Queen's Thaumaturgist","「我らは毎日安全か知識を選択する。
生きて停滞するか、真実のために死の危険を冒すか。
私はヴァールが足踏みすることを手助けするくらいなら
滅びる所を見るほうが良い」
ー女王の筆頭魔術師ドリヤニ"
"""What cruelty it is, that to be judged a success,
such great work must go uncredited.""
- Coralito, Brotherhood of Silence","「なんと残酷なことだろう、成功とされるには
このような素晴らしい作品に名を残せないとは」
ー沈黙の一党のコラリート"
"Your memories are a bridge to the past.
Let no one cross.","其方の思い出は過去への橋だ。
誰にも渡らせるな。"
One's burden is another's gift.,ある者の重荷は他の者には宝だ。
Dance like dust on the desert wind.,砂漠の風に舞う砂のように踊れ。
"The Maraketh fear very little,
but they dare not whisper the name
of the demon that flies on Winter's gales.","マラケスが恐れるものは少ないが
冬の風に乗って飛ぶ悪魔の名を
彼らは恐ろしくて囁かない。"
"Through droughts, fires, floods and frost,
the ancient giants stand resolute,
while deep in the rich, dark earth,
their grasp stretches ever farther.","間伐、火事、洪水、そして極寒に耐え
古代の巨人達は毅然と立ち続ける。
その間豊かで暗い地面の下では
彼らの支配域は広がり続ける。"
Let the unrepentant be dragged ever downwards by the weight of their sins.,悔いぬ者が罪の重さで絶えず押しひしがれますように。
Enough mice can kill a wolf.,十分な数の鼠は狼をも殺せる。
Hurt as you would be hurt.,自分が傷つきたいように傷つけよ。
Even the dead serve the Lightless.,死者さえもが光なき者に仕えている。
"""Ever watched a man crush another man's skull?
Hard to feel hope after that.""","「人がもう一人の頭蓋骨を潰すのを見たことがあるか？
あれを見たあとで希望を感じるのは難しいよ」"
"Hold in your hand the darkness
and never will the light blind you.","手に暗闇を抱きなさい
そうすれば光に目が眩むこともないでしょう。"
"The eyes of the living hold a glimmer of hope.
Don't waste it.","生者の目は希望の輝きを持っている。
それを無駄にするな。"
Look to the darkness for nourishment and you will never go hungry.,闇に栄養を求めれば決して飢えることはないだろう。
"""Eyes of black, three by three, staring ever darker into me...""
- Researcher Arn","「漆黒の目、三掛ける三、更に暗く私を覗き込む...」
ー研究者アーン"
"Land and sea did not dissuade,
nor did the Kelpie's maw;
the wild beast crossed half the world
to sate his hungry claw.","陸と海も、ケルピーの口も
思いとどまらせることはなかった。
獣は爪の空腹を満たすための
世界半周の旅をした。"
"Candles with the brightest light
Bring life to death and day to night.
But lovely as the glow may seem,
Their light is fleeting, as a dream...","眩しい光の蝋燭が
死に生を、夜に昼をもたらす。
だがその輝きが美しくとも
その光は儚いもの、夢のように..."
"As she was sentenced to death, Doedre was silent.
As she was tied to the stake, Doedre was silent.
As the flames licked away her life, Doedre was silent.
But Wraeclast had not heard the last of her.","死刑を言い渡されても、ドードゥリは沈黙を守った。
体を縛り付けられてても、ドードゥリは沈黙を守った。
炎が彼女の命を燃やしていく中、ドードゥリは沈黙を守った。
だがレイクラストにとって、これが彼女の聞納めではなかった。"
"""The Council have a great many secrets.
Some are better kept that way, Cospri.""
- Mauritius, the Iron Heart","「議会には多くの秘密がある。そのままにしておいたほうが
良いものもあるのだよ、コスプリ」
ー鉄心のモーリシウス"
"Though its body was locked in stone,
its essence wandered the infinite,
learning, and preparing.","肉体は岩の中に封じられていたが、
その霊体は無限を彷徨い、
学び、準備を進めていた。"
"There is no darker void than the hollow
ache of love disremembered...","愛を忘れる痛みの虚しさほど
暗く空虚なものはない。"
"With the patience of a prowling lion,
the Shade watched the Scholar.","獲物を探す獅子の忍耐で、
影は学者を見張った。"
"One by one, they stood their ground against a creature
they had no hope of understanding, let alone defeating,
and one by one, they became a part of it.","一人ずつ、彼らは理解することも、
ましてや倒すことも期待できぬ生き物の前に立ちふさがり、
そして一人ずつ、彼らはそれの一部となった。"
"Reaching nature's limits,
many sought power in the unnatural.","自然の限界に達し、
多くの者達は超常に力を求めた。"
"They hoped that, trapped in its prison,
the creature would age and perish.
But time would not touch the fiend.","牢獄に囚われた生き物は年老いて滅びると
彼らは期待したが、
時がその悪魔に触れることはなかった。"
"Their last thoughts were not of their friends,
or their families, or their homes.
Their last thoughts were untethered from reality,
and bathed in fear and ferocity.","彼らの最後の思考は友人のことでも、
家族のことでも、故郷のことでもなかった。
彼らの最後の思考は現実から解き放たれ、
恐怖と凶暴性を浴びていた。"
"All at once, a calmness would encompass them,
and all at once, it would be torn away,
unveiling forms no sound mind could grasp.","一瞬で、静寂が彼らを包み込み、
一瞬で、それは引き剥がされ、
正常な精神には理解し得ない姿を顕にした。"
"Men always fell for her honeyed eyes,
and broke when they hit the ground.","男はいつも彼女の甘い目に落とされ、
地面にぶつかり砕け散った。"
"Lunaris crossed silently, shining and full,
Softly night left her, alone and forlorn.
Solaris rose to meet her, feeling her pull.
'Neath the midday sun, the night was reborn.","ルナリスは静かに渡った、光り輝く満月で。
夜はそっと彼女を残していった、独り寂しく。
ソラリスが彼女に会いに登った、彼女の引力を感じて。
正午の太陽の下で、夜は再誕する。"
"When the world spins out of control,
the safest place to be is in the centre.","世界が制御できぬ回転を始めた時、
最も安全な場所は中心だ。"
"Through countless seasons they stand, stoic,
Each season leaving its mark;
a memory written in fibrous flesh.","無数の季節を超えて、彼らは平然と立ち続ける。
それぞれの季節は跡を残していく
繊維質の肉体に書かれた記憶。"
"By wind and wing they are carried,
Their fates not theirs to control,
Yet the fates of others dragged in their wake.","風と翼に運ばれて
自らの運命を変えられず
しかし他者の運命をその軌跡に巻き込んでいく。"
"Lava bled from the earth and,
after a time, cooled and hardened.
The world protecting its beating heart
with a thick, black scab.","大地から溶岩の血が流れ、
しばらくの後に冷えて固まった。
世界はその脈動する心臓を
分厚い、黒いかさぶたで守るのだ。"
Darkness never stops feeding.,暗闇は喰らうことをやめない。
"""Your name is Demon Slayer? Really? Good name for rotgut, that.""
She said: I prefer ""The Goddess Of Swords"". Much more dignified. And accurate.
""Demon Slayer The Cheap And Nasty it is then. Burns going down, burns coming up?""
She said: Every single time, Charan. And still...you'll bathe me, and you'll drink my love. Until you can't.","「お前の名前はデーモンスレイヤーだと？本当か？安酒にしては良い名前だな」
彼女は言った：私は「剣の女神」がいいわ。ずっと品位がある。それに正確だし。
「では安くてまずいデーモンスレイヤーだ。降りていく時も上ってくる時も焼けるようだ」
彼女は言った：いつも通りね、チャラン。そしてそれでも、あなたは私に血を浴びせ、私の愛を飲むわ。飲めなくなるまで。"
"""...A golden machine was found broken in the ruins of Wraeclast.
Believing it to contain some dark infernal secret,
High Templar Venarius asked that I restore it
and weaponize whatever powers it might contain...""","「黄金の装置がレイクラストの遺跡で壊れた状態で発見された。
そこに暗い邪悪な秘密があると考え、
ハイテンプラーのヴェナリウスは私にそれを復元し、
そこに含まれる力を兵器化するよう依頼した...」"
"""...Though the device seemed to be mostly functioning,
something important appeared to be missing...
...I worked tirelessly in search of answers, until finally,
at the base of that cruel device, I fell into a deep, deep sleep...""","「...その装置は大体の所は機能しているようだったが、
何か重要な部分が足りていないようだった...
...私は答えを求めて休みなく働いたが、ついに、
あの残酷な装置の足元で、私は深い、深い眠りに落ちた...」"
"""...I awoke in the most beautiful of places, and as I wandered this strange new land,
I felt a growing sense of realization that I was not alone.
A Shade, a whisper of embodied smoke, spoke to me through thoughts and pictures.
I found myself enthusiastically volunteering information in detail of Oriath...""","「...私は見たこともないほど美しい場所で目覚め、私がその奇妙な新たな地を彷徨っていると、
私は一人ではないという感覚が強まってくることに気づいた。
影が、形の与えられた煙の囁きが、思考や映像を通して私に語りかけてきた。
私は喜んでオリアスの詳細な情報を提供していた...」"
"""...The Shade knew of the device - a doorway between my world
and the dreamlands. It offered to help me rebuild the missing part,
to create a conduit between this beautiful land and Oriath.
All that the Shade asked of me was to return the favour...""","「...影は装置のことを知っていたー私の世界と夢の世界を繋ぐ扉だと。
影は私が足りない部分を再構築するのを、この美しい世界とオリアスを
繋ぐ導管を作ることを手伝ってくれると言った。影が私に求めたのは
その恩に報いることだけだった...」"
"""...Every night, I found myself asleep at the foot of the strange device,
awoken to the reality of another world within my own.
The Shade taught me how to shape and build things from my imagination,
how to transport such phantasmagorical treasures back into the world of man...""","「...毎晩、私はあの奇妙な装置の足元で眠り、
私の世界の内の別世界の現実で目覚めていた。
影は私に空想から物を形成し構築する方法を教えてくれた
そのような超常的な宝を人の世界へと持ち替える方法を...」"
"""...The missing part of the great device had finally been formed.
The Shade requested its one favour. I was shown images of the past,
the Shade as King of the dreamlands, the hateful Watchers of Decay...
It led me deep into a cave, to a statue pierced by a sword...""","「...巨大な装置の足りない部品がとうとう完成した。
影は貸しを返すよう頼んできた。私は過去の映像を見せられた。
夢の世界の王だった影、憎らしい腐敗の見張り番達...
それは私を洞窟の中深くへと導いた。剣に貫かれた像の所へ...」"
"""Pull the blade from my chest. Free me!"" the Shade imposed.
But doubt entered my mind, and the Shade flew into a fury!
I felt my mind torn asunder as images of murder and mutilation were forced upon me.
I fled in a panic, cursing myself for ever trusting such a strange creature so blindly...""","「『剣を我が胸から抜いてくれ！我を自由にしてくれ！』」影は頼んできた。
しかし私の心に疑念が入り込み、影は怒り狂った！
殺しと損壊の念が私に押し付けっれ、私の精神が引き裂かれるのを感じた。
私は焦って逃げ出した。あのような不気味な生き物を盲目に信用してしまった自分を呪いながら...」"
"""...Months have now passed since the Shade revealed its true nature.
Each morning, I lock myself inside my study, searching for some knowledge
that might save us. I have found at last, some information on the Watchers of Decay.
The truth is so unutterable that I hesitate, even now, to write it down...""","「...影が本性を表してから何ヶ月も経った。
毎朝、私は書斎に閉じこもり、我らを救ってくれる知識を探した。
ついに、腐敗の見張り番達の情報を少し発見した。
その名状しがたき真実は今でさえ書き留めることを躊躇うほどだ...」"
"""...They called it the Elder. A creature of malignant madness... it cannot be killed.
The Watchers built the device to lock tight its kingdom, bringing with them the
blade - 'Starforge'. A weapon to give the Elder eternal rest. But the Shade...
I must find a way to put a stop to it before it finds a path to freedom...""","「...彼らはそれをエルダーと呼んでいた。邪悪な狂気の生き物だ...殺すことはできない。
見張り番達はその王国を固く閉ざすために装置を作った。彼らと共に刃ー『スターフォージ』
を持っていった。エルダーに永遠の眠りを与えられる武器だ。しかし影は...
あれが自由になる道を見つける前に、私があれを止める方法を見つけなければ...」"
"""...I've spent every waking hour since, trying to find a way to end this unholy Elder.
Within my secret study, I've begun work on a device of my own, tinkering and shaping.
When I'm finished, this Elder will never bother our world again.
The creature cannot be killed, but maybe... it can be exiled...""","「...以来私は目覚めている時を全て、あの邪悪なエルダーを終わらせる方法を探すことに費やした。
私の秘密の書斎の中で、私はあれこれ弄り回しながら自分の装置を作り始めた。
完成すれば、このエルダーとやらは二度と我らの世界を煩わせない。
あれは殺すことはできないが、もしかすると...追放することなら...」"
"""...Lack of progress on the device has given the High Templar cause for suspicion.
Clapped in irons, I was lead off to the Theopolis prisons for my insubordination.
I must find my way from these chains at all costs. The Elder is coming for us.
Only I can save us from this blasphemy that will soon befall Oriath...""","「装置の進捗がないことはハイテンプラーの疑いを生んでしまった。
枷をはめられ、私は反抗の罪でテオポリスの牢獄へと連れて行かれた。
何に代えてもこの鎖から逃れる方法を見つけなければ。エルダーがやってくる。
近くオリアスに訪れる冒涜から我らを救えるのは私だけなのだ...」"
"""...Venarius, that bastard... he marched me through the streets.
His men beat me within an inch of death... I... I told him everything.
He demanded that I take all of us into the dreamlands, to meet with the Elder.
Using the device, we stepped through, setting foot in the Atlas of Worlds...""","「...ヴェナリウスめ...奴は私に街路を歩かせた。
奴の部下が私を死の寸前まで殴った...私は...私は彼に全てを話した。
彼は私に皆を夢の世界へと連れて行くように、エルダーと合わせるように言った。
装置を使い、我らは向こう側へ、アトラス・オブ・ワールドへと踏み込んだ...」"
"""...It wasn't long before we were met by the Shade itself.
The very essence of the Elder, demanding of me in visions to
tell it why I had returned. But before I could answer,
Venarius stepped forward and greeted the phantom...""","「...影そのものに出会うまで長くはかからなかった。
エルダーの本質は映像を通し何故私が戻ったのかを
説明するように要求した。しかし私が答えられる前に、
ヴェナリウスが前へ踏み出しその霊に声をかけた...」"
"""...Before we knew it, we stood at the base of that blasphemous effigy.
""Pull the sword from my chest."" The Elder imposed, and Venarius didn't hesitate.
The earth shook in the face of the Elder's reunion with its body. The true scope of the
Elder befell the High Templar and his men, and as it began to feed, I began to run...""","「...気づいた時には、我々はあの冒涜的な像の前に立っていた。
『剣を我が胸から抜け』とエルダーは頼み、ヴェナリウスは躊躇わなかった。
エルダーの肉体との再開に大地は揺れた。エルダーの肉体の真なる規模が
ハイテンプラーと彼の部下達に降りかかり、それが喰らい始めたと同時に、私は逃げ始めた...」"
"""...I fear this to be the end. Not just the end for me, but the end of all things.
The Elder has been freed. Soon it will feast on me... on the rest of the world.
It was too late for me. The Elder had to be stopped. I knew of the shaping powers.
Only I could have a hope at defeating the Elder...""","「これが終焉ではないかと恐れている。私にとってだけではなく、万物にとっての終焉だ。
エルダーは自由になった。すぐにあれは私を喰らい...残りの世界を喰らう。
私にとっては手遅れだった。エルダーは止めなければならなかった。私は形成する力を知っていた。
エルダーを倒すことができるのは私だけだった...」"
"I spent my life shining a light on truth...
but some things should remain in darkness,
locked away for all eternity.","私は真実を照らすことに生涯を費やした...
だが闇の中に残すべきものもある。
永遠に封印されて。"
Be not stirred by the Void.,虚無に心を動かすな。
Let madness take control.,狂気に支配させよ。
"Where the body's limits begin,
the mind's limits end.","肉体の限界が始まる場所で、
精神の限界は終わる。"
"Blurred is the boundary
between creator and destroyer.","創造者と破壊者の
境界は滲んでいる。"
"A weapon born of nothingness,
can only create more nothingness.","虚無から作られし武器は
更なる虚無しか作り出せぬ。"
Even emptiness may be harnessed.,空虚でさえ制御することができる。
"The First of the Deep was the First of All.
It was He who conquered the waves,
who stood guard as land rose from sea.","深海の始祖は全ての始祖だった。
大地が海から上った時、
それを阻む波を攻略したのは彼だった。"
"When the rains come, we cower beneath shelter.
The First of the Deep teaches us
that we should seek no shelter but ourselves.","雨が来る時、我々は屋根の下で身をかがめる。
深海の始祖は我らが求めるべき屋根は
我々自身以外にないということを教えてくれる。"
"The stone that stays in the waves soon crumbles to sand.
The First of the Deep teaches us to watch the tides
and choose our moments to move wisely.","波の中に居続ける岩はすぐに砂と化す。
深海の始祖は我々に潮の満ち引きを見て
動く瞬間を賢明に選ぶことを教えてくれる。"
"When the land rose above the sea, The First of the Deep did not move.
When the sky turned to fire, The First of the Deep did not perish.
We must remember our place, and play to our strengths.","陸が海から上った時、深海の始祖は動かなかった。
空が炎と化した時、深海の始祖は滅びなかった。
我らは自分の居場所を忘れず、強みを活かさねばならない。"
"A general may carry his men to greatness,
or be dragged beneath the mire by their burden.","将軍は兵士たちを栄光へと運ぶこともあれば、
その重荷で沼へと引きずり込まれることもある。"
"The First of the Plains was the First of the Hunt
It was she who showed us that there is honour
in waiting in the shadows and picking your moment.","平原の始祖は狩りの始祖だった。
影の中に潜み、好機を待つことに
名誉があることを我らに示したのは彼女だった。"
"""Attempt #120: the prototype has finally achieved power similar to the original
without breaking all the bones of the test subject. A rousing success.""","「試みその120：このプロトタイプはついに被検体の骨を全て折らずにオリジナルに近い
力に至った。素晴らしい成功だ」"
"It is a fool who strikes the turtle's shell.
The First of the Plains teaches us to exploit weaknesses,
and where no weakness can be found, to create one.","「亀の甲羅を殴る者は愚か者だ。
平原の始祖は我らに弱点をつくこと、
そして弱点が見つからない時は弱点を作ることを教えてくれる」"
"A hungry beast wastes no energy.
Every strike, no matter how small, must work towards victory.
The First of the Plains teaches us
that the largest prey can still be whittled away.","空腹の獣は力を無駄にしない。
全ての攻撃は、どれだけ小さいものでも、勝利へ向かうものでなければならない。
平原の始祖は最も大きな獲物でさえ
削り切ることができることを教えてくれる。"
"A secret is a weapon your enemies do not have.
When the First of the Plains hunted, she moved in silence and acted quickly.
To do otherwise is to arm your foes.","秘密とは敵が持っていない武器だ。
平原の始祖が狩りをした時、彼女は静かに動き、素早く行動した。
そうしなければ敵に武器を与えるだけだ。"
"When the inferno spread across the land,
it was the First of the Sky who singed his feathers
as he brought the flames to a standstill.","業火が大地を広がっていった時、
己の羽を焼きながら炎を止めたのは
空の始祖だった。"
"The First of the Sky was the Last of the First.
It was he who showed us that our limits are self-imposed,
that what we take for law may just be an illusion.","空の始祖は最後の始祖だった。我らの限界は
我らが自身に課したものであり、我らが法だと思っているものは
幻想に過ぎぬかもしれないということを示したのは彼だった。"
"A bird, too heavily laden, cannot take flight.
The First of the Sky teaches us to put aside our possessions
so that we may live more freely.","重荷を積みすぎた鳥は飛ぶことはできない。
空の始祖は我らが自由に生きられるよう
財産を置いておくことを教えてくれる。"
"Though we are individual, we share the same plight.
The First of the Sky teaches us that unity and selflessness,
not division and greed, is what will carry us upwards.","我らは別々であるが、我らは同じ苦境の中にいる。
空の始祖は我らを空へと運ぶのは分裂と欲望ではなく、
統一と自己犠牲であると教えてくれる。"
"The First of the Night was the first explorer
It was she who first braved night's terrors
and found comfort in silence and solace.","夜の始祖は最初の探検家だった。
初めて夜の恐怖に立ち向かい
沈黙と安堵に安らぎを見出したのは彼女だった。"
"A hunter uses everything at their disposal.
The First of the Night did not hold back her venom.
She used it to weaken her enemies,
and used her enemies to strengthen her many children.","狩人は使えるものは全て使う。
夜の始祖は彼女の毒を隠さなかった。
彼女はそれを使い敵を弱らせ、
敵を使い彼女の多くの仔を強めた。"
"A burden shared is a burden made lighter.
The First of the Night teaches us that our burdens
are not just ours to bear, but ours to use against oppressors.","分かち合った重荷は軽くなった重荷だ。
夜の始祖は我らの重荷は我らが運ぶだけのものではなく、
圧制者に対して使うものであると教えてくれる。"
"When the fires spilled out of the mountain, The First of the Night wove a net
and was carried into the night on its hot winds.
Though we cannot live without danger, we can learn to live with it.","山から炎が零れだした時、夜の始祖は網を編み、
熱風に乗って夜へと運ばれた。
我らは危険無く生きていくことはできぬが、危険と共に生きることを学ぶことはできる。"
"Gleeful are the few
who bask in the blood of the many.","上機嫌なのは
大勢の血を浴びる少数だ。"
"When it comes to finding a use for surplus,
a rich man has within himself
boundless creativity.","余りの使い道を見つけることに関しては、
裕福な男は彼の中に
無限の創造性を持つ。"
"""Better... stronger... more vital... and then... failure. Always, failure.
What key fundamental secret are we missing?""","「より良く、より強く、より元気に...そして...失敗だ。いつも、失敗だ。
どんな根本的な秘密を我々は見逃しているのだ？」"
"When your skin sloughs, and your blood cooks,
you'll wish the lightning strike had killed you.","肌が壊死し血が焼けた時、
雷撃で死んでいればよかったと思うだろう。"
"What started as a desire to feed
became a desire to learn...","最初は喰らいたいという欲求だったものは
知りたいという欲求に変わっていった..."
"Great works take time.

<default>{This item can be transformed on the Altar of Sacrifice along with Vial of Dominance}","いい仕事には時間がかかる。

<default>{このアイテムは支配の小瓶と共に生贄の祭壇で変化させることができる。}"
A plan without a deadline stays a plan.,締め切りのない計画はいつまでも計画のままだ。
"Our flesh is our most sacred gift.
Taint it not with the occult.

<default>{This item can be transformed on the Altar of Sacrifice along with Vial of Summoning}","肉体は我らの最も神聖な宝だ。
超常でそれを汚すな。

<default>{このアイテムは召喚の小瓶と共に生贄の祭壇で変化させることができる。}"
"From the flesh of the gods, Xibaqua was born.
From the carnage of Xibaqua, we were born.
It is our duty to return to the gods what was once theirs.","神々の肉体から、シバクアは生まれた。
シバクアの虐殺から、我らは生まれた。
かつては神々のものだったものを彼らの返すのは我らの義務だ。"
"The heart grows slow,
the spirit grows strong.

<default>{This item can be transformed on the Altar of Sacrifice along with Vial of Awakening}","心臓は遅くなり、
魂は強くなる。

<default>{このアイテムは覚醒の小瓶と共に生贄の祭壇で変化させることができる。}"
"Give him your body, and your burdens will follow.",彼に其方の肉体を捧げれば、其方の重荷もそれに続くだろう。
"Destined for sacrifice,
they were dressed in garments
that blurred the lines between this world
and the next.","生贄に捧げられる運命の彼らは
この世と次の世の境界をぼかす
衣服を着せられていた。"
"The seed of life, saved and savoured.

<default>{This item can be transformed on the Altar of Sacrifice along with Vial of Sacrifice}","取り置かれ味わわれた生命の種。

<default>{このアイテムは生贄の小瓶と共に生贄の祭壇で変化させることができる。}"
"We are incapable of change without sacrifice, for we are both the iron and the forge.",我らに犠牲無き変化は不可能だ。我らは鉄であり、炉であるのだから。
"We are born raw and untested, and we are shaped by life.

<default>{This item can be transformed on the Altar of Sacrifice along with Vial of Transcendence}","我らは未加工で試されずに生まれ、生により形作られる。

<default>{このアイテムは超越の小瓶と共に生贄の祭壇で変化させることができる。}"
"Though the body rots, the spirit lives on.

<default>{This item can be transformed on the Altar of Sacrifice along with Vial of Transcendence}","肉体は腐れども、魂は生き続ける。

<default>{このアイテムは超越の小瓶と共に生贄の祭壇で変化させることができる。}"
"Any thought, no matter how fleeting, changes the thinker.

<default>{This item can be transformed on the Altar of Sacrifice along with Vial of Transcendence}","思考は、どれだけ短命のものでも、思考者を変質させる。

<default>{このアイテムは超越の小瓶と共に生贄の祭壇で変化させることができる。}"
"We are as much shaped by what we do
as what is done to us.","我らは我らにされたことと同じくらい
我らがしたことにより形成される。"
"Take comfort knowing that, even in death,
we may serve our Queen and fuel her empire.","知れ、そして安心せよ。我らは死しても女王に仕え、
彼女の帝国を動かせるということを。"
"A keen mind sees what others do not,
makes connections where others do not,
and is dangerous in a way that others are not.","我らは死しても女王に仕え、彼女の帝国を
動かせることを知れ、そして安心せよ。"
"Freedom is for the privileged, even in death.

<default>{This item can be transformed on the Altar of Sacrifice along with Vial of the Ghost}","自由は特権だ。死んだ後でさえも。

<default>{このアイテムは幽霊の小瓶と共に生贄の祭壇で変化させることができる。}"
"""What care have I for their pain? They're already dead.""
- Atalui, Vaal Priestess","「彼らの苦痛なんてどうでもいいではないですか。もう死んでいるのでしょう」
ーヴァールの女神官アタルイ"
"For the Vaal, the relationship between slave and master
was as intimate and volatile as that of lovers.","ヴァールにとって、奴隷と主の関係は
愛人のそれと同じくらい親しく危険なものだった。"
"Facing their death,
the mind of a sacrifice
retreats into instinct and madness.

<default>{This item can be transformed on the Altar of Sacrifice along with Vial of the Ritual}","死に直面し
生贄の精神は
本能と狂気へと退行して行く。

<default>{このアイテムは儀式の小瓶と共に生贄の祭壇で変化させることができる。}"
"Facing their death,
the mind of a sacrifice
retreats into instinct and madness.","死に直面し
生贄の精神は
本能と狂気へと退行して行く。"
"Only a fool seeks meaning
in a life so fleeting.","儚き生に意味を求めるのは
愚者だけだ。"
"As a gift or as punishment,
the Empire will have your blood.

<default>{This item can be transformed on the Altar of Sacrifice along with Vial of Consequence}","捧げものとして、あるいは罰として、
帝国はお前の血を手に入れる。

<default>{このアイテムは結果の小瓶と共に生贄の祭壇で変化させることができる。}"
"Death is your most important duty.
Face it, or curse your bloodline for all eternity.","死は最も重要な義務だ。
受け入れるか、永劫に己の血筋を呪うかだ。"
"Through war we found peace. Through death we found advancement.
Our ancestors did not know where their actions would take them.
Are we any better?

<default>{This item can be transformed on the Altar of Sacrifice along with Vial of Fate}","戦を通し我らは平和を見つけた。死を通し我らは進歩を見つけた。
我らの先祖は己の行動がどこに繋がるかを知らなかった。
我々はましになったのか？

<default>{このアイテムは運命の小瓶と共に生贄の祭壇で変化させることができる。}"
"Doryani promises immortality, yet we build great structures,
carve magnificent works into stone, so a part of us lives onward.
A sign of faithlessness through action.","ドリヤニは不老不死を約束するが、我らは我らの一部が残されるよう
巨大な建造物を建て、石には壮大な芸術を刻む。
信用のなさを行動で示している。"
"War is a thriving infection.
It numbs the heart and eats away at the soul
until only emptiness remains.","戦は流行している感染症だ。
心を麻痺させ魂を喰らう
後には空虚だけが残るまで。"
"There the weary multitude of man-kind
shall turn in their masses into the wide fire,
where the destroying flame embraces the living,
some will go up, some down, filled with misery.","そこでくたびれた人類の群衆は
広き炎に民を捧げるだろう
破壊の炎は生者を抱擁し
一部は上へ行き、一部は悲しみに包まれ下へ行く。"
"""Lord of Bone, Lord of Flesh, yet all that we can
master turns to ash.""
- Researcher Arn","「骨の王、肉体の王、しかし我らが
修められる全ては灰と化す」
ー研究者アーン"
"""Great minds wish to reveal all the secrets of time and space.
But it does not matter. Creation, the act of Matter Metamorphosis,
is the only secret worth discovering.""
- Zeel, Vaal Tinkerer","「偉大なる頭脳は時空の全ての秘密を明かすことを願っている。
しかしそれはどうでも良い。創造、物質の変化こそが
発見するに値する唯一の秘密だ」
ーヴァールの機械師ゼール"
"An Emperor must conquer his own darkness
before he can act as a beacon of light.","皇帝は光明となる前に
己の闇を克服しなければならない。"
"Kaom watched the torches patrol the top of the Watch.
He observed the lay of the beach, its barricades and rocks,
and his men in their canoes, ready to lay their lives down for him.
But when his foot hit the sand, he thought only of the fight.","カオムは監視塔の頂上を警備する松明を見た。
彼は浜辺の様子、その防塞と岩を見た。
カヌーに乗り命を捨てる覚悟を持つ彼の部下を見た。
しかし、彼の足が砂を踏むと、彼は戦いのことだけを考えた。"
"Standing behind iron bars,
Daresso thought of his adoring fans cheering his name,
his wife's warm embrace waiting for him,
and of the celebrations that would soon be thrown in his name.
But when the arena gate lifted, he thought only of the fight.","鉄格子の向こうに立ちながら、
ダレッソは自らの名を呼ぶファンの声援を思い浮かべた。
自らを待つ妻の暖かい抱擁を思い浮かべた。
まもなく開かれる自らの名を冠した祝賀会を思い浮かべた。
だが、アリーナの門が開くと、彼は戦いのことだけを考えた。"
"Voll stood at the gates of Sarn, and a nation stood behind him.
He thought of the righteousness of his cause,
and of the glory he would bring to the empire he would soon lead.
But as Chitus and his gemlings advanced, he thought only of the fight.","ヴォールはサーンの城門に立ち、その背後には彼の国民が立っていた。
彼は自らの大義の正しさを考えた。
まもなく自らが率いるであろう帝国にもたらすはずの栄光を考えた。
だが、チタスと彼のジェムリングが前進すると、彼は戦いのことだけを考えた。"
"""No man, before or since,
has climbed to such lofty heights
or fallen so far.""
- Voll, Emperor of Purity","「後にも先にも、このような遥かなる高みに昇った人間も、
これほどまで堕落した人間もいない」
―浄化の皇帝、ヴォール"
"""I don't know how I know,
I just know that I know.""",「どうしてわかるのかわからない、ただ理解るんだ。」
"When you're on the run,
look only to yourself for survival.","逃げる時は、
生き残るために自分だけに目を向けろ。"
"Xibaqua's treachery was met with divine fury.
One by one, the gods reclaimed their flesh,
until all that remained was a droplet of pure light:
The first Vaal.","シバクアの裏切りは神の怒り受けた。
一人ずつ、神々はその肉を求め、
そして純粋な光の雫だけが残った。
最初のヴァール"
"So great was the thaumaturgy of a bloodpriest's mark,
that sacrifices soon welcomed their death.","血の司祭の印の魔術は偉大であった。
生贄はすぐに死を迎えた。"
Death is but the start of your servitude.,死は隷属の始まりに過ぎない。
We serve only the Night.,我らは夜にのみ仕える。
"There was never a simpler time.
Just simpler motivations.","今より単純な時代などなかった。
ただ、動機が単純だっただけだ。"
"The leash of the lifegiver
binds in both directions.","生命を与える者の鎖は
両方向に縛る。"
"""One coy look. One blown kiss. One word spoken.
One night I wish I'd forget.""","「色っぽい視線、投げキッス、たった一言の会話。
忘れたい一夜の記憶。」"
He was a lot luckier before he lost this.,これを失う前の彼は今よりずっと幸運だった。
"The empire is both the tree and the fruit.
It provides safe harbour as ideas grow within,
and when the time is right, the apple is picked.
The idea, and our ideals, take root.","帝国とは木であり、そこになる実である。
アイディアの芽を育む安全な港を提供し、
そして時が来れば、りんごは摘まれる。
アイディア、そして我々の理想が、根付く。"
"Sing with me one last duet,
the curtain closes nigh.
Join me in a quiet song,
Before we all must die.","最後のデュエットを歌いましょう、
幕が閉じてしまうまで。
静かな歌に加わって、
私たちすべてが死ぬ前に。"
The greatest of guardians make the greatest of sacrifices.,最も偉大な守護者は、最も偉大な犠牲を払う。
"""Feel the pain of ancient wounds.
Feel the doom of dying souls.""","「太古の傷の痛みを感じよ。
死にゆく魂の破滅を感じよ。」"
"You will know if your subjects follow you from fear
or respect when you have your first moment of weakness.
If it's the former, they will tear you into pieces like rabid dogs.","家臣の従属が恐れによるものか尊敬によるものかは、王が弱った時にわかる。
前者によるものであれば、彼らは狂犬のように王を切り裂くだろう。"
"It was not his fearlessness or ferocity, nor his tactical genius,
it was his leadership that earned Aul, the Last King, his crown.","それは彼の大胆さでも、獰猛さでも、戦術の天才であったからではない。
最後の王アウルが彼の王冠を手にしたのは、彼のリーダーシップの故である。"
"Fleeing the destruction set upon her home,
the Clayshaper sought safety in the clouds of ash above.

<default>{This item can be combined with a Meadow and Valley ring at a Vendor.}","故郷の破壊から逃れ、
クレイシェイパーは頭上の灰の雲に避難した。

<default>{このアイテムは、草地のリングおよび谷のリングとベンダーで組み合わせる事が可能です。}"
"Where once had stood a village, lay naught but splinters.
Some had once been her home.
Some had once been her creations.
Some had once been her family.

<default>{This item can be combined with a Mountain and Valley ring at a Vendor.}","かつて村があった場所には、
破片だけが残されていた。
その一部はかつて彼女の家であり、
その一部はかつて彼女の創造物であり、
その一部はかつて彼女の家族であった。

<default>{このアイテムは、山のリングおよび谷のリングとベンダーで組み合わせる事が可能です。}"
"The river, once fertile and fresh,
and flowing briskly to the sea,
now stood, stained, at a standstill.
Dammed by the coagulating dead.

<default>{This item can be combined with a Meadow and Mountain ring at a Vendor.}","かつて肥沃で新鮮だった川は
海へ向かって勢いよく流れていた
だが今は、汚れたまま、流れが止まっている。
死者の塊に堰き止められて。

<default>{このアイテムは、草地のリングおよび山のリングとベンダーで組み合わせる事が可能です。}"
"The narrow path turned to rough rocks that led towards the sky.
One last obstacle in a life-long journey
to find a land they could call home.

<default>{This item can be combined with a Meadow and Valley ring at a Vendor.}","狭い道は荒々しい岩山へと変わり、空へと続いていた。
故郷と呼べる土地を探す生涯の旅の最後の難関だ。

<default>{このアイテムは、草地のリングおよび谷のリングとベンダーで組み合わせる事が可能です。}"
"Cold winds blasted what little grew on the icy surface.
The gifts of the land lay hidden deeper,
and only patience and persistence would free them.

<default>{This item can be combined with a Mountain and Valley ring at a Vendor.}","冷たい風は、氷の表面にわずかに生えるものを吹き飛ばした。
この土地の恵みはもっと深いところに隠されていた。
忍耐と粘り強さだけが、それを解放してくれるだろう。

<default>{このアイテムは、山のリングおよび谷のリングとベンダーで組み合わせる事が可能です。}"
"Sheltered beneath thick ice,
the river ferried fat fish towards the sea.
But the First King knew the river's secret,
and the fish were not the only ones who grew fat.

<default>{This item can be combined with a Meadow and Mountain ring at a Vendor.}","厚い氷の下に守られ
川は太った魚を海へ運んでいた。
しかし、最初の王は、川の秘密を知っていた。
太っていたのは魚だけではなかった。

<default>{このアイテムは、草地のリングおよび山のリングとベンダーで組み合わせる事が可能です。}"
"He surveyed his lands, green and vital,
watched with pride as his slaves quarried fine stone for his fortress,
and thanked the heavens for his many blessings.
But this pilgrimage to the peak was to be his last.

<default>{This item can be combined with a Meadow and Valley ring at a Vendor.}","彼は緑豊かで活気あふれる自らの土地を見て回った。
奴隷たちが要塞のために上質な石を切り出すのを誇らしげに眺め、
天の恵みに感謝した。
しかし、この山頂への旅が彼の最後の旅となった。

<default>{このアイテムは、草地のリングおよび谷のリングとベンダーで組み合わせる事が可能です。}"
"The fields were silent but for the plucking of fruits,
the rustling of leaves, and the breaking of stone.
No slave dared to speak or look the passing king in the eye.
No one... except Aul.

<default>{This item can be combined with a Mountain and Valley ring at a Vendor.}","果実を摘み取る音以外は、草原に音はなかった。
葉を揺らす音、石を割る音が聞こえた。
通り過ぎる王に話しかけ、その目で見ようとする奴隷はいなかった。
ただ一人... アウルを除いては。

<default>{このアイテムは、山のリングおよび谷のリングとベンダーで組み合わせる事が可能です。}"
"With no stone for rebuilding, each storm took its toll on the village.
Huts eventually collapsed, their occupants injured or dead.
Bodies were left by the river, to appease the gods.
But the dead would not remain there.

<default>{This item can be combined with a Meadow and Mountain ring at a Vendor.}","再建のための石もなく、嵐のたびに村は打撃を受けた。
小屋は倒れ、住人は怪我をし、死ぬものもいた。
神々を鎮めるために、遺体は川辺に放置された。
しかし、死者はそこに留まることはなかった。

<default>{このアイテムは、草地のリングおよび山のリングとベンダーで組み合わせる事が可能です。}"
History teaches humility.,歴史は謙虚さを教えてくれる。
"In the weeks that followed the Cataclysm,
the dead began to rot and fester.
The air fouled with such concentration,
that passing birds drowned in flight.","大災害の後の数週間で
死者は腐敗し、膿み始めた。
空気は悪臭で濃縮され、
飛びながらにして鳥は溺れ死んだ。"
"Though we live and act as individuals,
in truth, we are tethered together.
The barriers that divide us need not be broken
for our spirits to become entangled.","我らは個人として生き、行動するが、
実は我らは互いに結びついているのだ。
我らを隔てる障壁を壊す必要はない、
我らの魂は絡み合っているのだから。"
"Time, like light, can be refracted into all its myriad colours.
The first shade is beautiful, but the last will drive the unwary insane.","時は、光のように無数の色に屈折させることができる。
最初の色は美しいが、最後の色は不用心な者を狂わせるだろう。"
"""There were no survivors. It had only been fired twice.""
- Order of the Djinn inscription","「生存者はいなかった。二回しか放たれていないのに。」
―ジンの結社の碑文"
"""Fusing the parasite with another ring has manifested unpredictable effects.
I theorise the sacrificial vessel's level of anguish is a key variable.""
- Arzaak, Syndicate Researcher","「寄生虫を他のリングと融合すると、予測できない効果が現れる。
生贄となる容器の苦悩の度合いが 重要な変数だと考えている。」
―シンジケートの研究者アルザーク"
A controlled burn is sometimes necessary for new life.,新しい命を育むためには、管理された焼却が必要な場合もある。
Open the way to new and dangerous lands.,危険な新天地への道を切り開く。
Is it better to find new lands - or to create them?,新しい土地を探すほうがいいのか、それとも作るほうがいいのか？
See the land as it is.,その土地の今の姿を見よ。
"See creation as it was, aflame and frantic.",燃え上がり、狂乱した創造物の過去の姿を見よ。
"See creation as it will be, frozen and silent.",凍りつき、沈黙する創造物の未来の姿を見よ。
"See creation as it is, energetic and storming.",エネルギーに溢れ、嵐のような創造物の今の姿を見よ。
There can be no defence against the celestial siblings entropy and time.,天の兄弟であるエントロピーと時間に対して、身を守ることなどできようがない。
"""The form of this replica came to me in a troubled dream.
I do not believe we should ever allow it to be used.""
- Researcher Arn","「このレプリカの形は、問題のある夢の中で思い浮かびました。
決して使用させるべきものではないと思っています。」
―研究者アーン"
What has no siblings but is always a twin?,兄弟はいないが、常に双子であるものはなーんだ？
"""This is one riddle I can't solve.""
- Researcher Graven","「これは私には解けない謎だ。」
―研究者グレイヴン"
Cold winds whirl at the crown of the world.,世界の王冠に冷たい風が渦巻く。
"In their crimson nightmare, the Vaal are still sacrificing themselves to her glory and beauty.
They stab their own hearts and cry out in ecstasy, only to rise again.",真紅の悪夢の中で、ヴァール人は彼女の栄光と美のために今もなお自らを捧げている。自らの心臓を突き刺し、恍惚とした表情で叫び、そして再び起き上がるのだ。
The spirit hungers for the flesh.,魂は肉に飢えている。
"The vastness of the cosmos holds energies beyond comprehension,
should one have the fortitude to grasp them.",人間に理解を試みる不屈の精神があったとしても、広大な宇宙にはその理解を超えたエネルギーが存在する。
"""We could rival the gods with this power, if only we had the mitigating mechanisms
to make it work. A jewel, a talisman, an armour... or the Font...""",「ダメージを緩和する機構さえあれば、神々にさえ匹敵することができる。ジュエルか、タリスマンか、鎧か...あるいは神の祝福か...」
"A tourniquet for the soul, squeezing ethereal into physical.",魂を封印するもの、霊体を物体に詰め込む。
"""You covet the strength of your peers, mortal?
Perhaps it can be yours, if you are willing to make an offering of their blood...""
- Vaal Myth of the Third Snake","「人間よ、仲間の強さを渇望しているのか？おそらくそれはお前のものになる、彼らの血を捧げることを望むなら...」
ー第三の蛇のヴァール神話"
"Exceptional men and women of strong will can flicker a spark,
but something much greater is needed to unleash the wildfire of true divine flames.",強い意志を持つ特別な者は火花を散らすことができる。しかし、真の神の炎を放つには、もっと偉大なものが必要である。
The power of lightning is a power best shared.,雷の力は最も広く使われている力だ。
The judge determines worthiness by comparison to the paragon: himself.,裁判官は、自分自身という模範的な人物との比較によって他人の価値を判断する。
"I condemned an innocent man to the pyres, but to admit this mistake is to condemn myself.
My only choice is to strive harder.",私は無実の人間を火刑に処したが、この過ちを認めると自らを罰することになる。私の唯一の選択肢は、もっと努力することだ。
"My subordinates circled me eternally, attuned to the slightest weakness,
ready to tear me apart for their own gains.",部下は常に私の周りを回りうろつき、私が弱った時に、自らの利益のために私を引き裂こうとしている。
"I sacrificed a life of love for one of responsibility, so that she,
and others like her, might be kept safe.",私は責任ある仕事のために、愛ある生活を犠牲にした。彼女や彼女のような人々を守るためだ。
"I was a happy child, before the cruel truth was revealed to me.
I fight so that the children may remain ignorant.",残酷な真実が明かされるまで、私は幸せな子供だった。私は子供たちが無垢でいられるように戦う。
"I feel the moral weight of what I must do to protect Wraeclast.
I accept my guilt without shame. It is my gift to humanity.",レイクラストを守るために何をすべきか、その道徳的な重さを感じている。私は自らの罪を恥じることなく受け入れる。それは私から人類への贈り物なのだ。
"Strike true, strike hard, and leave no survivors to retaliate.",正確に、強烈に攻め、反撃し得る生存者を残すな。
"""The type Delta test subjects could have escaped with the power offered by
Prototype #15, but they suddenly chose to murder each other instead...""","「デルタ型の被験者はプロトタイプ15号の力で脱出することだってできたが、
突然お互いを殺し始めることを選んだ...」"
"Something within the machine never stops moving,
but Oriathan scholars dare not open it to find out why.","装置の中で絶えず動き続けるものがあったが、
オリアスの学者たちはそれを開いて確認することを恐れた。"
"When the time comes to face evil, the faithful are never alone.",悪と対峙する時が来た時、敬虔なる者には常に仲間がいる。
"Midnight tinkering begets midday murdering;
a sinister shaft surreptitiously shot slays a scoundrel.
I will see them again, but not until my work is done.","真夜中の修理は真昼間の殺人を生む；
隠密に射られた悪意ある矢が悪党を射殺す。
再び会うことになるだろう、だがそれは私の仕事が終わった後だ。"
"""The Midnight Tinkerer's aid was invaluable during our brief alliance,
but when we failed to make any progress on resurrection, he continued his search elsewhere...""","「我らの短い同盟が続いている間、真夜中の修理人の手助けは不可欠だった。
だが我らが蘇生に関して進展を得られなかった時、彼は余所を探しに行ってしまった...」"
The Black Sekhema's trial had only just begun.,黒きセケマの試練は始まったばかりだった。
"The champion's name echoes through time,
drowning out the whispers of the defeated.","戦士の名は時代を超えて轟き、
敗北者の囁きをかき消した。"
"Young Napuatzi was thrown into the pits, an unwilling sacrifice,
but the offer of her blood was refused.
She rose from the pit alive and anew.
A Leader. A Conquerer. A Viper.","若きナプアツィは不本意な生贄として穴に投げ込まれたが、
彼女の血の捧げ物は受け入れられなかった。
彼女は生まれ変わり穴から上った。
指導者として。征服者として。毒蛇として。"
"""Hyrri and her arrows broke the sacred code, damning herself.
Kaom seized her sacrifice, and in doing so, seized victory.""
- Lavianga, Advisor to Kaom","「ハイリと彼女の矢は聖なる掟を破り、彼女の破滅を確約した。
カオムはその犠牲を掴み、同時に勝利を掴んだのだ。」
ーカオムの相談役、ラヴィアンガ"
"""The more the warrior understood Tangmazu's gift, the less the mask aided him.
His dreams were filled with divine laughter.""
- Tenth Song of the Islands","「戦士がタングマズーの恵みを理解すればするほど、仮面の与える力は弱まっていった。
彼の夢の中では神の笑い声が響いていた。」
ー島々の第十の歌"
The Light drove the darkness from our lands and from our hearts.,光は我らの地と心から闇を払った。
A secret few among the Templars grant absolution by bearing the guilt of others.,テンプラーの中には他者の罪を背負うことで免罪を与える数少ない知られざる者たちがいる。
"They believed themselves the pinnacle of civilisation, but that height toppled their empire.",彼らは自分たちが文明の頂点だと信じていたが、その傲慢さが帝国を崩壊させた。
"They believed themselves the greatest warriors, but that savagery turned upon their own.",彼らは自分たちが最高の戦士だと信じていたが、その蛮勇は自分たちに向けられた。
"They believed themselves the most ordered, but that tradition turned their forests to salt.",彼らは自分たちが最も秩序ある存在だと信じていたが、その伝統が彼らの森を塩に変えてしまった。
"They believed themselves the utmost faithful, but that conviction became oppression.",彼らは自分たちが最も忠実であると信じていたが、その信念が抑圧となった。
"They believed themselves better than the past, but that confidence brought about nightmare.",彼らは自分たちが過去より優れていると信じていたが、その自信は悪夢をもたらした。
"The enslaved Ezomyte clans were not permitted to own weapons.
For years, they trained in secret, watching and waiting for the
perfect moment to reveal the true depth of the Empire's folly.",奴隷となったエゾマイト族は武器を持つことを許されなかった。何年もの間、彼らは秘密裏に訓練し、監視を行い、帝国の愚行を明らかにする絶好の瞬間を待っていた。
"Those heroes that set foot on Wraeclast found
themselves changing, only subtly at first...",レイクラストに足を踏み入れた英雄たちは自分たちが変化していることに気がついた、最初は少しだけだったが...
"For forty-two nights, the Feller of Heroes challenged
the next greatest warrior to a one-on-one duel.
None could match his might.","英雄を刈る者は42の夜にわたり、偉大な戦士に一人ずつ戦いを挑んだ。
彼に叶うものは誰もいなかった。"
"In their hour of desperate need, the Knights of the Sun
called out for aid... and the Black Scythe answered.",絶体絶命の危機に際して、太陽の騎士団は助けを求めた... そして黒い鎌の傭兵団が応えた。
"Where others would retreat when vulnerable,
Olroth the Gallant fought deeper into battle.","他のものが弱り、撤退する場所で、
勇者オルロスは深く突き進み戦った。"
"The priests of the Kalguur worshipped knowledge, not gods.",カルグールの神官たちは、神ではなく知識を崇拝していた。
"Cadigan the Third ruled dispassionately
through the iron might of artifice.","カディガン三世は狡猾に鉄の武力を使い
冷静沈着に支配した"
"Olroth the Gallant,
tireless and true,
he fights for me,
he fights for you!","勇者オルロス、
疲れを知らない真の勇者、
彼は私のために戦い、
彼は君のために戦う！"
"Uhtred and his priests drank of the skies
to empower runes... and themselves.","ウートレドとその神官たちは天空を飲み干した、
ルーンと...そして自分たちに力を与えるために。"
"Nothing endures. All things end.
Then, they begin again.","耐えうるものはなにもない。すべて終わる。
そして、再び始まるのだ。"
"Vorana trained her mercenaries
thus: strike true and survive.","ヴォラナは傭兵を訓練した。
正確に打ち、生き残れるように。"
"Try as you like to hide the
blood on your hands.
You'll still know the truth.","手についた血を隠したいなら隠せばいい。
それでも真実はわかるから。"
Death's approach brings clarity.,死が迫ると頭脳が明晰になる。
Rivers of power course through your veins.,お前の血管には力の川が流れている。
Those that can never die have but one wish.,死ぬことのできぬ者の願いは唯一つ。
"The time is nigh.
War has come.
We dream as one.","時は来た。
戦争が始まった。
我らは皆で夢を見る。"
"Judge not the weak, for
they empower the strong.","弱き者を裁いてはならない、
彼らは強き者に力を与えるからだ。"
Every clash leaves one more scar.,ぶつかるたびに、傷がひとつずつ増えていく。
"""We awoke to a sudden jungle rupturing the valleys of our home.
Grasping limbs coiled around us, into us. We sank into each other,
then rose into the living sky. My family screams alongside me still.""","「故郷の谷がはち切れんばかりのジャングルの出現に我々は目覚めた。
貪欲な手足が我らの周囲で、我らの中でうねっていた。我らは互いに溶け込み、
生ける空へと上っていった。私の家族は未だ私の隣で叫び続けている。」"
"""We awoke to a sudden dawn cresting through the mountains.
Each peak rose into searing fire, a massive roiling tide.
A great eye gazed upon us, and we became known—utterly.""","「山々の頂く突然の夜明けに我々は目覚めた。
それぞれの山頂が炎に燃え上がり、荒れ狂う巨大な波となった。
大きな目が我々を見つめ、我々は知られてしまったー完全に。」"
"That winter, scorched refugees emerged from the shrine,
speaking only in strange tongues. They prayed to a new
symbol of power, not out of love, but out of fear.","その冬、奇妙な言葉のみを話す焼け焦げた難民たちが
祠から出現した。彼らは新たな力の印に祈りを捧げた。
敬愛故にではなく、恐れ故に。"
"A single facet contains the wisdom
of countless disintegrated worlds.","一つ一つのファセットに無数の
崩壊した世界の知恵が詰まっている。"
"There is no force more destructive in the heavens
than the scintillating light of utter clarity.","完全なる明晰の瞬く光よりも
破壊的な力は天には存在しない。"
"To eat, to feast, to forget the horror of endless agonising existence
if but for a moment... only to disgorge and do it all again...","永遠の苦痛の中に存在する恐怖を一瞬でも忘れるために食べて、喰らっても...
全てを吐き出し最初からやり直すことになる。"
"He reached for his home one last time, a shining jewel among the stars...
only to watch in horror as it ruptured and shattered under a tide of limbs.","最後に一度、彼は故郷に、星々の中で輝く宝石に手を伸ばすと...
それが蠢く手足の波に沈み砕け散る恐ろしい光景を見ることになった。"
"Where that searing dawn fell, silence reigned.
We sought the shadows, but none remained.","焼け付く夜明けが降りた場所は静寂に支配された。
我らは陰を求めたが、残ってはいなかった。"
"Those that escaped the annihilating light
sank eternally into crushing darkness.","破滅の光を逃れた者たちは
押しつぶす闇に永遠に沈んでいった。"
"Lost in a sea of limbs and screaming faces, they claw
for any fleeting pleasure which might dull the pain.","手足と叫ぶ顔の海に沈む彼らは
痛みを和らげるどんな些細な快感をも掴もうとする。"
"A multitude of beings share a wretched existence
irrevocably bound together in perpetual torture.","無数の生き物が繋ぎ合わされ
終わらぬ苦痛の哀れな存在と化した。"
"""The newcomers warn of doom and death beyond mortal ken.
I ask, why should we fear the fire when we serve the Lord of Light?""
- Maxarius, the first High Templar","「新参者たちは人知を超えた破滅と死を警告している。
問おう、光の主に仕える我らがどうして炎を恐れることがあろうか？」
ー初代ハイテンプラー、マクサリウス"
"The minds of those studied utterly by the Cleansing Fire
continue to think and dream and beg for silence...","浄化の炎に調べ尽くされた者たちの精神は
考え続け、夢を見続け、静寂を懇願し続ける..."
"The bodies of those wholly subsumed by the Tangle
continue to merge and mutate and cry out for release...","縺れに完全に取り込まれた者たちの体は
融合し続け、変異し続け、解放を求め叫び続ける..."
"Gripping the stolen Spear of Solerai in hand,
the bandit king of Stridevolf watched his enclave burn.
As foretold, the weapon was powerful beyond compare,
but using it had cost him absolutely everything.","ソレライから盗まれし槍を握りしめ、
ストライドヴォルフの山賊王は自分の住処が燃えるのを見ていた。
予言の通り、その武器は比類なきほど強力だったが、
その代償は例外なく全てだった。"
"Mortal pleasures can hold back the memories,
but a hollow soul can never be healed.","現世の快楽は記憶を抑え込めるが、
空虚な魂が癒えることはない。"
"A cacophony of battle cries
Reverberate through time and space
Inflicting pain beyond measure","雄叫びの不協和音が
時空を反響し
計り知れぬ苦痛を与える"
"Simply the way it must be, so that existence may be.",この世が有れるため、そうでなくてはならない。
"Only when the mind is empty of ambition
can the cold truth of existence take hold.","精神が野望を持たぬ時初めて、
存在するということの冷たき真実が支配できる。"
"She was the last of countless progeny bred to test the limits of limitless power.
In the cosmic prison of her birth, her siblings fought each other to the death
for supremacy. She alone reached her limit... and broke through.","彼女は無限の力の限界を試すために育てられた無数の子の最後の一人だった。
生まれた時から囚われていた宇宙の牢獄で、兄弟姉妹は支配を巡って死ぬまで戦い続けた。
彼女だけが限界に達し...突き破った。"
"This world is not good enough for her,
so I will make a better one. Nothing
matters but the pursuit of perfection.","この世界は彼女にとっては不足だ。故に私が
より良き世界を作ろう。大事なのは
完璧を追い求めることだけだ。"
"Destruction incarnate leaves a bitter aftertaste
as one soul is imbued with remnants of another,
and the earth is salted by rivers of blood.","破壊の顕現は後味が悪い。
魂には他の魂の残滓が付与され、
大地は血の川が塩気を残す。"
"Alone among the powers of artifice, there is one against
which the horrors of Wraeclast have never adapted.",狡猾さの力の中で唯一つ、レイクラストの恐怖が対応できないものがある。
"She stands grim, wreathed in flame, awaiting the crusader's call.",彼女は厳かに、炎に包まれて立ち、聖戦士の号令を待っている。
"Knowing the human body to harbour infinite potential,
she endowed her subjects with the most potent forces at her disposal,
striving invariably for improvement.","人の体の無限の可能性を知る彼女は
被験者に可能な限り強力な力を付与し、
常に改善を求めた。"
Some artists wait a lifetime for inspiration. He waited for five.,芸術家の中にはひらめきが降りてくるまで一生待ち続ける者がいる。彼は五生待った。
"Even after she harvested their tongues, they were still able to scream.",彼女が舌を回収した後も、彼らは絶叫を上げることができた。
"This grotesque conglomerate is truly an abomination to behold.
You feel a strange sense of déjà vu when you gaze upon its hideous visage...","このグロテスクな集塊は実に見るに悍ましい。
君がその醜悪な姿を眺めると奇妙な既視感を覚える..."
"A fiery horror from a distant plane of existence,
it feasts upon the charred corpses subsumed by lava pits.
Don't fall in...","遥か彼方に存在する次元からやってきた炎の怪物。
それは溶岩溜まりに飲み込まれ焦げた死体を喰らう。
落ちるなよ..."
Lightning always strikes twice.,雷は必ず二度落ちる。
"He feeds on the nightmares of the Atlas' denizens.
If you fall asleep in the Atlas, he'll be waiting...","彼はアトラスの住人の悪夢を喰らう。
アトラスで眠りに落ちれば、彼が待っている..."
"In the wake of tyranny,
The battlefields have been left barren.","暴虐の軌跡、
戦場は不毛の地となった。"
"Under clouds of black beset by crimson lightning, we sailed stormy seas of poison and disease. Only one light shone in that darkness; only one Flame to keep hope alive.",真紅の雷走る黒き雲の下で、我らは毒と病の荒れた海を航海した。暗闇の中では一つの光だけが輝いていた；希望を生かす一つだけの炎が。
A life without risk is no life at all.,危機無き生は生ではない。
"On judgement day, only those who are worthy will survive.",審判の日に生き残るのは相応しき者のみだ。
"Otherworldly incantations echo across the battlefield,
And the warrior readies his blade.","この世のものではない詠唱が戦場に響き渡り、
戦士は刃を構える。"
"Mechanisms gone awry, circuitry in flux.
This experiment became something truly perverse.","機構は狂い、回路は絶えず変わり続け。
この実験は真に歪んだものとなってしまった。"
"Torture something enough, and you just might force a reaction.",十分に拷問すれば、無理やり反応を引き出せるかもしれない。
Who can tell when whispers are truly from a god?,囁きが本当に神のものであると誰が分かろうか？
"On the outskirts of Utzaal, at the Temple of Chaos,
the Trialmaster awaits your challenge.","ウツァール郊外のカオスの寺院にて、
トライアルマスターが君の挑戦を待っている。"
Fear can be instilled by the smallest entity.,恐怖はどんなに小さき者でも与えることができる。
"In a void strewn with incandescent stardust,
the emissary of flame traverses interplanetary space
consuming the knowledge of fallen civilisations.","白熱の星屑が散らばる虚空で
炎の使者は惑星間を旅し
滅んだ文明の知識を吸収している。"
Faith springs abundant at the edge of death.,死の淵にて信仰心は溢れ出す。
"We may fight, and we may die, but in these
moments of blood and battle, we truly live.","我らは戦い、死ぬかもしれないが、
この血と戦闘の瞬間にこそ、我らは真に生きている。"
"Ancient worshippers of the Greatwolf were overtaken
by a ravenous hunger for all things mystical.","古代の大いなる狼の信仰者たちは
全ての超常なるものに対する圧倒的な飢えに支配された。"
"Pray that the flames find fascination,
for the true end follows when the great eye closes.","炎が関心を見つけることを祈れ。
大いなる目が閉じた時、後に続くのは真なる終焉なのだから。"
What do you see when you look inward?,内を見た時何が見える？
"On one hand, you have a choice.
On the other, you have its twin.","一方には、選択肢がある。
もう一方には、その双子がいる。"
"They were bred in a cosmic ocean of raw creation.
Feasting and drinking of the milk of the mother,
they fought to the death for every last drop.","それらは宇宙の純粋な創造の海で生まれた。
母の乳を飲み尽くしながら、
それらは最後の一滴のために死ぬまで争った。"
A wellspring of vitality bubbling from within.,内から湧き上がる活力の泉。
A mountain fortress safe from the storm.,嵐から守られし山の砦。
A mass of flesh writhing with savage fury.,激しい怒りで蠢く肉の塊。
A body that never falters.,衰えることなき肉体。
A spirit that never rests.,止まることなき心。
A mind that never quiets.,静まることなき精神。
"Logic wanes in shining faith, and in rationalism, ardour dims
Thus, the cynic and the zealot are divided
But can they not be one and the same?","輝く信仰の中では論理は消え失せ、合理主義の中では熱意はかき消される。
このようにして、冷笑家と熱狂者は分け隔てられている。
だが、その二つが同じものになることはできないのだろうか？"
"Too much of something is bad enough;
too much of nothing is just as tough.",何かが多すぎることは悪いことだ。何もないのも同じくらい辛い。
"A legion of lives claimed
by the shards of obliterated worlds.",消滅した世界の破片によって奪われた無数の命。
"Ennui prevailed, until inspiration sparked
a mote of flame, kindled by fury
and all in his path were obliterated.","退屈が支配する中、
想像力が小さな火を灯した。
怒りにより燃え上がり、
歩む道にあるもの全てを消し去った。"
The price of immortality is isolation.,不死の対価は孤独である。
"Bold and beautiful, a castaway
Hemmed and hawed, for her to stay
Oh, what I'd give for one more day
For she's the one that got away
-Franklin","大胆で美しい漂流者
彼女が残ってくれるよう思案して
もう一日いてくれるなら何でもしてあげよう
彼女はもういなくなってしまったから
―フランクリン"
"How simple a power, on which empires turn,
when one man stands firm and says, ""I refuse.""","なんと単純な力で帝国を変えられるのだろう。
一人の男が毅然とした態度で、「拒否する」と言っただけなのに。"
"The true secret of the elements
is that all are one and the same.","元素の真の秘密とは
全てが一つであり同じものであるということだ。"
"Within a firestorm, the Thane commands the flames
Emblazoned by glory and the song of the First Ones
For the master of fire fears nothing.","炎の嵐の中で、セインは炎を操り、
栄光と最初の者の歌で彩られた。
炎を支配する者は何も恐れないからだ。"
"Life... Death...
The whim of the cosmos.","生...そして死...
どれも宇宙の気まぐれにすぎぬ。"
"In darkest night, 'neath waxen moon
A witch snatches a boy from his room.
He wards off her hexes
The witch he perplexes
And so becomes part of her stew.","暗い夜、上弦の月の下
魔女が少年を部屋から誘拐した。
彼は彼女の呪いを解き
彼は魔女を当惑させ
そして彼女のシチューの一部となった。"
"Enraged by the incompetence of mortals
The demon-lord opens a gateway
Unleashing a litany of pain upon the world.","人間の無能さに激怒し、
魔王は門を開き
世界に苦痛の祈りを解き放った。"
"Maligaro did the cutting... at her request.
In the new void, a malevolent power emerged.","マリガロは切除を行った... 彼女の求めに応じて。
新しくできた空隙から、悪意のある力が現れた。"
Witness the emergence of a new cosmic power.,新しい宇宙の力を目撃せよ。
"Fellshrine stood as a holy bastion opposite the
Chamber of Sins, and all that it represented.
For one to rise, the other must fall.","フェルシュラインは聖なる砦として
罪の広間に、そしてそれが象徴するものに対峙していた。
一方が栄えれば、もう一方は滅ぶ定めにあった。"
A fell wind brings death.,堕落した風が死を運ぶ。
"Centuries of peace brought immense wealth to Keth,
but many worried that it had also left the people soft.","数百年の平和はケスに莫大な富をもたらしたが、
住民の平和ぼけを心配する者も多かった。"
"By fire and ice, perhaps the end of the world.
They did not fall on their knees and lament.","炎と氷、あるいは世界の終わり。
膝をつき嘆く者はいなかった。"
"All rejoiced when Solerai and Lundara shattered the grey sky,
but with the cold banished, sandier climes began to creep in...","ソレライとルンダラが灰色の空を砕いた時、皆が喜んだ。
だが冷気が追放された今、砂だらけの気候がにじり寄り始めた……"
"As they looked toward the future, yet held close the past,
the tale-women began to see the tapestry of Time.","未来を眺め、過去を近くに抱き寄せる
語り女たちには時のつづれ織りが見えてきた。"
"The path forward is unknown,
but someone must lead.
Let it be the best of us.","前へと進む道は未踏だが、
誰かが先頭を行かねばならない。
最も優れた者であるべきだ。"
"In the coldest depths of the Winter of the World, overrun by darkness and fighting to the last, life itself clung to existence by the barest remaining thread.",世界の冬の最も寒い奥地で、闇に覆われ戦い続けながら、生命そのものが首の皮一枚で生にしがみついていた。
"Innocence rose to godhood not on inspired faith,
but on the vilification and hatred of another.","イノセンスは信仰によって神の座に昇りつめたのではない。
侮辱と憎悪によって神になったのだ。"
An eye for an eye makes the whole world dead.,目には目をで全世界を滅ぼす
"Beidat made false promises to many denizens,
converting only one into a conduit through
which Wraeclast might be consumed.","ベイダットは多くの住人に偽りの約束をし、
一人だけをレイクラストを飲み込むであろう
導管に変換した。"
"The spirits of our ancestors guided us from the Archipelago to the continent.
Inextricably, the purity of our souls is linked to the ones who came before us.","我らの先祖たちの霊は我々を諸島から大陸へと導いた。
我らの魂の浄さは先人たちと切り離せぬ繋がりがある。"
"The fundamental forces of our world are secrets
to be uncovered by the intelligent and the capable.
Like all secrets, they, too, can be stolen.","我らの世界の根源的な力は
賢き者や能ある者が発見するために隠された秘密だ。
全ての秘密と同じように、それらも盗むことができる。"
"""I loosed a volley of arrows into the heart of the man
who slew my beloved. There was no satisfaction, no
healing, no revenge. There was only... emptiness.""
- Chieftainess Ahuana of the Ramako Tribe","「その者の心臓に一斉に矢を放った。
私の最愛の人を殺した者。満足感はなく、
癒しも、復讐もない。あるのはただ...虚しさだけだった。」
― ラマコ族の女族長アフアナ"
"""A man confronted with sufficient adversity
may ascend to unprecedented heights
and triumph over his coddled rivals.""
- Weylan the Ezomyte","「十分な困難に直面した者は
かつてなき高みへと昇り、
甘やかされし敵に勝利するだろう」
―エゾミアのウェイラン"
"There is no greater thrill than leaping into combat,
slashing and hewing with utmost abandon.","戦いに飛び込み、後先考えずに斬りまくるほど
興奮することはない。"
"The inferno surged past, devastating Stridevolf, but the Maraketh
warrior somehow remained. Soot-blackened and resolute, she
grinned. In that moment, the bandit king knew true despair.","業火はストライドヴォルフを破壊しながら吹き去っていったが、
マラケスの戦士は何故かそこに残っていた。煤にまみれ、
彼女は毅然と笑った。その瞬間、山賊王は真の絶望を知った。"
"At the core of the warrior's spirit,
a fierce determination burns,
igniting their capacity to endure.","戦士の魂の中心には
強烈な信念が燃えており、
彼らの忍耐力に火をつけるのだ。"
"Seek not to avoid the mortal pains of this world.
In flagellation, there lies freedom from temptation.","現し世の痛みを避けることなかれ。
鞭で打たれることにより、誘惑から解放されるのだ。"
"""Slay my twin and I will inherit her wisdom.
Slay me and her life will be prolonged by my demise.
Our souls are eternally bound by the sacrifices we have made.""
- High Priest Atazek","「妹を殺せば我は彼女の知恵を得る。
我を殺せば我の死により彼女の命は引き伸ばされる。
我らの魂は我らの払った犠牲により永遠に結ばれているのだ」
―高位神官アタゼック"
"""Atziri ordained that we exploit the weaknesses inherent in our slaves.
With relish, we did exactly as she instructed.""
- Guatelitzi, Architect of Flesh","「アッツィリは奴隷たちが内包する弱点に付け込むよう命じた。
我々は悦んでその通りにした。」
―肉体のアーキテクト、グアテリッツィ"
"""Put your faith in me.
Our god demands it.""
- High Templar Maxarius","「我に信仰を捧げなさい。
我らが神がお望みです。」
- ハイテンプラー、マクサリウス"
"As the fiery remnants of our outpost were subsumed into the caldera,
a thunderous voice echoed across the barren landscape,
""Your fragility is your folly. May others rise where you have fallen.""
- El'Abin, Bloodeater","「我々の基地の燃える残骸がカルデラ湖に飲み込まれていく中で、
轟く声が荒涼とした大地に鳴り響いたのだ。
『其方らは愚かにも脆弱だった。其方らが倒れた場所で、他の者が立ち上がらんことを。』」
―ブラッドイーター、エルアビン"
"For their mortal allies, the last Titans forged a mighty staff,
one that could safely hold the first unearthed virtue gem.","人間の盟友のため、最後の巨人は、
最初に発掘された美徳のジェムを安全に制する強大な杖を鍛造した。"
"Its forging marked the melding of man
and Titan against the rising darkness.","その鍛造は、増大する暗闇に立ち向かうための
人間のタイタンの融合を意味する"
"Blood, slaves and stone.
The timeless edifice of Dominance.","血と奴隷と石。
時代を超越した、支配の象徴の建造物。"
Call to place the demon gods of the past.,過去に存在した魔神を配置するよう呼びかける。
The eyes of Apep flicker open and the Poisoned One stirs.,アペプの目がチカチカと開き、毒に冒されし者が蠢く。
"The ritual creates order.
Both in the minds of men and gods.
The ritual creates order.","儀式は秩序を生み出す。
人々の心にも神々の心にも。
儀式は秩序を生み出す。"
"Ancient myths of flame, frost and thunder.
Will we ever know the way forward?","炎、霜、雷の古代神話。
我々はこれから歩む道を知ることができるだろうか？"
"Your actions live but a moment;
their repercussions never die.","お前の行動は一瞬で消えるが、
その影響が消えることはない。"
"With great tragedy and power,
the dead are netted in anguish.","大きな悲劇と力によって、
死者は苦悩に捕らわれている。"
"It is not our flesh, our thoughts, or our soul that limits us;
it is the distinction between them.","我らを縛るのは肉体でも思考でも魂でもない。
それらの間の区別がそうするのである。"
Festivities of blood. Bleeding hearts and screaming lungs.,血の祝宴。血を流す心臓と叫びを上げる肺。
"You walk away bloodied and exhausted,
but victorious. You have overcome.","血まみれで疲労困憊で立ち去る。
だが、勝利したのだ。打ち勝ったのだ。"
"Your broken body lies forgotten,
nourishing only the worms.","お前の壊れた身体は忘れ去られ、
虫の餌となるだけだ。"
"Mortals spend their lives wondering which
fate shall be theirs. Chaos takes amusement
in knowing the answer: all of them.",人間は自分の運命がどうなるかを心配しながら生きる。カオスはその答えを知って楽しむ、起きうるすべての運命の結末を。
"You stagger away, embarrassed by your failure.
Your only consolation prize is your life.","貴様は失敗を恥じ、よろめきながら立ち去る。
お前の唯一の慰めは命がまだあることだ。"
"The Ember-dwellers sought to throw you to their volcanic god, young Omid,
but we caught you instead. The Order of the Djinn is your tribe now.",残り火の住人たちはお前を火山の神に捧げようとしたんだ、若きオミッドよ。だが代わりに我らがお前を掴んだ。これからはジンの結社がお前の部族となる。
"We task you, honoured Omid, with the investigation of this mysterious
'Xoph' and artefacts related to rifts in the boundaries of our world.",名誉あるオミッドよ、我らの世界の境界の裂け目と関係がある、奇妙な「ゾフ」とアーティファクトの調査を命じる。
"Omid, Master Researcher, has left a final commandment upon his death:
the world must never know.",主任研究員オミッドは死に際に最後の命令を残した。「世間に知られてはならない。」
"The Master Researcher's final commandment has failed.
The High Templar has seen the truth of our situation,
and the world will be undone by his fear.","主任研究員の最後の命令は失敗した。
ハイテンプラーは我らの置かれた状況の真実を知った。そして世界は彼の恐怖によって破滅する。"
"Consider yourself an orphaned Eternal no longer, young Betucia.
The Order of the Djinn is your family now.",お前はもはや永遠の帝国人の孤児ではないぞ、若きベトゥーシアよ。これからはジンの結社がお前の家族となる。
"For your loyalty and valour, honoured Betucia, we are proud to put
the requisition of dream-artefacts in your capable hands.",名誉あるベトゥーシア様、あなたの忠誠と勇気の名において、徴発した夢のアーティファクトをあなたの手に委ねることを誇りに思います。
"Betucia, Bearer of the Sealing Blade, the Order of the Djinn survives
because of your sacrifice, but will be forever wounded by your loss.",封じられし剣を携えしもの、ベトゥーシアよ、ジンの結社はお前の犠牲のおかげで生き延びたが、お前を失ったことで永遠に傷つくだろう。
"The Sealing Blade has been removed, and the agent of Decay
shall feed upon this world until nothing remains but dust.",封じられし剣は取り除かれた。腐敗の代理人は塵しか残らなくなるまで、この世界を喰らうであろう。
"The Maraketh left you to die alone in the desert, young Sumei, but we
saw the potential in you. The Order of the Djinn is your akhara now.",マラケスはお前を砂漠に置き去りにし殺そうとしたのだ、若きスメイよ。だが我らはお前に可能性を見出した。これからはジンの結社がお前のアカーラだ。
"As the best of our lorekeepers, honoured Sumei, it is now your task
to investigate the mysterious duplication of artefacts of power.",名誉あるスメイよ、最高の伝承者として、力のアーティファクトの神秘的な複製を調査するのがお前の仕事となる。
"Go to your rest now, Sumei, Master Lorekeeper. The Order shall keep
contained the terrible secret that burdened your final years.",主任伝承者スメイよ。もう眠りにつけ。ジンの結社はお前の晩年を苦しめた恐ろしい秘密を守り続けよう。
"The books were burned, and the scribes set themselves aflame.
What secret so terrible could they have discovered?
Though centuries have passed, we must investigate this for ourselves.",書物は燃やされ、書記官は自らに火をつけた。彼らはどんな恐ろしい秘密を発見したのだろうか？何世紀も経ったとは言え、我々は自分たちの手で調べなければならない。
"Feuding Ezomytes slaughtered your kin, young Agnar, but we pulled you
from the flames. The Order of the Djinn is your clan now.",宿敵のエゾマイト族はお前の一族を虐殺したのだ、若きアグナルよ。だが我らがお前を炎から救い出した。これからはジンの結社がお前の一族となる。
"None among us understand the beasts of this world better than you,
honoured Agnar. You will root out the mysteries of wild-artefacts.",名誉あるアグナルよ、我らの中でお前ほどこの世界の獣を理解している者はいない。お前は野生のアーティファクトの神秘を解き明かすのだ。
"The Order was your clan in life, Agnar, Beastmaster, but the First Ones call
back their favoured son. The gift of their Visions will pass to another.",ビーストマスター、アグナルよ、結社は生涯をかけてお前の一族だった。だが、最初の者たちは寵愛する息子を呼び戻した。彼らのビジョンの才能は他のものに受け継がれるだろう。
"Without an experienced Beastmaster to find them new realms,
the First Ones' ravaging hunt brings them ever closer to Wraeclast.",彼らを新しい地域で見つけられる敬虔豊かなビーストマスターがいないまま、最初の者の猛烈な狩りは彼らをレイクラストに一層近づけた。
"The Peak-dwellers saw you as impure, young Qianga, but the Order of
the Djinn sees you as all the stronger for your uniqueness.",山の住人はお前を不浄と見たのだ、若きクイアンガよ。だが、ジンの結社はその独特さ故にお前を強いと見ている。
"Bold dreamer, Qianga of the Stars, she of the Celestial Cold! These titles
we bestow upon the one among us whose soul speaks to the ineffable.",大胆な夢想家、星々のクイアンガ、天上の冷たき女性！我らの中で、その魂が神聖なものに語りかける者にこれらの称号を与える。
"Qianga of the Stars, Deliverer of the Sealing Blade to the Watchers, go now, and
let your half-dreamt life be troubled by nightmares of achromic hunger no more.",星々のクイアンガ、封じられし剣を番人に授ける者よ、さぁ行くのだ。半ば夢のような人生を無色の飢餓にこれ以上悩まされないように。
"The Watchers have gone silent, yet they scream still.
Something lurks among the stars of our dreams, knocking at the door,
whispering with the voices of long lost friends...",番人は沈黙したが、それでもなお叫び続ける。何かが我らの夢の星々の中に潜み、ドアをノックしている。大昔に失った友の声で囁きながら...
"Your visions led the Azmeri down into a world left abandoned by the Vaal.
They cast you out, young Egrin, but the Order of the Djinn accepts you.","其方の幻視はアズメリの民をヴァールの放棄した世界へと導いた。
若きエグリンよ、彼らは其方を追放したが、ジンの騎士団は其方を受け入れよう。"
"Speaker of unclean truths, Egrin of the Dark Between Stars.
We curse you whose soul echoes the madness of the void!","不浄なる真実を語る者、星間の闇のエグリンよ。
魂が虚無の狂気を反響する其方に呪いあれ！"
"Egrin of the Dark Between Stars, Forger of the Sealing Blade,
let your name be redeemed by your unexpected sacrifice.","星間の闇のエグリン、封印の刃を鍛えし者よ、
其方の予期せぬ犠牲により其方の名誉は取り戻された。"
"We are all equally fools for our childish notions.
That dread force Decay cannot be defeated by self-sacrifice.","我らは皆同様に子供じみた考え方をする愚者だ。
恐ろしき腐敗の力に自己犠牲で打ち勝つことはできない。"
"As the first Brinerot to join the Order, you have much to prove,
young Raethan. We are confident you will succeed.","騎士団に入団する初めてのブラインロットとして、其方は多くを示さねばならぬぞ、
若きレイサンよ。其方ならできると期待している。"
"For harnessing and controlling the power of lightning, you, Raethan,
are now charged with researching this new energy.","レイサン、雷の力を手綱を握り操ることのできる其方には
これよりこの新たなエネルギーの研究を一任する。"
"Let him not be called Raethan the Betrayer. His discovery was too important
to keep locked away. Now, for good or ill, it is in civilisation's hands.","彼を裏切り者のレイサンと呼ぶことなかれ。彼の発見は封印しておくには重要すぎた。
吉か凶か、これであれは文明の手の中にある。"
"Madness marches in machine form.
Harnessed lightning, grim faces, and cold ambition abounds.
Civilisation will be its own undoing.","機械の形をした狂気が進軍する。
手綱を握られし雷、険しき表情、そして冷たき野心が溢れている。
文明は自らの破滅を引き起こすだろう。"
"You were a casualty of callous Karui warfare, ageless Narumoa, but the Order
mended your wounds. You are bound to us now by your own code.","老いを知らぬナルモアよ、其方は軽率なカルイの戦の犠牲者だったが、
騎士団は其方の傷を手当した。其方は自身の掟により我らに縛られた。"
"Though your peers fear you, Narumoa, the elders have decided that your
second sight is ideal for handling all artefacts that seek to subvert Fate.","ナルモアよ、其方は同胞には恐れられるが、長老たちは其方の第二の視野が
運命を覆すアーティファクトを扱うのに最適であると判断した。"
"Your centuries of service have been invaluable to us, Narumoa. Go now,
return to Hinekora, and join your ancient kin in the halls of the dead.","ナルモアよ、数世紀に渡る奉仕、大義であった。行け、ヒネコラの下へ戻り、
死者の間で先祖たちに会うがいい。"
"Hinekora has sent the world another herald, but this hatungo walks another path.
We are left blinded, and subject to the vagaries of Fate.","ヒネコラはこの世にもう一人の使者を送ったが、このハトゥンゴは異なる道を歩んでいる。
我らは目を失い、運命の気まぐれに振り回されることになる。"
"Young Tsarsk, you were a broken and forgotten child lying glassy-eyed
in a flesh-pit in Trarthus, but the Order found and cleansed you.","若きツァースクよ、其方はトラーサスの娼館で死んだ目をして転がっていた
壊れて忘れ去られた子供だったが、騎士団は其方を見つけ清めた。"
"Your tortured soul long kept you isolated from your peers, Tsarsk, but has attracted
new kindred in kind. You are tasked with appeasing these anguished spirits.","ツァースクよ、其方の苛まれし魂は其方を永らく仲間から孤立させたが、
新たな同胞を引き寄せた。其方の役割はこの苦しむ霊たちを鎮めることだ。"
"Though you were swallowed by your own darkness, you saved countless others
from eternal misery, young Tsarsk. You were not nothing, as you feared.","若きツァースクよ、其方は己自身の闇に飲まれたが、数え切れないほどの他者を
永遠の苦悩から救ってきたのだ。其方は其方が恐れていたように、何でもないことはなかった。"
"Without a speaker of the dead, the countless anguished spirits only grow in number.
They have no voice, and no hope. The sun darkens with each passing year.","死者の代弁者がいなくては、無数の苦しむ霊たちは数を増していくばかりだ。
彼らには声がなく、希望もない。年を追うごとに太陽は暗くなっていく。"
"Your outlaw camp abandoned you when their surprise attack failed, young Rindwik.
Now that you know we exist, we cannot let you go. You have two choices.","若きリンドウィクよ、其方の無法者の仲間たちは奇襲が失敗した時に其方を捨てて逃げた。
我らの存在を知られてしまったからには、其方を解放することはできぬ。其方には二つの選択肢がある。"
"Your people were renegades, Rindwik, but you have proven your loyalty.
You will lead the martial defence of our expeditions.","リンドウィクよ、其方の仲間は脱党者だったが、其方は忠誠心を証明した。
其方は我らの探索の警護を主導するのだ。"
"Master Warrior Rindwik fell to one opponent alone: old age.
Only the greatest soldiers can say as much.","達人リンドウィクが敗北した相手はたった一人：老衰だ。
そのように言えるのは最も優れた兵士たちだけだ。"
"In the absence of a strong martial presence, the renegades rise once more.
Their poisons threaten to cloud the land.","強力な武力の不在により、脱党者たちは再び勢力を伸ばす。
彼らの毒は大地に影を落とそうとしている。"
"Your ancestry has been much maligned by history, young Sarina Titucius,
but to the Order of the Djinn, you are born anew.","若きサリナ・ティトゥシウスよ、其方の血筋は歴史に多くの不名誉を着せられた。
だがジンの騎士団にとって、其方は生まれ変わっている。"
"For deciphering the language of the inscrutable ones, honoured Sarina,
we charge you with investigating their intent in our land.","誉れ高きサリナよ、不可解な者たちの言語を解読した其方に、
我らの地における彼らの計画を調査する任を与える。"
"For your valour beyond the Gate, Sarina Titucius, we honour you with the first
Gilded Scarab awarded while its recipient still lives. Remain vigilant.","サリナ・ティトゥシウスよ。「門」の向こう側での其方の勇気を讃え、其方には
初めて生きている受賞者に与えられる金色のスカラベの名誉を与える。気を緩めるな。"
"The thousand year truce has faltered, for the inscrutable ones have imprisoned their own God.
Should they invade again, there will be no warning.","不可解な者たちは己らの神を封印し、千年続いた停戦は崩れた。
再び彼らが侵略してくる時、警告はない。"
"Your people no longer walk this continent, young Revna,
but the Order of the Djinn will give you a new home.","若きレヴナよ、其方の民はもはやこの大陸に残っておらぬが、
ジンの騎士団は其方に新たな帰る場所を与えよう。"
"As you delve into the mysteries of this world, apprentice Revna,
remember to learn from the past, not be consumed by it.","見習いレヴナよ、この世界の謎を紐解く中で、
過去から学び、それに飲まれぬことを忘れるな。"
"We lay you to rest in the forest deep, Runesmith Revna, so that you may be
forever hidden from the stars which so terrified you in your final days.
May the secret you took to your grave be lifted from your burdens.","ルーンスミスのレヴナよ、最期の日々に其方がああまで恐れた星々から
永遠に隠れられるよう、其方は深き森の中に埋葬しよう。其方が墓まで運んだ
秘密が其方の重荷から降ろされんことを祈る。"
"Darkness surges in the shadows of the past. Ancient evils stir. The stars
watch, forever aloof, forever menacing. None remain who know the
secret, so we are defenseless in the face of the unknown.","過去の陰の中で闇が押し寄せる。古代の邪悪が目覚める。星々は見つめる、
いつまでも遠くで、いつまでも恐ろしく。秘密を知る者は残されておらず、
我らは知られざる驚異に対して無防備である。"
"Your faith and our Order are not in opposition, young Eutychus.
Let this be the start of a new era of cooperation.","若きユーティカスよ、其方の信仰と我々の騎士団は敵対しておらぬ。
これを新たな協力の時代の幕開けとしよう。"
"As our hand in the Chamber, we grant you, Deacon Eutychus,
access to a domain we lack the resources to explore.","助祭ユーティカスよ、「部屋」における我らの手として、其方には
我らが調査するための資源を持たぬ領域に立ち入る権利を与える。"
"Given the fate of Deacon Eutychus and the men under Cardinal Sanctus Vox,
let none dare the Domain, lest they too feed that vile hunger eternal.","助祭ユーティカスと枢機卿サンクトゥス・ヴォックス配下の者たちの末路を鑑み、何人たりとも
「領域」へ挑んではならぬ。その者たちまであの永遠なる邪悪な飢えに喰われてしまわぬように。"
"As the passage between Wraeclast and the land beyond time's reach is torn open,
we stand on the precipice of eternal war.
And no one remains to hold us back.","レイクラストと時の手の届かぬ地の境界が破られ、
我らは永遠の戦争の縁に立たされている。
そして我らを押さえてくれる者は残っていない。"
"Rejected even by the Faridun outcasts, young Saresh, you were cursed to walk the
white sands until we found you. The Order shall command your penance now.","若きサレシュよ、ファリドゥンの除け者たちにさえ拒絶され、其方は我らに発見されるまで
白き砂を歩む運命だった。これからは騎士団が其方の贖罪を指示しよう。"
"As you explore the vast well of human darkness, Saresh, our Surgeon of the Dead,
remember that the price can sometimes exceed the value of knowledge.","死者の医師サレシュよ、人の闇という深き井戸を覗き込む中で、
時には代償が知識の価値を上回るということを忘れるな。"
"There was a man of bone, rotting flesh, and weeping black, but his name, his
ill-gotten knowledge, and his role in the Order shall be stricken from memory.","かつて骨と、腐った肉と、嘆く黒の男がいたが、彼の名、
彼の得るべきではなかった知識、そして彼の騎士団における役割は記憶から抹消する。"
"Though the Necromancer of Weeping Black fell in the desert by the hand of Garukhan,
his mindless legions remain scattered throughout Wraeclast, with no master to curb their hunger.","嘆く黒の死霊術師はガルカンの手によって砂漠で倒れたが、
心を持たぬ彼の軍団は空腹を制御する主を失い、レイクラスト中に散らばったままだ。"
"We pulled you from the raging ocean, young Dhunan,
but we cannot return you to your home. The Order of the Djinn
offers you a place on Wraeclast.","若きドゥーナンよ、我らは其方を荒れ狂う海から引き上げたが、
其方を故郷へ返してやることはできぬ。ジンの騎士団は
其方にレイクラストでの居場所を与えよう。"
"For using the techniques of your homeland to contain
the fungal plague, honoured Dhunan, you shall lead the war
to eliminate it and end the century-cycle of infestation.","誉れ高きドゥーナンよ、故郷の技術により真菌の疫病を抑え込んだ
其方は、それを根絶し百年続いた感染のサイクルを終わらせるための
戦いを導くのだ。"
"Be at rest, Blightmaster Dhunan, on the distant shores of
your home. A dangerous expedition, but one worthy for
he who gave his life to cleanse Wraeclast.","病の専門家ドゥーナンよ、遠き故郷の岸で休むが良い。
危険な旅ではあるが、レイクラストの浄化に命を捧げた
者に相応しき旅だ。"
"The fungal plague returns, and its roots have adapted.
The undiscovered Blightheart that Dhunan theorised
must still exist somewhere, yet none remain
with the skill to see to its destruction.","真菌の疫病は再燃し、その根は適応した。
ドゥーナンの提唱した未発見の「病の心臓」が
未だどこかに存在しているのだろうが、
それを破壊できる技術を持つ者は残っていない。"
"As the hordes of bone and blood and foul magic surge across the Vastiri Plains,
the scant survivors of our akhara agree to your alliance, ash-scarred Ahkeli.
Disorder means death. Order may mean life.","灰の傷痕のアーケリよ、ヴァスティリ平原に骨と血と邪悪な魔法の軍団が押し寄せる今、
我らのアカーラの数少ない生存者は其方との同盟に同意しよう。
無秩序は死を意味する。秩序は生を意味するかも知れぬ。"
"Your golems and your leadership have slowed the tide of death, Clayshaper.
The relics of power you bid us find have kept the Vastiri Plains from the brink
of oblivion. The defences of the Maraketh will hold.","粘土を形作る者よ、其方のゴーレムたちと指導力は死の高潮の勢いを削いだ。
其方の指示で見つけた力の遺物はヴァスティリ平原を抹消の瀬戸際から遠ざけた。
マラケスの守りは持ちこたえるだろう。"
"The Winter of the World has ended at the hands of the Three Sisters. We lay this scarab
upon your ancient grave in thanks for your efforts, Honoured Founder. As you hoped,
the fate of your people will never befall another.","世界の冬は三姉妹の手によって終わりを迎えた。誉れ高き設立者よ、あなたの働きへの
感謝の証として其方の古き墓にこのスカラベを贈る。あなたの願った通り、あなたの民の
悲劇は二度と起こらない。"
"The Abyssals creep forth by night and by storm. Their eons underground were not
a respite, but an amassing, and now they number beyond comprehension.","奈落のものたちは夜と嵐の中で這い寄ってくる。あれらが地下で過ごした永劫の時は
休息ではなく増員のためであり、今では奴らの数は理解を超える。"
"A glorious vista once exclusive
to emperors. Not anymore.",かつては皇帝だけが見た栄光の景色。今はもうなくなってしまった。
"A paradise, forever replenished by
endless waves teeming with life.",生命に溢れた波が永遠に押し寄せる楽園。
"Unknown legacies.
Untold stories.","知られざる遺産。
語られることのない物語。"
"A penitentiary for those who are not penitent
is nothing more than an inn for the evil.",懺悔しない者のための懺悔室は悪人のための宿に過ぎない。
"An unwashed gutter, where wretches
cut purses and throats alike.",掃除されることのない貧民街。惨めな者たちが財布や喉を切り裂く場所。
"Slaves held like cattle. A blood-soaked
revolution, just waiting to happen.",家畜のように繋がれた奴隷たち。血塗られた革命が起きるのを待っている。
"Heat. Dust. Wind. These are what
forge strong minds and bodies.",熱気、埃、風。これらが強い心と身体を作る。
"Water vanishes; an impromptu
prison becomes a tomb.",水が消え、即席の牢屋が墓となる。
"In darkness, beast and man
alike clamour to survive.",暗闇の中、獣も人も生きるために騒ぐ。
"Embraced by mud. Grasped by roots.
The careless are silently swallowed.","泥に抱かれ、根に掴まれる。
用心深くない者は静かに飲み込まれる。"
"Icy fangs seek tender hulls
to sink themselves into.","氷の牙は柔らかい皮を探し、
その中に身を沈める。"
"Treat a man like a wild animal,
and he will soon learn to bite.","人を野獣のように扱え
そうすれば、彼はすぐに噛むことを学ぶだろう。"
"The water brings life,
the poison takes it away.","水は命をもたらし
毒はそれを奪う。"
"Two unexplored frontiers remain:
The skies and the soil.","残りの未踏のフロンティアは
天空と地中だ。"
"Amidst the barren wastes,
a slender strand of life blooms.","不毛な荒野の中で
一筋の細い命が咲き誇る。"
"The farmer no longer plows
or sows. Only the flattened
soil remains.","農民はもう耕すことも種を撒くこともない。
平らになった土地だけが残る。"
"The wealthy foolishly battle
the ocean for domain.","金持ちは愚かにも
海を支配しようと戦う。"
"Vile fiends hide beneath
the peaceful plains.","平和な平原の下に
下劣な悪魔が潜んでいる。"
"Life crushed together.
Left to crumble to dust.","生命が共に潰れた。
崩れて塵となるまで放置されている。"
"We create so that some part
of us may remain after death.",死後も我らの一部を残すため創作をするのだ。
"Countless generations have
walked these time-worn stones.",数え切れぬほどの世代がこの風化した石畳の上を歩いた。
"Relics of a forbidden past.
Hidden away. Forgotten.","禁じられし過去の遺物。
隠され、忘れ去られしもの。"
"Justice born of love is a surrender.
Justice born of law is a punishment.","愛から生まれる正義は降伏であり、
法から生まれる正義は罰である。"
"Nothing good washes up
on this dark shore.",この闇の浜辺に流れ着くものに良いものなどいない。
"We all began life in darkness,
we shall all end it there.","我らは皆、暗闇の中で人生を始め、
我らは皆、そこで人生を終えるだろう。"
Beauty and brutality in such close proximity.,美しさと残酷さがこうも隣り合わせに存在している。
"Trapped in absolute darkness.
Despair. Panic. Terror.","完全な暗闇に囚われる。
絶望、パニック、恐怖。"
"We must all walk the narrow, winding path.
The end is always the same.","我々は皆、細く曲がりくねった道を歩まねばならない。
終わりはいつも同じだ。"
Tremble in the might of the flames.,炎の威力に震えろ。
"Fire ignites the sky.
A signal to keep away.
An invitation to invade.","炎は空を燃やした。
近寄るなという合図。
侵略への誘い。"
"A deep wound in the land.
One that will never heal.","この地に深く刻まれし傷。
決して消えることのない傷。"
"Ornate, elaborate, ostentatious...
and dripping with death.","豪華で、精巧で、派手...
そして死が滴り落ちている。"
"The creatures that prowl the wildest extremes,
nature anoints with cruel efficacy to defend her.","極限の環境を徘徊する生物に
自然は自らを守るために残酷な効能のオイルを塗る。"
"Forlorn and sorrowful, this once opulent
ruin conceals the sins of a fallen line.",荒れ果て、悲しみを帯びた、かつては華やかだったこの廃墟は、没落した一族の罪を隠している。
"They live trapped forever in darkness
and confusion. We are no different.",彼らは暗闇と混乱の中に永遠に閉じ込められて生きている。我らも同じだ。
"The stone cannot stop the torrent.
It can only divert it.",石は激流を止めることはできない。迂回させられるだけだ。
"Affluence and effluence, separated
by a few feet of soil.",数フィートの土で隔てられる、流入と流出
"This was not the first
civilization to believe itself
the greatest. And it will
not be the last.",これは自らを最も偉大であると信じた最初の文明ではない。そしてこれが最後でもないだろう。
"Man and nature intertwined,
but only for the chosen few.",人と自然が織りなす空間。だがそこは選ばれた少数の者のための場所であった。
"Panic only hastens the venom's
passage to the heart.",パニックは毒の心臓への到達を早めるだけだ。
"Man burrows for only
the eternal hibernation.",人は穴を掘る。永遠の冬眠のためだけに。
"A vault for the dead, as if
they were valuable. Pathetic.",死者を納める宝物庫、まるで彼らが貴重品であるかのように。哀れなものだ。
"They pleaded for the gods to bless their land.
Now they lie under the soil.",彼らは土地を祝福するよう神に懇願した。今、彼らは土地の中で横になっている。
Verdant canopies shroud the world in darkness.,緑豊かな天蓋が世界を暗闇で覆う。
"Every movement is watched,
recorded, remembered.",すべての動きは監視され、記録され、記憶される。
"They came for enlightenment,
but were imprisoned by madness.",彼らは啓蒙のために来たが、狂気によって投獄された。
"Little light enters.
No life escapes.",小さな光は入ってくるが、生命が逃げ出すことはできない。
"Reach out into the abyss,
and the abyss reaches back.",深淵に手を伸ばせ、そうすれば深淵が手を伸ばしてくる。
"Desperately reaching skyward
and digging downwards.
Sustenance is an
eternal struggle.",必死に空に向かって手を伸ばし、下へと掘り進む。糧を得ることは永遠の闘いである。
"Time turns even the vicious
volcanoes to hollow shells.",時間は凶暴な火山さえ空洞の殻に変えてしまう。
"Whispers from
a world apart
Speak my name
beyond the tomb;
Bound within
the Maelström's heart,
Will they grant me
strength or doom?","遠くの世界からの囁き
墓を超えて我が名を呼ぶ
混乱の中心に縛られて
彼らが与うるは力か破滅か？"
A stone forest of forgotten names.,忘れられた名前の書かれた石の森。
"Some dead have long
envied the living.
When given the chance,
they take from us what they can.
So we offer our suffrage.
In return, they give
only suffering.","生者を羨む死者もいる。
機会があれば我らから奪えるものを奪うだろう。
それ故に我らは彼らに参政権を与える。
その見返りに彼らは苦しみだけを返す。"
"Silent stillness. The waters are
as cold as they are black.",静かな静寂。水は黒く冷たい。
So much power in the hands of so few.,これほど多くの力が、これほど少数の者の手の内に。
"Thrust above the waves, still teeming
with horrors from the depths.",波の上に押し出されても、未だ深海から来た恐怖が溢れている。
"Fiend and fortune-hunter alike turned to ash.
A sorry alliance of unending agony.",魔物も富を求める者も同様に灰になった。終わりのない苦悩の悲しき同盟。
Home only to misery now.,今となっては家に帰っても惨めになるだけだ。
"A wall is the surest sign for raiders
that there is something of value to take.",壁に囲まれていることは、略奪者にとって貴重品があることを示す最も確実なサインである。
"Shifting, morphing, expanding. A reminder
of the virtues of an agile mind.",変化、変身、拡大。明晰な心の長所を思い出させてくれる。
"The dead ask to be remembered,
but such requests
are seldom met.",死者は記憶されることを求める。だが、そのような要求が満たされることはめったにない。
"They flew, and leapt,
and clambered over,
They crawled, and swam,
and slithered under.
Still its ancient secrets
await unclaimed
And of this hidden temple,
only legends remain.","彼らは飛び跳ね
よじ登り、
這って、泳いで
くぐり抜けてきた。
しかし今もなお、その古代の秘密は
手つかずのまま残っている
この隠された寺院の
伝説だけが残されている。"
"Life, like still water, becomes trapped.
Stagnant. Foul.","人生が、流れない水のように
閉じ込められてしまった。
淀み、腐っている。"
"Vibrant colours dash across the grey,
consuming Man's work.","鮮やかな色が灰の上を走り、
人の作りし者を喰らっていく。"
"Man is not the only beast to
bend nature to its will.","自然を意のままにする獣は
人だけではない。"
Greed is the only god here.,ここでは強欲だけが唯一の神だ。
"My last waking moments looked very
much like this place... I miss it. I miss her.","私の最後の覚醒の時はとても
この場所に似ていた...戻りたい。彼女に会いたい。"
"Should we feel disgusted at how the weak predate
the strong, or should we feel... admiration?","我々は弱者が強者より先にいたことにうんざりするべき
だろうか、それとも...畏敬の念を抱くべきだろうか？"
"Only fear remains unforgotten, where once
magnificent rites drew important crowds.","かつて壮大な儀式が重要な者たちを引き付けた
場所で、恐怖だけが忘れられず残っている。"
"A good slave is driven by
only two thoughts:
service and sacrifice.","良き奴隷の行動原理は
二つだけ：
奉仕と犠牲だ。"
"Many hands may
move a mountain.","多くの手があれば
山さえ動く。"
"There is no war. There is no army.
Only fear lingers.","戦はない。軍隊もいない。
残されたのは恐怖だけ。"
"An elaborate, beautiful garden,
hidden from the public. Selfish.","世間からは隠された、
精巧で美しい庭園。自己中心的だ。"
"Filth springs forth like blood
from a severed jugular.","まるで切断した首から湧き出す血のように、
不浄なものが溢れ出る。"
"Each life, each act, as fleeting as footprints in the sand.",一つ一つの命が、行為が、砂上の足跡のように儚く。
"The Treasures of the Tides
wait in agony
at the End of the World.","潮流の宝は
世界の終わりで
苦痛の中で待っている。"
"The temptations of paradise
draw forth the good
and the bad alike.","楽園の誘惑は
良きものと悪しきものを
等しく惹き寄せる。"
"God's jar of raw materials.
Life lying dormant,
waiting to sprout.","神の素材の壺。
芽吹くのを待つ、
眠る命。"
"Night's promises are dark, for
even the stars must be harvested.","夜の約束は暗いものだ、
星々さえも集めねばならぬのだから。"
"Lives come and go.
Only bones and dust remain.","命は来ては去り、
骨と塵のみが残る。"
We ascend to great heights to commit low acts.,我々は天の高みに上り、下劣な行為に手を染める。
"Verdant life blossoms
amidst death.","死の中に花開く
新緑の命。"
"Steep cliffs divide where the trees
may grow, and where they may not.","木々が育つことのできる場所とできぬ場所を
断崖が隔てている。"
"Where land springs from water,
life will shortly follow.","水から大地が生まれる場所では
命もすぐ後に続くだろう。"
"Wealth beyond imagining,
locked beyond reach.","創造の及ばぬ富が
手の及ばぬ所に。"
"Immaculate white stone rises
from the abyss. Perfection.","純白の白き石が奈落から
立ち上る。完璧だ。"
"Laughs of all the twisted
Echo through these
halls of gold.
In this cold forgotten void
They wander, forever uncontrolled.","歪んだ者たちの笑い声が
この黄金の間に
響き渡る。
この冷たく忘れ去られし虚空の中で
彼らは抑止されることなく彷徨う。"
"The sound of a thousand calls
for blood echo for eternity.","血を求める千の声が
永遠に響き続ける。"
"Ancient artifacts and beautiful baubles.
All paid for in blood.","古代の遺物や美しき飾り。
全て血と引き換えに。"
"Knowledge balanced atop a vast pit. Hold on,
or perish in the darkness of ignorance.","巨大な穴の上に置かれた知識。掴まれ、
さもなくば無知の闇の中で死ね。"
"No rest, no peace, no negotiation. Only War.",安息も、平和も、交渉もない。戦だけだ。
"The stone and lumber sleeps.
The captains are long dead.
Only the sea knows their end.","石と木材は眠る。
船長たちは死んで久しい。
彼らの末路を知るのは海だけだ。"
"Bells are rung in celebration, and in sorrow.
And, finally, in despair.","鐘が鳴らされる。祝いの鐘、悲しみの鐘。
そして最後に、絶望の鐘。"
"They feel your every move,
your every breath,
with a million little wires.","百万の細い糸で、
奴らはお前の一挙一動を、
息遣いさえも感じている。"
"A white bone stripped of its fertile flesh.
Life spirals towards its end.","肥沃な肉を剥ぎ取られた白骨。
生命は終焉に向かって螺旋を描く。"
"Crushed together and fenced in,
to live out their lives like cattle.","押し合いへし合い、柵で囲まれ
家畜のよう一生を過ごす。"
"Layer upon layer of death and rot.
Disgusting.","死と腐敗が何層にも折り重なっている。
不快だ。"
"Man's reach extends into
the ocean, clawing at
its infinite depths.","人間の手は海へと伸びる。
その無限の深みを引っ掻きながら。"
"Saints and heathens look the same
once the rot takes hold.","腐敗してしまえば、
聖者も異教徒も同じに見える。"
"For his sins
he was hunted in his sleep,
judgement wrought
of twisted nightmare.
The Coward bound
his dreams to stone,
awaiting another to walk
the path of true atonement.","彼の罪のために
眠っている間に狩られた。
捻じれた夢は
裁かれた。
臆病者は夢を
石に縛り付け
真の償いの道を
歩むものを待っている。"
The fruit that grows from bloody ground tastes sweetest.,血に塗れた地面から生える果実は、最も甘い。
"Even the greatest achievements
will eventually be abandoned.","最も偉大な業績さえ
いずれは捨てられる。"
"The grandest and greatest
ever to fight,
Divine the champions stand tall.
But match their power,
best their might,
And even the immortal may fall.","史上最も偉大で壮大な
戦いのため
神々しいまでの王者の立ち姿。
しかし、彼らの力に匹敵する、
最高の力を持つ
不死身の者でさえ倒れるかもしれない。"
"In darkness, the alpha rises. The companionship
of beasts is fragile indeed.",暗闇の中で、群れの長は立ち上がる。獣どうしの関係は実に壊れやすい。
"Small minds demand
the largest structures.",小さき心は巨大な構造物を求める。
"A dough of bad blood.
A yeast of ill will.","悪しき血の生地。
悪意の酵母。"
"Each branch, each leaf,
an extension of a web
that spans sanity.","それぞれの枝、それぞれの葉が
正気を保つために蜘蛛の巣を広げる。"
"The dark seas swallow the careless
and spit them against sharp rocks.","暗い海は不注意な者を飲み込み
鋭利な岩に突き刺す。"
"A river in the sky, far from that
which so desperately needs it.",空に流れる川。必要とする者からはるかに遠く離れている。
"Repetition. Convention. Duplication.
Creation distilled to perfection.",反復、慣習、複製。完璧なまでに蒸留された創造物。
"Barren and sun-bleached.
Emptiness as far as
the eye can reach.","不毛で太陽に晒されている。
目に見える限りの空虚。"
Blood turns the soil to mud.,血は土を泥に変える。
"Crafted with reverence.
Defiled with ease.","敬虔さで造られ、
容易に冒涜される。"
"We are swept ever upwards by our ambition,
with no thought of what awaits us at the peak.","我らは野心によって突き動かされる。
頂上で何が待っているか考えもしない。"
"A once great monument,
now a forgotten memorial.","かつての偉大なモニュメントが、
今や忘れられて記念碑となった。"
"When the castle falls,
it has failed its only purpose.","城が陥落した時、
その唯一の目的を果たせなかったということだ。"
"As the torch flickers, brilliance
emerges in boundless variance.",松明が輝く時、輝きは無限のバリエーションで現れる。
"Wealth is powerless to stop
the corroding force of time.",富には時間による侵食を止める力はない。
"Who is the true criminal, the one behind
bars, or the one who tortures him?",真の犯罪者は誰だ？牢屋に入れられた者と彼を拷問した者だ。
"""Here the soil is more deadly
than any swing of the axe.""
- Oba of the Karui,
Conqueror of Corruption.","「ここでは土は斧の一振りよりも致命的だ。」
ー穢れの征服者、カルイ族のオバ"
"Even in death, we long to
be close to one another.",死してもなお、我らは互いに寄り添い合いたいと願う。
Rats chase their tails for the amusement of fools.,ネズミは愚か者の楽しみのために尻尾を追いかける。
"From the heart of fire, rivers
of burning rage billow forth.",炎の中心から、燃え盛る怒りの川がほとばしる。
"Amongst the rabble,
brutality is the law.","暴徒たちの間では
残忍さが法である。"
A brief respite in a sea of obligation and uncertainty.,義務と不安の海での束の間の休息。
"Boils swell from the earth.
Foul malignant flesh
without purpose.","大地が膨らみ腫れる。
目的を持たぬ
邪悪で汚れた肉体。"
"A garden on a stone pedestal.
An incredible, and foolish, feat.","石の台座に乗った庭園。
素晴らしくも愚かな偉業だ。"
Black tiles don't stain so easily.,黒のタイルは汚れにくい。
"There is no war. There is no army.
Only rage lingers.","戦はない。軍隊もいない。
残されたのは怒りだけ。"
"As mirage becomes reality,
hardship is briefly quenched.","蜃気楼が現実となり、
苦難は一時だけ潤される。"
"Black monstrous bridges cross oily rivers,
leading nowhere. Nothing as it should be.","恐ろしい黒き橋が油のような川を渡し、
どこへも続かない。あるべき姿であるものは何もない。"
"Life means as little as a passing
moment of entertainment.
Let them rot.","生とは一瞬の娯楽と
同じくらい無意味だ。
腐らせておけ。"
"Clear water springs forth.
A moment of purity before it too gathers filth.","透き通った水が湧き出す。
それも汚れてしまうまでの一瞬の清浄。"
"The trees grow twisted and gnarled,
without a hint of light.
A curse lingers here.","一筋の光も見えず
木々はねじれ節くれ立つ。
ここには呪いが残っている。"
A sanguine supplication to death and depravity.,死と狂気に捧げる血の祈り。
"Drought took the plants, famine took the people.",干ばつは植物を連れ去り、飢饉が民を連れ去った。
"A hollow echo of bygone times
in a land where none lived long.","長く生きたもののいない地の
過ぎ去りし時の虚ろな残響。"
"Death forces even the most
determined of despots to
pass the crown.","死は最も意志の強い
暴君にさえ
玉座を明け渡させる。"
"At the heart of a peaceful, secluded valley,
an island of burning, consuming fury.","平和で人里離れた谷の中心に、
燃え盛り喰らい尽くす怒りの島。"
"Built so the prayers would echo.
A resonance no god could hear.","祈りが響くよう設計された。
どの神も聞くことのない反響。"
"From the walls, water, and ferns...
Death comes crawling on ancient steps.","壁から、水から、シダから...
死は古き歩みで這い寄る。"
"Each plank of rotting wood,
each dead sailor,
feeds the island and makes it grow.","全ての腐った木の板、
全ての死んだ船乗りが、
島の糧となり成長させる。"
"Life's wet, reproductive stink abates,
relenting to death's chaste ritual of decay.","生の湿った繁殖の悪臭は和らぎ、
死の貞淑な腐敗の儀式に道を開ける。"
"Where once waves crashed with crushing force,
brittle wooden bones tell tall tales.","かつて波が力強く打ち付けた場所で、
脆き木の骨が法螺を吹く。"
"Aided by unrelenting rain,
rot devours new life at the first fumble.","執拗な雨に助けられ、
一度の失敗で腐敗が新たな命を喰らう。"
"The faintest traces of civilisation
defiantly resist nature's scouring tendrils.
An admirable, but futile, effort.","文明の僅かな痕跡が
ふてぶてしく自然のつるによる洗浄に抗う。
立派だが、無駄な努力だ。"
"The fleet lay stranded in the winter wastes,
those aboard to never again see the light of day.","艦隊は冬の荒野に座礁し、
乗った者たちはもう日の目を見ることはない。"
"Does the land reject the dead,
or do the dead reject their fate?","大地が死者を拒んでいるのだろうか、
それとも死者が運命を拒んでいるのだろうか？"
"Rain will wash away the stains,
but the madness and memories will never fade.","雨は汚れを洗い流すが、
狂気と記憶が消えることはない。"
"Great stone towers tore at the natural order
and were promptly put in their place.","巨大な石塔が自然の摂理を引き裂こうとし、
すぐに身の程を思い知らされた。"
"Ever does man look to emulate his creator,
only to match his indifference.","人はいつもに創造者を模倣しようとし、
その無関心だけを真似てしまう。\"
"Ice forges a fickle path,
as those beneath its veil can attest.","氷が作るは気まぐれな道だ。
その膜の下にいる者たちが証言してくれるだろう。"
"Every instinct wills you to sleep through the bitter cold;
a certain death. Those that yet survive must fight
through every aching movement.","全ての本能が厳しい寒さを眠ってやり過ごせと叫んでいる；
確実な死だ。未だ生きる者たちは全ての痛みを我慢して
動かねばならない。"
"Grim blessings whispered in the deepest,
most secret of places.","最も深き、最も秘密の場所で囁かれし
昏き祝福。"
"One of my captors hid a beast within his heart.
Now his true self can be seen by all.","私を捕えた者の一人は心に獣を隠していた。
今や彼の正体は皆が見ることができるようになった。"
"One of my captors wore many faces,
yet kept her true face hidden.
Now she cannot escape her true face.","私を捕えた者の一人は幾つもの顔を持ちつつも、
自分の真の顔を隠していた。
これで彼女は真の顔から逃げることはできない。"
"One of my captors felt no emotion.
He did not hesitate to inflict pain.
Now all he feels is intense, unstoppable agony.","私を捕えた者の一人は感情を持たなかった。
彼は痛みを与えることを躊躇しなかった。
これで彼が感じるのは強烈な止められない苦痛だけだ。"
"One of my captors refused redemption.
He did not see value in a new life.
Now new life surrounds him.","私を捕えた者の一人は贖いを拒んだ。
彼は新たな生に価値を見出さなかった。
これで新たな生は彼を取り囲んでいる。"
"Voices. Visions. Violence.
They will haunt these grounds for all of eternity.","幻聴。幻視。暴力。
それらは永遠にこの地を呪うだろう。"
The nexus of nothingness and equilibrium of eternity.,虚無の中心にして永遠の均衡。
"From those who are gone, to those who remain.",亡くなったものたちから、残されたものたちへ。
"Whispers and promises, ancient and alluring.",囁きと約束、古代の魅惑。
"The winters of my youth were cold and harsh.
We had nothing, yet to my mother's credit, I wanted for so little.","私が若い頃の冬は寒く厳しかった。
私たちは何も持っていなかったけど、母のおかげで、私が何かを欲しがることはほとんどなかった。"
"What had seemed sacred and infallible
so quickly became flawed out of necessity.
Created from compromises. Vulnerable to mortal whims.","神聖で無謬だと思えたものが
あっという間に必要ですらない欠陥だらけのものになった。
妥協により作られたため、
人間の気まぐれに弱いのだ。"
"Without our strict rule, man's destructive side would take hold.
Our beautiful public spaces, our services for the ill and the needy,
all of it would crumble.","厳格なルールなしでは、
人間の破壊的な側面が現れてしまう。
我らの美しい公共の空間も、病人や困窮者への奉仕も、
すべて崩壊してしまう。"
"It was in my oath that I found peace.
In echoing marble halls I found my voice.
Before the congregation I found purpose.","私が平安を見出したのは、誓いの中でだった。
大理石でできた反響するホールの中で、私は自分の声を見出した。
人々の前で、私は目的を見出した。"
"Though my life is gone, my purpose is not.
My will remains, emboldened and empowered
by the righteousness of my cause.","我が生命は失われたが、我が目的は失われない。
我が意志は残り、目的の正しさにより
勇気と力を与えられる。"
"""Did nobody think to report that we had acquired some sort of free-floating
Memory? Cease testing and lock this away immediately!""
- Administrator Qotra","「誰も、一種の自由に浮遊する記憶を手に入れたことを報告しようとは思わなかったのか？
実験をやめ、これを直ちに隔離せよ！」
―管理者クォトラ"
The secret of the elements lies within a square triangle.,元素の秘密は、四角い三角形の中にある。
"There is a way to survive the bite of an ice snake,
but few have the resolve to attempt it.","アイススネークに噛まれても生き延びる方法はある。
しかし、それを試みる覚悟を持った者はほとんどいない。"
"Those members of the Brotherhood who employ the venom of
Trarthan ice snakes must take great care with the volatile substance.",一党のメンバーがトラサン・アイススネークの毒を使用する時は、揮発性の物質に最新の注意を払わねばならない。
"A glacier of putrid meat, crushing mountains and valleys alike.",腐敗した肉の氷河が、山も谷も押し流す。
"Greater than any blade, agility and intellect will be your weapons.",どんな刃物よりも、敏捷性と知性が武器になる。
Poison the land and they'll have nothing to defend.,土地を毒で冒すのだ、さすれば奴らは守るべきものを失う。
"""Recommend extreme caution on any prototypes that can lead to a chain reaction
of deaths. Lab Twelve has been lost to the flames.""
- Lead Researcher Ksaret","「死の連鎖反応を招く可能性のあるプロトタイプには細心の注意を払うことを推奨する。
12番研究所は炎に包まれ消滅した。」
―主任研究員クサレット"
"Centuries ago, there existed a unique grove imbued with ancestral fire.
As with all things, the Karui used its wood for war.","何世紀も前に、先祖の炎を宿した他には二つとない森があった。
他のものと同様に、カルイはその木を戦争に使った。"
"Biology is but a machine, begetting effusion of energies;
death is but a curse, that can be given... or reversed.","生命とはただの機械で、エネルギーを放つ。
死はただの呪いに過ぎず、与えることもできれば... 反転することも可能だ。"
Forsake what you might have had. Command power beyond your potential.,手にしていたかもしれないものなど捨てよ。潜在能力を超えた力を発揮せよ。
Lose that which you never had. Gain power you could not have grasped.,手に入れられなかったものなど失っていい。手にし得ない力を手に入れるのだ。
There is nothing more brutal than a simple blade wielded with rage.,怒りに任せて振り回されたただの刃より残忍なものはない。
"""Researchers will refrain from scaring each other by firing ice spears while holding
Prototype #141. Sooner or later, someone's going to lose an eye.""
- Administrator Qotra","「プロトタイプ#141を持って研究者同士で氷の槍を撃ち合うのは控えましょう。遅かれ早かれ、誰かが目を失うことになります。」
―管理者クォトラ"
"The villagers seared the blight with fire, but it only spread like dancing flames.

<default>{This item can be anointed by Cassia}","村人たちは炎でブライトを焼き払おうとしたが、踊る炎のように広がるだけだった。

<default>{このアイテムはカッシアによってオイルを塗ることができます}"
"The villagers seared the blight with cold, but it only bloomed countless spears.

<default>{This item can be anointed by Cassia}","村人たちは冷気でブライトを焼き払おうとしたが、無数の芽を芽吹かせただけだった。

<default>{このアイテムはカッシアによってオイルを塗ることができます}"
"The villagers seared the blight with lightning, but it only forked into countless tendrils.

<default>{This item can be anointed by Cassia}","村人たちは雷でブライトを焼き払おうとしたが、無数の蔓に枝分かれしただけだった。

<default>{このアイテムはカッシアによってオイルを塗ることができます}"
"Relentlessness. Nothing more, nothing less.

<default>{This item can be anointed by Cassia}","情け容赦なさ。それ以上でもそれ以下でもない。

<default>{このアイテムはカッシアによってオイルを塗ることができます}"
"""Suppression troop seven, the 'Glowering Faithful,' managed to fell the escaping
test subject by timing their arrows between his explosive dashes.""

<default>{This item can be anointed by Cassia}","「第7制圧部隊、睥睨する信者はその爆発的なダッシュの合間に矢を放ち、逃亡する被験者をなんとか転倒させることができた。」

<default>{このアイテムはカッシアによってオイルを塗ることができます}"
"The last gasp is not always one's final act.

<default>{This item can be anointed by Cassia}","最後のあがきが、必ずしもその人の最後の行動になるわけではない。

<default>{このアイテムはカッシアによってオイルを塗ることができます}"
"Shrouded in seed, a conduit of contagion,
yet the source of septicity remains unknown.

<default>{This item can be anointed by Cassia}","種の中に隠れ、伝染病を媒介する。
未だに敗血症の原因は不明なままである。

<default>{このアイテムはカッシアによってオイルを塗ることができます}"
"Burned rhoa's eye and goatman's beard do demand:
Leave behind those lazy bones;
Dance, ye dead, at my command!","焼かれたロアの眼とヤギ男の髭が必要だ。
その怠け者の骨は捨て置け。
踊れ、汝ら死者よ、我が命令の下！"
A single act of anger travels countless paths of destruction.,たった一度の怒りの行動が、無数の破壊の道へと繋がる。
Divinity is not the only path to enlightenment.,神性だけが悟りへの道ではない。
The mind is a filter through which anarchy becomes order.,心とは、無秩序を秩序に変えるフィルターである。
Fear not the fury of the storm.,嵐の猛威を恐れるでない。
Those who offer up sacrifices to every deity entreat the full favour of none.,全ての神に捧げ物をする者はどの神からも完全な恩寵を賜ることはない。
"Light as a board,
Stiff as a feather.","板のように軽く、
羽のように固い。"
"""For personal defence, Prototype #444 is fantastic. It is one hundred percent
effective seventy five percent of the time... once.""
- Lead Researcher Ksaret","「個人の防御にはプロトタイプ444号は素晴らしい。
75％の確率で100％の効果がある...一度だけ」
ー主任研究員クサレット"
"We whack, we sack, we hack up the back,
We bore, we gore, because we're bored.","蹴って殴って背を刻んで、
貫き刺すのは退屈だから。"
Lay bare paths to pain you never knew you had.,自分が持っていることさえ知らなかった痛みへの道を顕にせよ。
Lead the army of the damned from the front.,亡者の軍隊を先頭で導け。
The laws of the faith do not apply to its leader.,信仰の法は指導者には適用されない。
Some sins were never meant to be remembered...,覚えておくべきではない罪もある...
"The memories and emotions of countless victims of the Elder,
locked in stone for eternity.","永遠に石棺に閉じ込められし、
エルダーの無数の犠牲者たちの記憶や感情。"
"The Maven knew nothing of mercy
until she herself needed it.","メイヴンは自分に必要になるまで
慈悲というものを知らなかった。"
"The Elder fed on all that gave life meaning
until it encountered an unbreakable bond.","エルダーは命に意味を与える全てを喰らい続けた
千切れぬ結束に辿り着くまで。"
"The Eater of Worlds consumed for countless
eons to satiate the desperation of masters
that could never be satisfied.","世界を喰らう者は満足することなき主たちの
飢えを満たすため、喰らうことに
永劫の時を費やした。"
"The Searing Exarch spread the Word of
Enlightenment for countless eons without
ever understanding its master's message.","灼熱の代行者は主の言葉を理解することなく、
悟りの言葉を広めることに
永劫の時を費やした。"
"Drink, my children, and be strengthened.",飲むのです、我が子らよ。力を付けるのです。
Make your mark on history.,歴史に爪痕を残せ。
"The body stands, but the spirit soars.",肉体は立ち続けるが、魂は飛翔する。
"On the mirrored edge of infinity,
one man sinks forever into darkness,
one man rises into light.
But which one am I?","鏡写しの無限の縁にて
一人は闇へと沈み続け、
一人は光へと昇り行く。
だが私はどちらだろう？"
The storm cannot break that which bends.,嵐は曲がるものを折ることはできぬ。
"Though we cannot touch; one thought, one wish, through centuries alone in darkness.",我らは触れることはできぬが；一つの思い、一つの願い、何世紀も独り闇の中で。
"Through vision coloured by burning rage and icy hate
peers a visitor from a realm of ill intent...","燃える怒りと冷たい憎悪で色付いた視界を通し
悪意ある世界の客が覗く..."
"Those who could flee did so.
The rest fought bravely,
and died horrifically.","逃げられる者は逃げた。
残りは勇敢に戦い、
惨たらしく死んだ。"
"They came, full of vim and vigour, to take what was not theirs.
They crashed and clamoured like waves against rocks,
and were swept back out to sea.","奴らは元気いっぱいに、己のものでないものを奪いにやって来た。
奴らは岩に当たる波のようにぶつかり騒ぎ、
海へと押し戻された。"
"The King's Eye returned from the west.
Fertile pastures lay just beyond sight.
Just a little farther, he said.
It was always just a little farther.","王の目は西より帰還した。
視界のすぐ先に豊かな地があると。
あと少し先です、と彼は言った。
いつまでもあと少し先だった。"
Nothing is more alluring than mystery.,謎ほど魅惑的なものはない。
"There exists in every man and woman
a desire to push boundaries, to break new ground,
to make great discoveries,
no matter the personal cost.","全ての男と女には
限界を試し、新天地を開拓し、
大発見をする欲望がある。
己の支払う代償に拘わらず。"
"Conflict begets only suffering.
For some, that is by design.","対立は不幸しか産まない。
一部の者にとって、それは意図的なものだ。"
"Does the belly swell, or the belt shrink?
To those caught between, there is no difference,
and something must soon give.","腹が膨らんでいるのか、ベルトが縮まっているのか？
間に挟まった者にとって、どちらも同じことだ。
近いうちに何かが破れることになる。"
A moment of calm before the battle can end the war.,戦いの前の一瞬の静寂は戦を終わらせることがある。
Winter's white blanket swaddles all.,冬の白き毛布は全てをくるみ込む。
"The Trickster God turned the very Day and Night against each other.
What hope have you?","トリックスターの神は昼と夜そのものを仲違いさせた。
お前にどんな希望がある？"
The machines do not hate. They merely serve one who does.,機械は憎しみを持たない。持つ者に仕えているだけだ。
"Savour the bitter, cherish the sweet,
For there may never be another chance to eat.","苦味を楽しみ、甘味を味わえ。
もう食事の機会は無いかも知れぬのだから。"
"""Try as I might, I could not escape it.
When I closed my eyes, I saw only death.
Each breath tainted with the scent of seared and smouldering flesh,
And each sound tangled with pleas for mercy.""","どれだけ頑張っても、逃れられなかった。
目を閉じると、死だけが見えた。
吸った息は焼けて燻る肉の香りに汚され、
聞いた音は慈悲を求める声で絡まっていた。"
"You can take the girl out of the woods,
but you can't take the woods out of the girl.","少女を森から連れ出すことはできるが、
少女から森を取り出すことはできない。"
"Pain is a fine motivator,
But if you seek the truth,
Fear of pain unknown has no parallel.","痛みは結構な動機ではあるが、
真実を求めるならば、
知られざる痛みへの恐怖に並ぶものはない。"
"As the dead battered Highgate's barricades,
The Black Sekhema accepted her fate,
And stood her ground.","死者がハイゲートのバリケードを打ちつける中、
黒きセケマは運命を受け入れ、
一歩も引かなかった。"
"Maids used to threaten to send misbehaving children of
nobility to the pits beneath the Grand Arena.
For the children of slaves, it was more than just a threat.","言うことを聞かない貴族の子供たちに、メイドたちは
大闘技場の地下の穴に放り込むぞと脅したものだ。
奴隷の子供たちにとっては、それはただの脅しではなかった。"
"Once you begin to rely on your weapons,
You ensure you can't live without them.","武器に頼り始めれば、
確実にそれなしでは生きていけなくなる。"
"It was a great honour to fight at the front.
The few that survived the initial charge were guaranteed fame and fortune.","前線で戦うのは非常に名誉なことだった。
開戦の突撃を生き残った者たちには富と名声が確約された。"
You need not go looking for a second opinion.,セカンドオピニオンを求める必要はない。
"If you're going to act like you're better than everyone else, make sure you are.",他人よりも優れているように振る舞うのであれば、必ずそうあれ。
Only a madman would ignore a god's instructions.,神からの指示を無視するのは狂人くらいだ。
Nothing spreads as quickly as an idea.,思想ほど速く広がるものはない。
How do you defeat that which dwells within you?,己の内に巣食うものをどうやって倒すのだ？
Bloodlust begets suffering.,血の渇きは不幸を生む。
Lightning lives in an endless circle.,雷は終わりなき円を生きている。
"""We have methods of interrogation the Inquisitors only dream of.""
- Marcus, Brotherhood Liaison","「我らには審問官どもが望むべくもない尋問の手段がある」
一党の連絡係マーカス"
"""This was the first step in some grand design,
lost to the ages, now ours to decipher.""
- Dominus, High Templar","「これは我々が解読せねばならぬ、遥か昔に失われし
大いなる計画の第一段階だ」
ーハイテンプラー、ドミナス"
"The Azmeri must never touch the Tears of Maji, lest Viridi weep.",ヴィリディが泣かぬよう、アズメリの民がマジの涙に触れることがあってはならぬ。
"""I believed I understood Prototype #112 quite fully, until a test subject
with Azmeri ancestry donned it. I will be haunted by the results
for the rest of my life.""  - Researcher Graven","「アズメリの血筋を引く被験者がそれを身につけるまでは、
私はプロトタイプ112号を完全に理解しているつもりだった。
あの結果は一生私を苛むだろう」ー研究者グレイヴン"
"Under its influence, shards of metal take on a life of their own, wriggling into flesh,
burrowing into organs, and exploding outwards in search of other victims.","それの影響下では金属片は命を持ち、肉体に潜り込み、臓器に食い込み、
次の犠牲者を求めて外へと爆発する。"
"Claws open, brace for a bite. Stinger raised, dodge or die.",はさみが開けば、身構えろ。針が上がれば、避けるか死ぬかだ。
"Imbue the body with stolen spirit, hold the leash tight.",盗んだ魂を体に与え、手綱を強く握れ。
"Chitus' success stemmed from his cunning, taking calculated
risks so that greater dangers could be averted.","チタスの成功は彼の抜け目なさに由来する。より大きな危険を避けるため、
計算された危険を冒していた。"
An eye for an eye.,目には目を。
The strong survive. The strongest thrive.,強き者が生き残る。最も強き者が栄える。
The pyre is never wasted on just one heretic.,一人の異端者に薪を無駄遣いすることはない。
"Death creeps closer; unseen, inexorable, hungry.",死が忍び寄る；見られず、容赦なく、腹を空かせて。
A dance as old as time.,時のように旧き踊り。
Simple. Deadly. Unstoppable.,単純。強力。無敵。
Lead by example.,手本となれ。
"He may have returned from the frozen southern reaches,
but that doesn't mean he ever truly escaped them.","彼は氷に覆われし南方から戻ったかも知れぬが、
それは本当にそこから逃れられたことを意味しない。"
"For how little time they had together,
their love was all the more powerful.","共に過ごした時は短くとも、
その分彼らの愛は強まった。"
"Every glorious conquest
stands astride innocent bones.","全ての栄光ある勝利は
罪なき者の骨を跨いでいる。"
"The target changes, but the job's always the same.",目標は変わるが、仕事はいつも同じだ。
Freedom is won only by those who are not free.,自由を勝ち取れるのは自由無き者たちだけだ。
"Better to act without thought
than to think without action.","思考無き行動は
行動無き思考よりは良い。"
"The Goddess abides a kingdom beyond compare,
should you meet her challenge.","彼女の試練を乗り越えたならば、
比類無き王国で女神は待つ。"
"You may appeal to the Goddess for another verdict,
but justice favours only the truly worthy.","女神に異なる判決を懇願することはできるが、
正義が認めるのは真に相応しき者だけだ。"
"Before the Goddess, nothing remains hidden.
Adversity reveals old flaws and new strengths.","女神の前では、何も隠すことはできない。
苦境は古き短所と新たな長所を顕にする。"
"On the edge of existence, he watches with ire.",存在の果てから、彼は怒りの眼差しを向ける。
"The line that divides hope and fear,
life and death, crowd and mob,
is as thin as a whisper.","希望と恐怖、生と死、
群衆と暴徒を隔てる線は
囁きのように細い。"
"""This will help with the pain.
One for you... and one for me.""
- Doctor 'Shaky Hands' Opden","「これで痛みは良くなるだろう。
一つは君に...一つは私に」
ー『震える手』の医師オプデン"
"The sky, the land, the people burned.
What little still stood soon faced wild, battering storms.
Winter arrived suddenly and stayed for a generation.
Civilisation was not simply halted, but reversed, erased.","空が、大地が、人が燃えた。
未だ立ち続けていた数少ないものは荒れ狂う嵐に晒された。
突如冬が到来し、一世代続いた。
文明は停止に留まらず、逆行し、削除された。"
Somebody does have to get hurt.,誰かが傷つく必要がある。
All roads lead to that destined doom.,全ての道はその定められし破滅へと続いている。
Nothing stabs colder than pure hatred.,純粋な憎しみほど冷たく突き刺さるものはない。
"As the flow of battle demanded, she became a sudden storm or a vanishing wind.",戦いの流れが求めるままに、彼女は突然の嵐になり、消えゆく風となった。
A thousand years of dark skies and unending cold.,暗い空と果てしない寒さの千年もの日々。
Druids of the Grelwood never fight alone.,グレルウッドのドルイドは決して一人では戦わない。
"The Oriathans built their empire on naval mobility, which allowed
them to wage war wherever their enemy was weakest.","オリアス人は敵の最も弱い箇所に戦を仕掛けられる
海軍の機動性を帝国の基盤とした。"
The giant cares not for the ants.,巨人は蟻のことなど見ていない。
Expand one single ambition to crystal clarity... and beyond.,単一の夢を拡大し、水晶のように明瞭に...そしてその更に先まで。
"To stand at the confluence of the elements,
the master must achieve perfect balance.","元素の合流地点に立つには、
達人は完全なる均衡を会得しなければならない。"
Obtaining information depends upon pretending one already has it.,情報を得るには既にそれを持っているふりをすることだ。
The lightning fears not the flame.,雷は炎を恐れない。
Maximum power fueled by science gone mad.,狂える科学による最大級の力。
Indiscriminate destruction fueled by science gone mad.,狂える科学による無差別の破壊。
"Fragile, explosive, and punishing.",壊れやすく、爆発的で、苛烈。
"Never let the audience know your true form. Misdirect them,
beguile them. Strike when they least expect it.","観客に真の姿を知られるな。欺き、騙せ。
最も予想していない時に襲え。"
"The single well-placed arrow that changes the world
must be preceded by ten thousand practice shots.","世界を変える一本の狙い澄ました矢の前には
一万本の練習が積み重なっている。"
"Teach a man to burn, and you'll be warm for the rest of his life.",人に燃え方を教えてやれば、君は彼が死ぬまで暖を取れるだろう。
"""Remain poised. Remain balanced. Keep all the emotions of a lifetime caged.
Let only your enemies see the truth of your rage.""","「落ち着きを欠くな。平静を乱すな。一生涯分の感情を全て閉じ込めろ。
其方の真の怒りは敵にだけ見せろ」"
"""The Faridun cannot earn burial in the sky.
They have other ways of keeping the dead.""","「ファリダンは空の埋葬を勝ち取ることはできない。
彼らには死者を保存する別の方法がある」"
"""Allegedly turns water to Lethe. That makes it my competition.
I don't like competition.""","「水をレーテに変えるらしい。ならば私の競争相手だ。
私は競争を好まない」"
"""Sap of the Aturi tree, known only to grow at the meeting point of the seven waters.
Nothing since its disappearance has smelled as wondrous.""","「七つの水が出会う場所にしか育たぬ、アトゥリ樹の樹液だ。
無くなって以来、あれほど素晴らしき香りを嗅いだことはない」"
"""A symbol of my birthright and claim to my fiefdom.
I must have it if I am to return my family to its rightful place.""","「私の生まれ持った権利と封土の権利の象徴だ。
我が一族を正当な地位に復権させるには取り戻さなければならない」"
"""A true curiosity. Matches no known language, yet its illustrations hint at knowledge
only rediscovered hundreds of years after the death of its unknown author.""","「実に奇妙だ。知られている言語のどれにも一致しないが、描かれている図は知られざる著者の
死後数百年後まで再発見されていない知識を示唆している」"
"""Balabus Arimor was a little-known preacher during the days of Emperor Chitus,
who believed eternal life could be achieved through ritual sacrifice.
We shall see whether he was a prophet - or a charlatan.""","「バラバス・アリモールは儀式的な生贄により永遠の命を得ることができると信じていた、
皇帝チタス時代の無名な説教者だ。
彼が預言者だったのかーあるいは詐欺師だったのか、じきに判る」"
"""As warm as living flesh, and smelling strongly of sulphite.
Morbid curiosity compels me to add it to my collection of oddities.""","「生きた肉体のように暖かく、亜硫酸塩の激臭を放つ。
怖いもの見たさで私の珍品コレクションに加えたい」"
Rubbing the eel's head is said to bring smugglers good fortune.,密輸人の間ではうつぼの頭を擦ると縁起が良いと言われている。
"""If Jamanra has been resurrected the way so many other ancient heroes have returned,
then perhaps I can convince him to rise up and unite the Faridun once more!""",「他の古代の英雄が生き返ったように、もしヤンマラーが復活したら、彼を説得して立ち上がらせ、もう一度ファリドゥンを団結させられるかもしれないわ！」
"""Some of my inventions don't live up to their names, but some work all
too well. Let's hope that the Unbreakable is the former, not the latter.""",「私の発明品の中には名前負けするものもあるけど、意図通りに機能するものもあるわ。壊しえないものが後者でなく、前者であることを祈りましょう。」
"""A part of me still believes I can convince Nashta to give up her rebellious ways and come home. That part
of me will forever be nine years of age, futilely chasing her as she runs off into the dunes yet again.""",「私の心の一部では、まだナシュタに反抗的な態度を捨てさせ、家に帰るよう説得できると信じている。私のその心の一部は永遠に9歳のままで、何度も砂丘に逃げ込む彼女をどうしようもできないとわかりながら追いかけているの。」
"""There can be no freedom
while hate still reigns.""",憎しみが支配する限り、自由を得ることはできない。
"""If Admiral Darnaw is stupid enough to send orders to his fleet members
and not expect us to steal them, then he deserves what's coming to him!""",「ダルノー提督が、艦隊に出した命令をワシらが盗むことを予想だにしないほどの愚か者なら、これから奴に起こることは自業自得じゃ！」
"""The Vox speak in threats.
We will answer them with action.""",「ヴォックスは脅迫を使う。私たちはそれに行動で答えるのよ。」
"Each blow of the hammer shapes the ingot,
each strike stretching and sharpening;
The sabre's tip reaching out, grasping for life.","ハンマーの一振り一振りがインゴットを成形し、
一打一打が引き伸ばし研ぎ澄ます；
サーベルの先端は命を求め手を伸ばす。"
"Quenched, the blade hardens, becomes brittle.
The edge will not last forever,
But when it breaks, its service will continue.","焼入れにより刃は固まり脆くなる。
その切っ先はいつまでもは持たぬだろう。
だが折れた時も、その奉仕は続く。"
"Her apprentice spends hours working the steel,
and the end result is melted for scrap.
Each one made better than the last.
Each one made more quickly.
She knows the path well.","彼女の弟子たちは何時間も鋼鉄細工を続け、
その結果は端材とするため溶かされる。
それぞれが前回よりも出来が良く、
それぞれがより速く作られる。
彼女はその道を良く知っている。"
Horrific experiments with corrupted flesh require careful management.,汚れた肉体を用いた恐ろしい実験は丁寧な管理を要する。
"Beyond the veil of death, there burns a fire
by whose light night is borne.","死のベールの向こう側では、その光が宵を運ぶ
炎が燃えている。"
"A sacrifice of blood calls forth His vengeance.
Let the righteous become the Hand of God.","血の捧げ物は彼の怒りを買う。
正義を持つ者が神の手とならんことを。"
"The burden falls heaviest not on those that died,
but on those that did not.","荷が最も重くのしかかるのは死んだ者たちではなく、
生き残った者たちだ。"
"""Her sisters eternally fought for that shining apex in the skies,
but Viridi instead found strength in humility.""
- Azmerian Creation Myth","「彼女の姉妹たちは空の輝く頂点を求め永劫に争ったが、
ヴィリディは謙虚さの中に力を見つけた。」
ーアズメリの創世神話"
"""That bronze girl sure knows how to cut someone down to size!""
- Bertrand the Plush","「あの青銅の女は相手の身の程を思い知らせるのが上手いな！」
ー裕福なるバートランド"
"Within each of us exists a being of pure malice,
held back only by the lies we tell ourselves.","我らの内には純粋なる悪意の存在がおり、
我らが己に言い聞かせる嘘によってのみ抑えられている。"
The tortured thinker is made heavier by the weight of his guilt.,苦しむ思想家は己の罪の重さを背負う。
The cruel thinker finds glee in torture most precise.,残酷な思想家は極めて精密な拷問に悦びを見出す。
The cowardly thinker's greatest success is simply surviving.,臆病な思想家の最大の成功はただ生き残ってきたことだ。
"Accept the infection, let it take hold.
Then carry it far and wide.","感染を受け入れ、根付かせよ。
そして広く遠くまで運べ。"
"Primordial rage slumbers, waiting for the call
of the stars to return and swallow the world.","原初の怒りは微睡みの中で、復活し世界を飲み込む
星々からの合図を待っている。"
"All that was loved, all that was hated -
naught remains but ash.","全ての愛されしもの、全ての憎まれしものー
残ったのは灰だけだ。"
"Stories of heroism by the victor persist,
for no one survives to contest them.","勝者による英雄の物語は長く語られる、
それに異議を唱えるものは生き残っていないからだ。"
"""I found the tomb in the first place, and they had the nerve to empty it without me!
Reckon it'll make a fine trophy for my efforts.""",「最初に墓を見つけたのは私なのに、私抜きで墓を空にするとは！これは私の努力を示す立派な記念品になるだろう。」
"""One must, as one should, admire the lasting works of those who came before.
The Vaal were the uncontested greatest architects until we,
and Matatl soared above their best.""","「人は、当然ながら、先人たちの長く続く作品に敬意を払わなければならない。
ヴァールは文句なしに偉大な建築家であった、
我らとマタトルが彼らの最高傑作を凌駕するまでは。」"
"""I believe she was a beautiful maiden.
Kind, virtuous and devout through-and-through.
Such a gift will set me apart from all other suitors.""","「彼女は美しい乙女だと思う。
とても親切で、高潔で、敬虔であった。
このような贈り物は私と他の求婚者に差をつけてくれるだろう。」"
"""Victims of war, the indebted, and the irredeemably shamed
were to live their lives in servitude. Some rose above their station.
This individual, it seems, was all but deified.""",「戦争の犠牲者、負債を抱えた者、救いようのない恥ずべき行為をした者は、奴隷として生活を送ることになった。しかし、その身分より高い地位につくことができたものもいた。この個人は、神格化されていたようだ。」
"""Heard if you put a drop of blood in its mouth,
it'll whisper the secrets of immortality.
Doesn't have to be your own blood, does it?""",「その口に血を一滴つけると、不老不死の秘密を囁くそうだ。自分の血である必要はないよな？」
"""I'll give it to her and tell her
'It once held the reflection of a Queen, and now it will once more.'
Anton can cross the Vastiri on his family fruits
if he thinks he loves her like I do.""",「彼女にこれを贈り、こう伝えるつもりだ、「それはかつてある女王の姿を映していた。そしてまたそうするようになる」と。もしアントンが、私のように彼女を愛していれば、奴は家族のおかげでヴァスティリを渡れるだろう。」
"Once cast the reflections of royalty, now worth the sum of its parts.",かつては王族の姿を映していた。今はその全てに価値がある。
Ornately adorned and heavier than is practical.,豪華な装飾が施され、実用的なものより重い。
"A common figure adorning Vaal ruins, but exquisitely crafted from gold.",ヴァールの遺跡によくある像だが、金で精巧に作られている。
The last shimmering face witnessed by many a sacrifice.,多くの生贄が最後に目撃した煌めく顔。
Silently keeps innumerable secrets whispered in moments of desperation.,絶望の瞬間に囁かれる無数の秘密を、静かに守り続ける。
"At once horrid and beautiful, awkward and alluring, silly and overwhelmingly mysterious.",恐ろしくもあるが美しい、不器用であるが魅惑的、愚かでありながら圧倒的に神秘的。
Dried blood remains trapped in its many deep grooves.,深い溝には、乾いた血液が閉じ込められている。
"My inventions, my babies, deserve to be in better hands!",私の発明品、私の赤ん坊は、もっと良い人の手に渡るべきなのよ！
"...the blueprints for my Extreme Warmth Beam, my Storm Wooing Rod,
the Mind Sublimator, and the Unbreakable...!",設計図を取り戻さないと、超高温ビーム、嵐を呼ぶ杖...えっと、精神昇華装置に...それと壊し得ないものもよ...！
"""If we can prove Jamanra existed, then the Faridun may have a chance to rejoin the
Maraketh. I, for one, would like to meet my parents. I have many questions...""",「ヤンマラーの存在を証明できれば、ファリドゥンはマラケスに戻れるかもしれない。私は、両親に会いたいわ。たくさん質問があるの...」
"""There is nothing quite so exquisite as a forced confession. The sufferer will
say anything to make the pain stop, and that's the point. Guilt is irrelevant.""",「自白の強要ほど格別の楽しみはない。苦痛に苦しむものは痛みを止めるためなら何だって言うだろう。それが重要なんじゃ。罪の意識など関係ない。」
"""It supposedly causes enormous plants to grow from almost any soil. The myth claims we
need to sacrifice a baby to make it function, but that's a bit grotesque, even for me.""",「それはほとんどどんな土壌からでも巨大な植物を育てることができると言われている。神話によると、それを機能させるには赤ん坊を生贄にする必要があるらしい、ワシからしてもグロテクスじゃな。」
"""When hope was but a memory, the twin sister Sekhemas Solerai and Lundara arose to unite the Maraketh.
They wielded the essence of gold and silver. The Spear is one of the two weapons that forged us.""",「希望が記憶に過ぎない頃、双子の姉妹セケマ・ソレライとルンダラがマラケス族を統合するために立ち上がったの。彼らは金と銀の精髄を装備していた。その槍はその二つの武器のうちの一つ、私たちを作り上げたものなの。」
"""Wraeclast is harsh, and the Plains of Vastiri are unforgiving. We Maraketh can
ill afford an internal war. We must prove that Nashta is behind these attacks.""",「レイクラストは過酷であり、ヴァスティリ平原は容赦がないわ。我らマラケスには内戦をする余裕はないの。ナシュタがこの攻撃を裏で糸を引いていることを証明しなければならないわ。」
"""They were me granddaddy's.
Could break into any house as quick and silent as a Cardinal's fart.""",「それは俺の祖父の形見なんだ。それがあればどんな家にも素早く静かに侵入できる。枢機卿の屁のように誰にも気づかれずにな。」
"""Traitorous scum took the life I could've had.
I ain't usually the forgiving type,
but I feel in this case that I owe him a little gift.""",「裏切り者のクズが、俺のものだったはずの生活を奪いやがった。俺は普段は人を許すような人間じゃないんだが、今回は奴に贈り物をしてやらなければならないと感じてるんだ。」
"""Never take credit for another man's work.""",「他人の手柄を自分のものにすることは許さん」
"""Loved her like she was my own daughter.
I just want to know she's safe.""",「彼女を自分の娘のように愛していたんだ。彼女が無事かどうかだけ知りたい。」
"""Damn near everything I've earned.
Worth every little bit.""",「俺が稼いだ金のほとんど全てだ。どの小さな欠片にも価値がある。」
"""Lost touch with a mate of mine when
he got recruited into some secret squad.
Just want to see how he's doing.""","「俺の友人と連絡が取れなくなっているんだ、
ヤツが秘密部隊に配属されてから。
ヤツがどうしてるか知りたくてね。」"
"""Enoch deserved better.
This is the least I can do.""",「イーノックはもっといい扱いを受けるべきヤツだった。これが俺にできるせめてものことだ。」
"""Just the usual highly-illegal compounds.
Don't drop them. It's fine if you do, but don't.""","「いつも通り、とても違法な化合物だ。
落とさないようにしてくれ。落とすのは勝手だが、そうしないでくれ。」"
"""I wish I could say this was the first time I've forgotten to restock on this thing.
I forget what it was, but I'm sure I'll remember by the time we need to get it.
Was it beetles? Bottles? I think it began with 'B'.
Or it had no 'B'.""","「こいつの補充を忘れたのが初めてだったら良かったのに。
それが何なのか忘れてしまったが、必要なときには思い出せるじゃろう。
ビートルだったか、ボトルだったか、「バ行」から始まる言葉だったような気がするが。
いや、「バ行」以外から始まるんじゃったか...。」"
"""I heard the script will send any who attempt to perform it mad,
but other than that, it is very good.""",「その台本は、演じようとする者を狂わせてしまうと聞いてるわ。でもそれを除けば、とってもいい芝居らしいわ。」
"""Make sure it'll fit a small man, or a very large child.
And check for stains! Knew a few people who'd use them for-...
...Just check for stains.""","小柄な男性や、大きな子供でもその衣装を着れるか確認してね。
シミの確認も忘れないで！何人かが使ったことがあるはずだから-...
...シミの確認を忘れないでね。」"
"""Let's just hope she wasn't wearing it when she wandered into the sea!""",「彼女が海に落ちた時に、そのドレスを着てなかったことを祈るのみね！」
"""It isn't fair to either of us to keep chasing this dream.""",「このまま夢を追い続けるのは私たち両方にとってフェアじゃないわ。」
"""When you stop viewing someone as a fellow human being,
there's little you won't do to forward your agenda.
That is what we're dealing with.""","「もし誰かを同じ人間として見れなくなったら、目的を達成するためには手段を選ばないような男。
それが我々が扱っている問題だ。」"
"""Selfishness and hate fuel these kidnappings.
It's time we find who is leading them.""","「利己主義と憎しみが誘拐を助長している。
誰が主導しているか突き止める時間だ。」"
"""Darnaw is stupid and confident.
I am certain he will have recorded his misdeeds.""","「ダルノーは愚かな自信家だ。
自らの悪事を記録しておることは間違いないじゃろう。」"
"""Fidium's fealty to fairness
makes him the perfect pawn in my plan.
Our plan. Perfect pawn in OUR plan.""","「フィディウムの公正さへの忠誠のおかげでワシの計画で奴を手駒として利用することができる。
""ワシらの""計画じゃな。ワシらの計画での手駒じゃ。」"
"""A symbolic piece of history,
from a time when people of all backgrounds
united against a common enemy.""","「歴史を象徴する一冊。
あらゆる背景を持つ人々が共通の敵に対抗するため、
団結した時代のもの。」"
"""An unusual request.""",「変わった依頼」
"""I won't be bullied.
We must get Hana back.""","「私を苦しめるのは許さない。
ハナを取り戻さないと。」"
"""Admiral Proclar wreaked havoc on my smuggling routes for two full decades. Now that he's dead,
it's a matter of thieves' honour to check whether my product was in his pipe.""",「プロクラール提督は俺の密輸ルートに丸々20年間も混乱をもたらしやがった。奴が死んだ今、奴のパイプに俺の製品が残っているか確認するのは盗賊としての名誉の問題だ。」
"""The chalice holds certain properties that make scientists quite possessive and irrational.
It's best if you don't ask too many questions about this one.""",「杯には科学者の独占欲を刺激し、その理性を失わせるようなある声質を持っているんだ。これについてはあまり質問しないほうが身のためだぞ。」
"""At first glance, this seal seems no more than an ornament. But when one
looks closer, one realizes the design is from no culture we yet know of.""",「一見すると、この封印はただの装飾品でしかないように見える。だが、よく見るとそのデザインは我らがまだ知らない文化のものであることに気づく。」
"""In the early days of his religion, Innocence told his followers to drink of his blood and
enjoy eternal life. If that power holds in his ancient ichor, I hope that it can resurrect as well.""",「イノセンスは、その宗教の初期に、信者に自分の血を飲み、永遠の命を享受するようにと言った。彼の古代の体液にその力が宿っているのならば、人を蘇生させることもできると願っている。」
"""This unassuming rock reportedly fell from the sky a few centuries ago. Sounds impossible,
but the men who are guarding it obviously believe the tale, so I do, too.""",「この変哲のない岩は、数世紀前に空から降ってきたと信じられている。あり得ない話に思えるが、これを守っていた男たちは明らかにその話を信じていたようだ。だから私も信じよう。」
"""A simple ornament from the days when Keth's trade empire was the
glory of the world. Protectors at the massive toll gates wore these.""",「ケスの貿易帝国が世界に君臨していた頃のシンプルな装飾品。巨大な関所の門番がこれを身に着けていた。」
"""There are very few devices in this world that can act as a heart for a
machine. This one is an ancient remnant of the work of Vaal engineers.""",「この世界には機械の心臓として機能する装置はほとんど存在しない。これはヴァール帝国のエンジニアによる古代の遺物だ。」
"""I currently possess four-hundred and forty-four pieces of this ancient
and puzzling device. A few seem to be missing. This part is crucial.""",「私はこの古代の不可解な装置の部品を444個所有している。いくつかの部品は失われてしまったようだ。この部品は重要なものだ。」
"""There is no telling what this device may do when completed, but I
have made it my life's work. There must be a deeper meaning!""",「この装置が完成してもこの装置が何をするものかわからないかもしれないが、私はこれをライフワークとしている。もっと深い意味があるはずなんだ！」
"""I have spent my family's entire fortune in the pursuit of this device.
Assembling it and turning it on is all I have left.""",「この装置の追求のために家族の財産を使い果たしてしまった。これを組み立て、起動させることだけが私に残されたことだ。」
"""My schematics are clear. Once the Enigmatic Assembly is complete, it
will be a weapon to rival the gods! It must be... it has to be...""",「私の設計図は明確だ。この謎の装置が完成すれば、神々にも匹敵しうる武器になるはずだ！そうに決まってる... そうでなければ...」
"""The Eldritch Blade is one half of a pair. Together, the two are said to drive men
insane by revealing the truth of the world to them. I wish to know this truth.""",「この世には存在し得ないこの剣は、1対のうちの片方なのだ。2本揃えると、世界の真実を明らかにすることで人間を狂わせると言われている。私はこの真実を知りたいのだ。」
"""Caspiro was a master of presentation. He maintained peace in Wraeclast through displays
of strength that, sadly, had no meaning to the dark presence that dismembered him...""",「カスピローは演出の達人だった。彼は強さを誇示することで、レイクラストの平和を保った。だが、悲しいことに彼を解体した闇の存在には何の意味もなかった。」
"""Trust in scientists to create tools for better drug distillation. They don't know the
worth of the beautiful tools they have. Let's make sure it stays that way.""",「科学者は自分たちがもっと優れた化学物質蒸留のための器具を作れると信じている。彼らは、自分たちが持っている美しい道具の価値を知らないのだ。それを今のままにしておきたい。」
"""Long ago, a traitor was promised this mythical elixir. We consider her a fool for
believing it exists, but if it does... I would certainly like to take a sip and find out.""",「大昔、ある裏切り者がこの神話の霊薬を約束された。それが存在すると信じるとは彼女は愚か者だったと考えてはいるが、だが、もし存在するのならば... 一口飲んで確かめられるなら是非やってみたい。」
"""The lamp is said to contain Aziza, the Fourth Servant of Water. I doubt the tale
is true, but I cannot allow one of our artifacts to fall into Kondor's hands.""",「そのランプには水の第四の下僕、アジザが宿っていると言われている。その話が本当かどうかは疑わしいが、我らのアーティファクトの一つがコンドールの手中に落ちるのを許すわけにはいかない。」
"""The relief depicts some sort of forgotten Maraketh goddess. I have no idea what
the context is. The important thing is that you steal it before Bazira does.""",「このレリーフにはマラケスの忘れられた女神が描かれている。文脈は検討もつかない。大事なのはバジラが盗む前にお前がそれを盗むということだ。」
"""It is said that the Golden Ibis was forged before time itself, before writing, or even
oral history. That's nonsense, of course, but it's still very old, and therefore noteworthy.""",「トキの黄金像は時間や、文字、さらには口承の歴史よりも昔に作られたと言われている。もちろんそれはナンセンスな話だが、それでも非常に古いものでだからこそ注目に値する。」
"""The world is governed by certain natural laws. Science and thaumaturgy are one
and the same. But the crystal... it shouldn't exist. It's not from here. We must have it.""",「世界はある科学法則に支配されている。科学と魔術は同じものなのだ。だが、あのクリスタルは... それは存在しないはずのものだ。この世界のものではない。手に入れなくてはならない。」
"""Are we the only ones who understand the danger? The fools! Living ice absorbs heat
and grows. We must control it properly, lest it spread across all of Wraeclast.""",「危険性を理解しているのは我々だけなのか？愚か者め！命を持つ氷は熱を吸収し成長する。レイクラスト全体に広がらないよう、我らが管理しなければならない。」
"""I have a suspicion that the Maraketh Sekhema of legend, Lundara, is the same historical
figure as the Azmeri and Eternal goddess Lunaris. The Seal may prove that.""",マラケスの伝説のセケマであるルンダラは、アズメリやエターナル帝国の女神ルナリスと同じ、歴史上の人物ではないかと考えているんだ。その封印が証明してくれるかもしれない。」
"""The relief was the first ever depiction of some Maraketh girl named Orbala undertaking her
fifth great adventure. I don't particularly care about the story, I just don't want Bazira to have it.""",「そのレリーフは、オルバラというマラケスの少女が5度目の大冒険を行う様子を描いた、初めてのものだ。物語には特別な興味はなくて、ただそれがバジラのものになるのが嫌なだけだ。」
"""My accursed father owes his children this heirloom. We deserve
to know our culture, just like you full-blooded humans do.""",「呪われた我が父はこの家宝を子孫に残す義務がある。君たち純血の人間のように我らにも我らの文化を知る権利がある。」
"""It is my belief that Solerai, from the Maraketh legend, is Solaris herself in another system of
myths. If I can prove that, I can begin piecing together a true history of the Winter of the World.""",マラケス神話のソレライは、別の神話体型におけるソラリスその人ではないかと信じているんだ。それを証明できれば、世界の冬の真の歴史をつなぎ合わせることができる。」
"""The history of the order of Sin Eaters is shrouded in secrecy and shame.
Nevertheless, history demands truth, even if it takes centuries to be revealed.""",「シンイーター教団の歴史は、秘密と恥辱に包まれている。とはいえ、歴史は真実を求めている、解明されるのに何世紀かかるとしても。」
"""Those Eternal bastards looted everything that wasn't bolted to the floor when we
finally drove them from our island! That candelabra belongs with us!""",永遠の帝国のクソ野郎どもは、俺たちが奴らを島から追い出した時に、床にボルトで固定されてないものは全部略奪していきやがった。その燭台は俺たちのものだ！」
"""By all accounts, the Sword of the Inverse Relic was found aged and rusted,
but is becoming less weathered over time. We really must study its properties.""",「時間が反転した剣の遺物は朽ちて錆びついた状態で発見された。しかし、時間が経つにつれ、風化が減っていっている。我々はその特性を研究しなければならない。」
"""If the skull is real, and not a forgery, then it may show that my people are not the
abominations others believe us to be. The word 'human' may have a broader meaning.""",「もしその頭蓋骨が本物で、作り物でないとしたら、我が種族が、他のものの信じるような忌まわしきものではないことを示せるかもしれない。「人間」という言葉がもっと広い意味を持つようになるのかもしれない。」
"""A great fire once swept the land, and our leaders were turned to ash where they stood.
The urn contains exactly what you think it does, and serves as proof of our long lineage.""",「かつて大火がこの地を焼き払い、我々の指導者は立ったまま灰となった。その骨壷にはお前が考えている通りのものが入っている。我々の長い血統の証拠として役立つはずだ。」
"Only the souls trapped within can bear witness to the Maven's dark proclivities, and they dare not speak up.",内に囚われし魂だけがメイヴンのメイヴンの昏き嗜好を目撃することができ、彼らはそれを語ることを憚る。
"It would be foolish to obey the Maven's demands.
It would also be foolish not to.","「メイヴンの要求に従うのは愚かなことだ。
従わないのもまた愚かなことである。」"
"For those who must not endure it,
there may be found a perverse joy
in watching the struggle for survival.","それを自ら体験する必要の無い者にとって、
生存のためのあがきを眺めることには
ねじ曲がった悦びがあるのだろう。"
"Precious and perilous,
Tantalising and terrible.","貴重で危険、
蠱惑的で破滅的。"
"""The village was locked within its walls,
protected from those who could do them harm,
protected from those who could save them.""","「村は壁の内に閉じ込められ、
彼らを害する者から守られ、
彼らを救える者からも守られた。」"
"""Believing them to have discovered new lands,
they planted their flag in the dirt and called it their own.
A gesture not taken with a great deal of pleasure
by those who already dwelt there.""","「彼らは新たな地を発見したと思い、
土に旗を突き立て彼らのものとした。
先にそこに住んでいた者たちは
その所作を快く思わなかった。」"
"""The first explorers took to the hills to discover the lay of the land,
and watched with wonder as the land undulated, crashed and twisted.""","「最初に着いた探検家たちは地形を見るため丘に登り、
大地が波打ち、ぶつかり、ねじれる光景を驚きながら見つめた。」"
"""Atop the highest peaks, the sunlight pierced but did not warm.
The air choked and did not nourish.
And those that made the trek realised the folly of their desire for greatness.""","「最も高き山頂で、陽光は貫いたが温もりを与えなかった。
大気は息を詰まらせ命を与えなかった。
そしてその旅を行った者たちは偉大さを求める己らの愚かさを理解した。」"
"""Where once a mountain stood there was now but fields and dust.
One by one, the stones were moved and placed with intention,
the consequences borne by the destination and the origin.""","「かつて山が立っていた場所には野原と塵しか残っていない。
一つずつ、石は運ばれ意図を持って配置され、
その結果はその元と先に反映された。」"
"""The Shade walked the land with no end in sight,
no purpose in mind,
but the one it invented to pass the time.""","「暇を潰すために作ったもの以外の
目的を持たず、
影は終わりの見えぬ地を歩み続けた。」"
"""There were seasons in this strange new place, but not of sun and snow.
Seasons of stone that rose and fell like waves.
Seasons of structure and growth and madness and chaos.
Seasons of birth and decay that seemed untethered to cause.""","「この奇妙な新しい場所には季節はあったが、太陽と雪のものではなかった。
波のように上がっては下がる石の季節。
構造と成長と狂気と混沌の季節。
因果を持つようには見えぬ誕生と腐敗の季節。」"
"""For a time, it was thought this place could seed an empire
greater than any in history.
The lands could be tamed, and commanded, they thought.
But control, like all things in that place, was an illusion.""","「一時はこの場所には歴史上の全てを超える
帝国が育つと思われた。
彼らはその地を手懐け、支配することができると思っていた。
だが支配とは、その地の他の全てのものと同様に、幻に過ぎなかった。」"
"""Grand plans were laid for a place called Atzoatl, though fierce bickering between its Architects is said to have stifled its development."" - Icius Perandus, Antiquities Collection, Research Report",「アッツォアトルと呼ばれる場所には壮大な計画があったが、アーキテクトたちの間の強烈な諍いがその発展を妨げたと言われている。」ーイシウス・ペランダス、骨董品コレクション、研究報告書
"The Banished Architect sought to employ all the
darkest secrets of the Vaal... at the same time.","追放されしアーキテクトはヴァールの最も昏き秘密の
数々を全て使おうとした...同時に。"
"The first Karui born on the fringes of the Vaal empire
developed a blood fever born of corruption.","ヴァール帝国の縁で生まれた最初のカルイは
穢れより生まれし血熱を発症した。"
Their three serpentine heads found unity in balance.,三匹の蛇の頭は均衡を求め団結した。
"The High Priests ensured the loyalty of their slaves by habituating
them to narcotic stimulants with lethal withdrawals.","高位神官たちは奴隷たちを死に至る禁断症状の出る覚醒剤に依存させることで
彼らの忠誠を確保した。"
"Man retains sanity and strives toward civilisation
only under the blessed veil of ignorance.","人は神聖なる無知のベールを纏い初めて
正気を保ち文明を目標とすることができる。"
"Crush your enemies with your essence, so that you may drink of theirs.",己の精髄で敵を潰し、相手のそれを飲め。
Bow before her... or suffer the most gruelling death imaginable.,彼女の前に頭を垂れよ...さもなくば想像し得る限りの苦しい死を迎えることになる。
"The priest that carried Yaomac's sigil was
granted one boon by each serpentine head.","ヤオマクの紋章を持つ神官は
それぞれの蛇頭から一つずつ恵みを与えられた。"
Stolen power is still power.,盗んだものでも力は力だ。
The Hated Slave seeks dominion over his own kind.,憎まれし奴隷は同胞の支配を求める。
The Sovereign of the Well seeks dominion over the light.,井戸の王は光の支配を求める。
The Blackblooded seeks dominion over darkness itself.,黒き血の者は闇そのものの支配を求める。
The Liege of the Lightless seeks dominion over the surface dwellers.,光無き者の君主は地上に住む者の支配を求める。
The dance of metal and flesh never ends.,鉄と肉の舞踊はいつまでも終わらない。
"You shall be weighed and measured. You shall be judged...
and perhaps you shall be found worthy.","其方は秤に乗せられ測られる。其方には審判が下される...
そして其方はの価値が認められるかも知れぬ。"
"""Atzoatl was a locus of Corruption, a temple dedicated to the worship of the unspeakable."" - Icius Perandus, Antiquities Collection, Eroded Vaal Orb",「アッツォアトルは穢れの中心、名状しがたきものの崇拝に捧げられた寺院だった。」ーイシウス・ペランダス、骨董品コレクション、風化したヴァールの宝玉
"""When the Vaal discovered power could be gained from sacrificing the living, Atzoatl became a death march for the lower classes."" - Icius Perandus, Antiquities Collection, Obsidian Sacrificial Knife",「ヴァールが生者を生贄に捧げることで力を得られることを発見した時、アッツォアトルは下流階級にとって死の行軍となった。」ーイシウス・ペランダス、骨董品コレクション、黒曜石の儀式用ナイフ
"""In their paranoia, the Architects of Atzoatl hoarded wealth beyond any reasonable measure."" - Icius Perandus, Antiquities Collection, Vaal Golden Idol",「疑心暗鬼となったアッツォアトルのアーキテクトたちは合理性を遥かに超えた富を溜め込んだ。」ーイシウス・ペランダス、骨董品コレクション、ヴァールの黄金の偶像
"""Doryani himself conducted gem research at Atzoatl in its final days. What brilliant discoveries were lost with that temple?"" - Icius Perandus, Antiquities Collection, Third Ciphered Tablet",「アッツォアトルの最後の日々にはドリヤニ本人が宝石の研究を行っていた。どんな素晴らしい発見が寺院と共に失われてしまっただろう？」ーイシウス・ペランダス、骨董品コレクション、三枚目の暗号の石版
"""Much could be learned from the relics said to be kept in Atzoatl. We consider the Vaal ancient, so what did they consider ancient in turn?"" - Icius Perandus, Antiquities Collection, Vaal Mural",「アッツォアトルで保管されていたと言われる遺物からは多くを学ぶことができるだろう。我らはヴァールを古代と呼ぶ。彼らが古代と呼んだものは何だ？」ーイシウス・ペランダス、骨董品コレクション、ヴァールの壁画
"""Evidence suggests that Atzoatl's influence grew great enough that Atziri herself moved her seat of power to within its walls."" - Icius Perandus, Antiquities Collection, Royal Decree cast in Bronze",「アッツィリ本人が境内へと玉座を移すほどにアッツォアトルの影響が大きくなったことを資料は示唆している。」ーイシウス・ペランダス、骨董品コレクション、青銅で鋳造された王令
"""Atzoatl played host to the Cult of the Purple Flame. I do not know what powers they worshipped, but my educated guesses leave me shaken."" - Icius Perandus, Antiquities Collection, Embalmed Claw",「アッツォアトルには紫炎の教団と呼ばれる組織が住んでいた。彼らが何を信仰していたのかは分からぬが、分かることから推測される事実は私を震え上がらせる。」ーイシウス・ペランダス、骨董品コレクション、保存処理されたかぎ爪
"""The Architects intended to research supposed 'Obelisks Beyond Time,' but the Vaal fell before the first obtained monolith was so much as measured."" - Icius Perandus, Antiquities Collection, Crystal Shard",「アーキテクトたちは『時を超えたオベリスク』とやらを研究するつもりだったが、一本目の石柱を測りすらしないままヴァールは滅亡した。」ーイシウス・ペランダス、骨董品コレクション、クリスタルの欠片
"""Trade with lesser cultures, such as the Maraketh and the early Karui, resulted in overflowing vaults full of golden trinkets and elegant jewels."" - Icius Perandus, Antiquities Collection, 'Dekhara's Resolve'",「マラケスや初期のカルイなどのより原始的な文化との貿易により宝庫は黄金の装飾品や優美な宝石で溢れかえった。」ーイシウス・ペランダス、骨董品コレクション、「デカーラの決意」
"""In its last days, the Architects of Atzoatl became increasingly obsessed with fictional lands. Wondrous lands, by their description, but fictional. Very odd."" - Icius Perandus, Antiquities Collection, Unidentified Angular Device",アッツォアトルのアーキテクトたちはその最後の日々に架空の地への執着を強めていった。彼らの記述によれば素晴らしい地だったが、それでも架空の地だ。とても不思議だ。」ーイシウス・ペランダス、骨董品コレクション、用途不明の多角形の装置
"""Zantipi is said to have spent most of his considerable talent devising ambushes that used the promise of treasure as a lure for would-be looters."" - Icius Perandus, Antiquities Collection, Broken Locking Mechanism",「アッツォアトルのアーキテクトたちはその最後の日々に架空の地への執着を強めていった。彼らの記述によれば素晴らしい地だったようだが、所詮は架空の地だ。とても不思議だ。」ーイシウス・ペランダス、骨董品コレクション、用途不明の多面体の装置
"""Merchant carvings of the era consistently reported that the Architects could alter the weather in manners terrifying and incomprehensible."" - Icius Perandus, Antiquities Collection, Trade Record Tablet",「当時の商人たちは揃ってアーキテクトたちが天候に恐ろしく理解不能な影響を与えることができると篆刻している。」ーイシウス・ペランダス、骨董品コレクション、取引記録の石版
"""The Vaal were said to have experimented with fire at Atzoatl, though to what end is unknown."" - Icius Perandus, Antiquities Collection, Charred Parchment",「ヴァールはアッツォアトルで炎を使った実験を行ったと言われているが、その目的は不明である。」ーイシウス・ペランダス、骨董品コレクション、黒焦げの羊皮紙
"""The Architects apparently sought to master lightning. They may have succeeded just before the fall."" - Icius Perandus, Antiquities Collection, Copper Detritus",「アーキテクトたちは雷を支配しようとしたようだ。滅亡の直前に成功した可能性がある。」ーイシウス・ペランダス、骨董品コレクション、銅の破片
"""Their engineering knowledge may have rivaled that of the modern world. The fall of the Vaal no doubt set humanity back a thousand years."" - Icius Perandus, Antiquities Collection, Ancient Gear Interlock",「彼らの工学の知識は現代世界のそれに匹敵したかも知れぬ。ヴァールの滅亡は間違いなく人類を千年は退行させただろう。」ーイシウス・ペランダス、骨董品コレクション、連結した古代の歯車
"""A great many warriors were stationed at Atzoatl, ostensibly due to repeated invasion by something referred to as 'a haunting death.'"" - Icius Perandus, Antiquities Collection, Carved Interment Records",「アッツォアトルに多くの戦士が配置されていたのは『取り憑くような死』と呼ばれるものによる繰り返される侵攻に対応するためだと思われる。」ーイシウス・ペランダス、骨董品コレクション、埋葬記録の篆刻
"""A great many creatures were bred at Atzoatl, ostensibly due to repeated invasion by some kind of horrifying murderous entity."" - Icius Perandus, Antiquities Collection, Fossilized Egg Sac",「アッツォアトルで多くの生き物が養殖されていたのは何らかの恐ろしい殺戮者による繰り返される侵攻に対応するためだと思われる。」ーイシウス・ペランダス、骨董品コレクション、卵嚢の化石
"""At the height of their civilization, the Vaal took to ritual combat to solve all of their disputes. As a result, their surviving warriors were among the best in history."" - Icius Perandus, Antiquities Collection, Rust-coated Sword",「文明の全盛期には、ヴァールは全ての争いを儀式的な決闘で解決していた。結果として、生き残った戦士たちは歴史上最強の者たちとなった。」ーイシウス・ペランダス、骨董品コレクション、錆びついた剣
"""The heart of Atzoatl imbued its denizens with vigour, according to the myths."" - Icius Perandus, Antiquities Collection, Glowing Stone",「伝説ではアッツォアトルの心臓部はその住人たちに活力を与えたと伝えられている。」ーイシウス・ペランダス、骨董品コレクション、光る石
"""Expedition logs suggest quite a few explorers sought Atzoatl over the centuries. The Architects planned against this potential plundering, however, with ingenious and lethal traps."" - Icius Perandus, Antiquities Collection, Corroded Spring Mechanism",「探索の記録によれば何世紀にも渡りかなりの数の探検家がアッツォアトルを探したようだ。しかしアーキテクトたちは巧妙で致命的な罠によってこの略奪の可能性に備えていた。」ーイシウス・ペランダス、骨董品コレクション、腐食したバネ仕掛け
"""The Architects were certainly fond of their ghost stories. The tales almost sound as if the business was taken literally."" - Icius Perandus, Antiquities Collection, Carved Fable",「アーキテクトたちは怪談が大好きだったようだ。まるでその話を本気にしていたような物語ばかりだ。」ーイシウス・ペランダス、骨董品コレクション、寓話の篆刻
"""The Vaal had little concern for the externalities of their engineering. The toxins produced by their manufacturing may have poisoned the entirety of Atzoatl."" - Icius Perandus, Antiquities Collection, Desiccated Corpse of a Vaal Citizen",「ヴァールは工業の外的影響にはあまり関心がなかったようだ。彼らの製造により発生した毒はアッツォアトル全体を侵していたかも知れぬ。」ーイシウス・ペランダス、骨董品コレクション、ヴァール市民の乾燥した死体
"""The Architects sought immortality... perhaps they reside within Atzoatl still..."" - Icius Perandus, Antiquities Collection, Vial of Emerald Water","アーキテクト達は不死を求めた... そして今もアットォアトルの中に住み続けているのだろう。」
―イシウス・ペランダス、骨董品コレクション、エメラルドの水の小瓶"
"""Atzoatl was a place of crude alchemy rather than art."" - Icius Perandus, Antiquities Collection, Urn of Unstable Powder","「アットォアトルは芸術とは呼べない粗雑な錬金術の場であった。」
―イシウス・ペランダス、骨董品コレクション、不安定な粉の壷"
"""Armour crafted at Atzoatl became the envy of the known world."" - Icius Perandus, Antiquities Collection, Ancient Metals","「アットォアトルで造られた鎧は知られている世界で羨望の的となった。」
―イシウス・ペランダス、骨董品コレクション、古代の金属"
"Of ash and avalanche,
in storm and flesh,
we dream of unity.
The time approaches...","灰と雪崩からなり
嵐と肉体の中で
我々は団結を夢見る。
時が近づく..."
"It isn't the twisted transformative power of corruption that makes it so dangerous.
It is its ability to hide in plain sight.","穢れを危険なものにするのは、その捻じ曲げ、変化させる力ではない。
ありふれた風景の中に隠れる能力こそ危険なのだ。"
"The gateway of flesh, horror unbound,
requires a key of madness and pain.","肉体の入り口、解き放たれる恐怖。
狂気と苦痛の鍵が必要だ"
"The minds of men are but motes
on a sea of infinite madness.","人の心は無限の狂気の海の上では
ただの塵でしかない。"
Flesh can be as clay to the properly motivated artist.,"適切な動機を持った芸術家にとって
肉は粘土と同じものになる。"
"The Infinite Hunger awaits in a cosmic stomach where
whole civilisations are digested - but do not die.","果てなき渇望が宇宙の胃袋の中で待ち受けている。
そこでは文明すべてが消化され、しかし死ぬことはない"
"From the heart of the Tangle, the Eater of Worlds
reaches out for control of the Atlas.","タングルの中心から
世界を喰らう者が
アトラスを支配しようと手を伸ばす"
"Once within the grasp of the Black Star,
there can be no escape.","一度黒き星に捕まれば、
逃げ場はない。"
"From the corona of an ancient star,
the Searing Exarch seeks to master the Atlas.","古代の星の光冠から、
灼熱の代行者がアトラスを支配しようとしている。"
"<size:23>{Even though his flame has burned out,
he will never fade away.}","<size:23>{彼の炎は燃え尽きてしまったが、
彼の存在が色褪せる事は決してない。}"
<size:30>{Weapons such as these require a darker kind of forge...},<size:30>{この種の武器を作るにはより闇に近い鍛冶が必要だ...}
Even our most devout beliefs are subtly shaped by our darkest desires.,最も敬虔な信念でさえ、わずかながら最も暗い欲望によって形作られている。
"<size:26>{All things slow under winter's
onslaught - even life itself.}","<size:26>{冬の猛威の下では全てのものはゆっくりになる
生命そのものでさえも。}"
"<size:28>{I cannot contain myself,
but I can barely squeak,
so many words I'd have for you,
if I could only speak!}","<size:28>{自分を抑えることができない
かろうじて鳴き声のような音を出せるだけ
あなたに贈りたい言葉がたくさんあるのに
言葉を発することができたとしたら！}"
"This grelwood heirloom hums softly with latent emotion,
imbued by centuries of songs passed from mother to daughter.",このグレルウッドの家宝は、母から娘へ何世紀にも渡って受け継がれ注がれた感情を秘め、優しく歌う。
"Together, the runes are an oath of peaceful
passage and a request for freedom in
pursuit of an important cause.",共に刻まれることで、ルーンは安全な通行の誓いと、重要な大義の追及における自由の要求となる。
Untouched by fate. Its power waits for a purpose.,運命に触れられていない。その力は目的を待っている。
"The rune on the buckle means
'unity' or 'safety from harm.'",ベルトのバックルに刻まれたルーンは「団結」または「危害からの安全」を意味する。
"The rune at the base of the blade
means 'to strike true' or 'truth.'",剣の根元に刻まれたルーンは「精確に貫け」または「真実」を意味する。
"""Take me to the Trial of the Sekhemas.
I will serve.""","「セケマの試練へ連れて行ってくれ。
仕えよう。」"
The ignoblest of choices.,最も卑しき選択だ。
"Fight enough battles, and it
becomes all but inevitable.","十分な数の戦いを重ねれば、
それは不可避に等しくなる。"
"There is always a chance, however small,
that you might actually succeed.","どれだけ小さくとも、
成功する可能性は必ずある。"
"First and foremost, a Sekhema
must possess strength.","セケマに必要なのは
まずは力だ。"
"The world will seek to crush you and yours.
A Sekhema must have relentless will.","世界はお前とお前のものを潰そうとするだろう。
セケマには容赦なき意志が必要だ。"
"Strength can be outmatched by move and countermove.
A Sekhema must be perceptive and cunning.","力は指し手と応手で上回られる。
セケマには観察力とずる賢さが必要だ。"
"Time is the ultimate power. A true Sekhema must hold in
her heart the truth: only the akhara can carry on forever.
The greatest victory lies in ensuring the next generation.","時こそが究極の力だ。真のセケマはこの真実を心に
留めておく必要がある：永遠に続くことができるのはアカーラだけだ。
最大の勝利とは次の世代を守ることだ。"
"The rune emblazoned on the crest means
'freedom' or 'for a worthy cause.'",兜のこの破片に刻まれたルーンは「自由」または「価値のある大義のために」を意味する。
The cruelty of the Eternals...,永遠なる帝国の残虐さは...
... shall never be forgotten.,...決して忘れてはならない。
"The rune of Authority is said to dim one lunar
cycle after a Count's soul is laid to rest.","権威のルーンは伯爵の魂が安息の眠りについた後、
月の周期が一度回った後に薄暗くなると言われている。"
"An elegantly crafted alchemical tool from a far-off land.
The obsidian material glimmers darkly at certain angles.","遠い国からもたらされた、優雅な造りの錬金術の道具。
黒曜石の素材は、特定の角度から見ると暗く輝く。"
"Melted down and reused repeatedly by centuries of clan smiths,
this steel has seen countless battles in countless forms.",部族の鍛冶職人によって何世紀にも渡って、繰り返し溶かされ再利用されてきた。この鋼は、数えきれないほどの戦いを、数えきれないほどの姿で見てきた。
Corruption often causes crystals to grow in strange places...,穢れはしばしば奇病な場所に結晶を生じさせる...
"The skull of a stolen child, carefully cultivated by the Bog Witch...",沼の魔女により丁寧に洗練された、攫われた子の頭蓋骨だ……
The mind springs forth eternal.,精神とは涸れることなき泉である。
"Bound by ink, upheld by trust.",墨により縛られ、信用により保たれしもの。
Forgework tools belong to Renly and his son.,レンリーと彼の息子の鍛冶道具だ。
"When Orbala drew in a mighty breath and sounded the Horn,
every tent in the whole of the Plains blew wildly open.","オルバラが力強く息を吸い、角笛を吹き鳴らすと
平原中のテントが吹き飛ばされた。"
"It howled alone on the eve of
the first snow. Now, it snarls
forever, heralding the cold.","初雪の前夜、それは一人で遠吠えを上げた。
今、それは永遠に唸り続け、寒気の到来を告げる。"
A sense of gratefulness and peace radiates with warmth.,感謝と平和の感情が暖かく放たれている。
"""Bit of Ezomyte know-how, bit of local herbs...
it's no mythical Welakath, but it'll sustain you.""","「エゾマイトの知識を一つまみ、地元でとれるハーブを一つまみ...
神話に登場するウェラカスには及ばないが、それでもお前を助けてくれる。」"
Age-old ivory from a forgotten era.,忘れ去られた時代の古い象牙。
"It burns with the primordial heat
of a long-ago Wraeclast.","レイクラストの遥か昔、
原初の時代の熱で燃える。"
The last few drops from veins dry as sand.,砂のように乾いた静脈から流れ出る最後の数滴。
"By the terms of the Third Pact, the Constrictor Queen
was banished from Keth, but given the eastern sands.","第三の盟約の条件により絞めつける女王はケスから追放されたが、
東の砂漠を与えられた。"
"By the terms of the Third Pact, the Sun Clan
agreed to never again attack the Maraketh.","第三の盟約の条件によりサンクランは
マラケスを二度と攻撃しないことに同意した。"
"For a time, there was peace, a wall against
mutual enemies from beyond.",しばらくの間平和があった。あの世からの共通の敵に対する壁のように。
Life thrives where death dwells.,死が宿るところで生命が繁殖する。
"Those near the ruby describe a sensation of intense malice,
as if something is peering through from the other side...",ルビーの近くにいる人は強烈な悪意のような感覚を感じる。まるで何かが向こう側から覗いているかのように...
"""Why are you standing there gawking at me?
We must go to the Trial of the Sekhemas!""","「どうしてそこで私を見つめている？
セケマの試練へ行くぞ！」"
The primordial molten world was not devoid of life.,原初の溶融した世界にも生命がいなかったわけではない。
The phrase 'dekha no Garukhan breala' is carefully painted around the middle.,真ん中には「dekha no Garukhan breala」というフレーズが注意深く描かれている。
The bottle shakes angrily when the entity inside sees you looking.,中にいる存在があなたが見ているのに気づくと、瓶は怒っているかのように振動する。
"Cool and pure, it represents hope in a bleak era.",冷たく純粋なそれは暗い時代の希望を象徴している。
"""Weep not for me. This punishment is my own doing.""",「私のために泣くな。この罰は私の責任だ。」
"""I'd have preferred to go with the Serpent Clan.""",「ヘビの部族と共に行きたかった。」
Frozen trophies of a predator's reign.,捕食者の君臨の凍った証。
"Extremely personal words of love, honour,
and hopelessness scrawled by a shaking hand...
It appears to have been carefully written to
avoid revealing who it was intended for.","震える手で書き込まれた、極めて個人的な愛、名誉、絶望の言葉...
宛先が判らうぬよう注意深く書かれている。"
"Beware the bite of those serpents that call a human corpse home.
Nature has given them the means to acquire a new dwelling.","人の死体を家と呼ぶ蛇の牙には注意せよ。
自然は彼らに新たな住居を得る術を与えている。"
The smell is bad enough to make a veteran warrior faint.,熟練の戦士ですら気絶するほど酷い匂いだ。
The liquid within is acrid enough to burn nose hairs.,中の液体は鼻毛を焼くほどの匂いだ。
The smell overpowers everything else.,匂いが他の何よりも強烈だ。
"It hums faintly. Not with life, but with purpose.",微かな振動音が聞こえる。命ではなく、目的を持った音だ。
"Oddly, it remains warm...",不思議なことに、暖かいままだ...
The pupils refocus as you look closer.,近づいてみてみると、その眼の瞳孔が焦点を結ぶ。
"Blind to pleas. Deaf to lies.
Her scales weigh only truth.","懇願には目を向けず。嘘には耳を傾けず。
彼女の天秤が量るは真実のみ。"
"The flesh continues to grow and change,
perhaps forming an entire new body in time...",この肉は成長し、変化を続ける。やがて完全な肉体を新たに形成するかもしれない...
"Even the slightest movement causes air to move through them,
releasing a subtle mind-numbing pressure.",わずかに動かしただけでも空気が中を通り、心を麻痺させるような微かな圧力を発生させる。
The meaning of the symbols has been lost to time.,紋章の意味は時とともに失われてしまった。
Diamora sings no more.,ディアモラが歌うことはもうない。
The sea gave it strength. Now it serves a greater purpose.,それは海から力を得た。そして今それはより大きな目的のために動いている。
A shooting star may bring great fortune.,流れ星は大きな幸運をもたらすかもしれない。
"They are engraved with the runes for 'Authority,' 'Break,' and 'Release.'",それぞれが「権威」、「破壊」、「解放」のルーンが刻まれている。
"Clutched tight, even in death.",死して尚、固く握りしめて。
"Weathered, but not forgotten.",風化はしたが、忘れられてはいない。
"Smells of salt, rust, and fear.",塩と錆と恐怖の臭いだ。
No light touched it for centuries.,数百年光を見ていない。
"The storm has not struck, but the sky is watching.",まだ嵐は来ていないが、空は見ている。
What is written in water is never truly lost.,水に書かれたものは真に失われることはない。
The forge is ready. Flesh is only waiting.,鍛冶場の準備はできている。肉体はただ待っている。
"To the unknowing, it is nothing. To Yama, it is everything.",知らぬ者にとって、それは何でもない。ヤマにとって、それは全てだ。
Tawhoa rewards those who grow.,タウホアは成長する者を祝福する。
Hunters of the Tasalio Tribe are just as effective on land.,タサリオ族の狩人たちは陸でも同様に有能だ。
"When Ngamahu's chosen truly wish to destroy an enemy, nothing can stop them.",ナマフに選ばれしものが本当に敵を破壊しようと思った時、何者もそれを止めることはできない。
The forest stands tall against the storm.,森は嵐に立ちはだかる。
Tasalio bids you take a moment to stop and enjoy the calm of the ocean.,タサリオは立ち止まって海の静寂を感じるよう勧める。
The Ngamahu Tribe believes the Karui will be reforged in a volcano at the end of time.,ナマフ族は時の終わりにカルイは火山で作り直されると信じている。
"Hinekora is not the master of Death, but she is its Mother.",ヒネコラは死の主ではなく、母である。
"The war goes on, but the warrior does not.
Do not let yourself die until you have
made your mark. The Ancestors see you.","戦は続くが、戦士は続かぬ。
印を残すまで死んではならぬ。
先祖たちが見ている。"
"The sea goes on, but the sailor does not.
Enjoy each moment as it flows over you,
through you, for it will never come again.","海は続くが、船乗りは続かぬ。
一瞬一瞬が自分の上を、中を流れるのを
噛み締めよ、それは二度と戻ってこない。"
DNT-UNUSED Fill Me In,最も鋭き刃への誇りと喜び。
Ancient facets remain warm to the touch.,古代の宝石のカット面は、触るとまだ暖かさを感じられる。
"Somewhere, a distant scream echoes.",どこかで遠い悲鳴がこだまする。
"Heat emanates from the facets,
living warmth encased in crystal.",カット面から放たれる熱、クリスタルに包まれた命の温もり。
"It burns with the heat of rage and murderous intent,
a single soul imprisoned eternally for his crimes.",怒りと殺意の熱で燃える。犯した罪のために永遠に囚われ続ける一人の魂。
"This idol seems strangely shaped, as if made specifically to fit into something.",その像は奇妙な形をしており、何かにぴったりはまるように作られているかのようだ。
The skulls of stolen children adorn carved wood.,攫われた子供たちの頭蓋骨が彫刻された木の部分を飾っている。
"The smith may not remember higher
pursuits, but the hammer does.",鍛冶屋は上を目指すことを忘れていても、ハンマーは覚えている。
"To forge the most exquisite of creations,
sometimes cold is needed instead...","最高の作品を作るには、
時には代わりに冷気が必要だ……"
Golden Treasure lies forgotten...,忘れ去られし黄金の財宝……
...in the depths of an ancient ruin...,……古代遺跡の奥深く……
...rewarding any bold enough to seek it.,……求める勇者には与えられる。
Brilliant idols of immense value...,莫大な価値の輝く偶像……
...prized for their rarity...,……その珍しさと……
...and exquisite craftsmanship.,……卓越した職人技で讃えられる。
Death is both a mercy and a curse.,死は慈悲であり、呪いでもある。
A soul still clings to fading shreds of life.,魂はまだ消えゆく命の欠片にしがみついている。
"Passed down through royal bloodlines since
the time of the gods, it lies heavy in your hand.","神々の時代より王家に受け継がれてきたそれは、
君の手の中で重みを感じさせる。"
An Ezomyte endures.,エゾマイトは耐え抜く。
"In death, the legendary boar's tusks were turned
to the slaying of Phaaryl's Eternal oppressors.","死した伝説の猪の牙はファーリルの
永遠なる圧政者たちを殺すため使われた。"
"That most legendary caravan bandit had
one rule: never let them see you flinch.",その最も伝説的なキャラバン強盗は一つだけルールを決めていた：決して怯んだ所を見られてはならない。
"Not the sound of thunder on the wind, but the
rhoaback riders—death charging from the sands.","風と共にやってきた雷の音ではなく、
ロアの騎手たちの音だ―砂より走り来る死の音だ。"
"Knowing she could outlast any opponent,
Wrashmin fought not to win, but to delay.","自分がどんな相手よりも長く戦えることを知っていたラシュミンは、
勝つためではなく時間を稼ぐために戦った。"
Coming soon,WIP
The warrior who fears will fall.,恐れを抱く戦士は負ける。
"When cornered and desperate, look within for the rage to break loose.",追い詰められ絶望的な時には、内なる怒りを解き放つのだ。
The desert is ever flowing.,砂漠は流れ続ける。
"Wraeclast has suffered many great disasters,
but life always springs back anew.","レイクラストはいくつもの大きな災害に遭ってきたが、
いつだって新たな生命が生まれてきた。"
As the serpent wills.,蛇の意のままに。
"""The boy is a bad omen,"" he cried. ""Ravens gather
before him!"" That night, a new raven appeared, and
shadowed the Auspex for the rest of his days.",「あの子は凶兆だ」と彼は叫んだ。「鴉たちが集まっている！」その晩、新たな鴉が現れ、鳥占官が死ぬまで付きまとった。
The soul cannot flourish in a doubting mind.,疑う心の中では魂は育たない。
Suspicion is a sinister shadow slithering in the soul.,疑念は魂に忍び寄る不気味な影だ。
"Fueled by the blackness in the hearts of men,
the armies of Saresh were just as relentless.","人の心の闇を力の源とするサレシュの軍勢は、
それと同じように無慈悲だった。"
"In its final era, the roofs of Keth were rife with
anything and everything that could hold water...
should the opportunity arise.","末期のケスの屋根は水を貯められるもので埋め尽くされていた……
そんな機会があれば。"
A faith born of flesh.,肉より生まれし信仰。
The tale-women of old knew how to build anticipation.,古の語り女たちは期待を膨らませる方法を知っていた。
"Hallowed Dordalus was cast into the pit as a heretic,
but his piety was so great, he would not burn.
He rose again, lauded, his faith forever changed...
but not the way the Templar believed.",WIP
"For those noble families obsessed
with keeping their bloodline pure,
there was a price to pay...","血筋を純潔に保つことに憑りつかれた
高貴な家系には
支払うべき対価があった..."
"In the mists they dwell,
forever hungry,
forever cold.","霧の中に彼らは住み、
永遠に飢え、
永遠に凍えている。"
A power unknown aids your own.,知られざる力が君の力に加わる。
"His isolation caused him to treasure
their companionship all the more.","彼の孤独感は彼の仲間との付き合いを
いっそう大事にさせた。"
"That day, both the Unblinking Eye and
their enemies stood in silence. That day,
the sky was clear, but it was raining.","その日、瞬かぬ目も彼らの敵も
静かに立ち尽くした。その日、
空は晴れていたが、雨が降っていた。"
"The world churned during the Great Wasting.
Tawhoa may have stilled the rioting earth,
but it was Valako that tamed the broken sky.","大いなる滅亡の時世界は揺さぶられた。
荒れ狂う大地を宥めたのはタウホアだったが、
壊れた空を鎮めたはヴァラコだった。"
"""I will never forget. I will carry your memory
forward, all of you, from this ghastly Vale.""
- Artair, last survivor of the Ogham rebellion","「私は決して忘れぬ。これより皆の記憶を
この悍ましき谷より運んでいこう。」
ーオガムの反乱の最後の一人、アーテイル"
"""What are you lot looking at? We're
under fire! Get to your stations!""
- Captain Sventura, the Unlucky","「何を見ている？攻撃を受けているんだぞ！持ち場へ戻れ！」
ー不運なるスヴェンチュラ隊長"
The gleam of the night and howling teeth alike could not abate the rising of the sun.,夜の輝きと吠えたける牙は何れも夜明けを止めることはできなかった。
"""Do not despair! Give yourself to the woods!
Become empty, and the Goddess will find you.
From within her roots... you shall be restored.""
- Cirel of Caer Tarth","「諦めるな！森へ己を捧げるのだ！
空になれば、女神様が見つけてくれる。
彼女の根から……お前は復元されるのだ。」
ーカイル・タルスのシレル"
"Through every great purge, and every fiery inquisition,
the Twilight Order endured in secret.","全ての大規模な浄化を、全ての燃えるような審問を、
黄昏の教団は密やかに生き延びた。"
"""Move in ways your enemy does not expect.
Confuse them with elegance and grace.
They'll never see the axe coming.""
- Rakiata, Chieftain of the Tasalio Tribe",WIP
"It is often said of nobles that they live off their
peasants... sometimes, it's truer than any suspect.","貴族が平民から甘い汁を吸っているとはよく言われる……
時にその言葉は人が思っているよりも核心をついている。"
"The Twilight Order rejected the gods, choosing
instead to put their faith in each other.","黄昏の教団は神々を否定し、
その信仰をお互いに向けることにした。"
"The collector need not even speak. Each ring
regaled them with tales of his conquest.","蒐集家は話す必要さえない。輪の一つ一つが
彼の勝利の物語を語り聞かせるのだ。"
"His latent potential unleashed itself, a beast
bursting from its shackles. Each strike of Farrow's
hammer rang out a song for the First Ones.","彼の眠っていた力が解放された、まるで
枷を破る獣のように。ファロウが鎚を振るう度、
最初のものたちのための歌が響き渡った。"
"""Hold firm. Let no word but the Mothers' turn your head.
Through your unfaltering fealty, you achieve perfection.""","「心を強く持て。母以外の言葉に振り向くな。
その揺るぎない忠誠により、完成に至るのだ。」"
"""Prepare the rack, boy. And be careful with those hooks!""
- the Master Torturer's last words","「おい、拷問台を準備しろ。それとその鈎の扱いには気をつけろ！」
―拷問官長の最期の言葉"
"It was in this forsaken land, where mists shroud the world in mystery,
that thieves, murderers, and outcasts, sought refuge.",この見捨てられた土地、霧が世界を神秘的に包む場所に、盗賊、殺人者、追放者が避難所を求めた。
"Born among the high peaks, many Mutewind
live their entire lives in snow and ice.","高い山頂で生まれたミュートウィンドの多くは
生涯を雪と氷に囲まれて過ごす。"
Be not where death falls.,死が降り注ぐ場所にいてはならない。
"In all things, control.",万物に、制御を。
"Mortality is a curse.
The cure is simple.","可死性は呪いだ。
治療は簡単だ。"
"A gift from the Draíocht, lost in Darkness.
The bronze hums. The cloth sighs.
Living pieces of her, yearning to exist.","闇に失われし、ドリオクトからの贈り物。
青銅は歌い、布は嘆息する。
彼女の生きた欠片が存在することを希う。"
"The younger brother waded into battle, shrugging off blows.",弟は攻撃を跳ね除けながら戦いの中へと進んでいった。
The older brother retained calm in the midst of fury.,兄は怒りの最中にも冷静を保った。
"Only the High Priests could enact the sacrifices,
but all who witnessed shared in exultation.","生贄の儀式を行えるのは高位神官たちだけだったが、
それを目撃した者たちも歓喜を共有した。"
"The Emperor's trusted surgeons are not the only ones who practice the dark arts. Some of us are just more discreet.""",闇の術を行使しているのは皇帝の信頼する外科医たちだけではない。もっと用心深い者たちもいるというだけのことさ。
Beyond madness lies inspiration.,狂気の向こうにはインスピレーションがある
No man burns alone.,独りで燃える者はいない。
"""Be vigilant, Nezahul! When the serpent is cornered, does it give up?
No... It waits. Then it bites the first hand it finds.
The danger of numbers is all in your mind!""
- Viper Napuatzi, instructing Royal Commander Nezahul","無数の贈り物、交渉、そして貿易協定はやがて
ヴァール帝国の全ての近隣国の自立性を弱めていった。"
"Brinerot pirates live in a perpetual blaze of glory,
pushing their luck right to the end.","ブラインロットの海賊たちは永遠の栄光を生きており、
最期まで運に任せた行動を続ける。"
The end always comes sooner than we think.,終わりはいつだって我々が思っているよりも早くやってくる。
"Tale-women do not fight as dekharas.
They command a power all their own.","語り女たちはデカーラとしては戦わない。
彼女たちは彼女たちだけの力を持つのだ。"
"Keep your heart as ice,
lest your passions stir.","心を氷にせよ、
感情が目覚めぬように。"
"They screamed her name in adulation as they gave
their very lives. She looked on with impatience.","彼らは命そのものを捧げながら称賛を込めて
彼女の名を叫んだ。彼女は待ちくたびれたようにそれを眺めていた。"
"In the end, even heroes fade away.",最後には、英雄さえ消えゆく。
"Sometimes patching up your
equipment gets out of hand.","時として道具の手入れは
大変なことになる。"
Let the rider's aim be true.,騎手が狙いを外しませぬように。
"He never spoke a word. His opponents imagined
their own personal mockeries, most cruel.","彼は一言も発さなかった。彼の敵は皆
自ら最も残酷な侮辱を妄想したのだ。"
Familiarity breeds contempt.,親しみは侮蔑を産む。
"""Focus. Hone your mind. Your lessers rely on the tangible.
Shed your senses, and raze them from this physical realm.""","「集中だ。精神を研ぎ澄ませ。劣等種は実体を持つものに頼っている。
感覚を脱ぎ捨て、この物質的な世界から消し去れ。」"
An endless river of bodies lie in the wake of ambition.,野望の跡には、果てしなく続く死体の川が続いている。
Heavy is the head.,頭は重い。
Pain brings clarity.,苦痛は明晰をもたらす。
"Death crawls in darkness, closer than we think.",我々が思っているよりも近い所で、死が闇の中を這い回っている。
"There is power in hunger, though it will
consume all that you have... and more.","飢えには力がある。だがそれはお前の持つ
全てを喰らい……更にその先をも喰らうだろう。"
"""Your covetous hands bring the Unlight
ever closer to consuming your realm.""","「その強欲な手により無光は
世界を喰らう目的に近づいていく。」"
"The roots burrow deeper, unveiling the wood's bounty...",根は更に深くへ潜り込み、木の恵みを露わにする……
"A terror of ancient times, his identity
remains lost... but his power does not.","古代の恐怖、その正体は失われたまま……
だがその力は失われてはいない。"
"Remaining unseen, the Dishonoured Assassin struck
only in the depths of the harshest sandstorms.","誰にも見られぬまま、名誉を失いし暗殺者は
最も厳しき砂嵐の奥底でのみ襲撃した。"
"The sky tore asunder, black cleaving upon blue
The end of life, of Time, with no escape
But they found a fragment, a void, a haven
And there they waited, as it all began again
Dark will, dark knowledge, enemies of Fate
They know your mind, because they remember","お前は我々が知らぬと考えている。
我々はお前が考えることを知っている。"
"""You think us savages?"" mused the Red Wolf, as
he pulled teeth from the Eternal's skull. ""I will
show your kind the way of tooth and claw.""","「俺たちを蛮族だと思うか？」帝国人の頭蓋骨から
歯を抜きながら、赤狼は独りごちた。「お前たちに
牙と爪の生き方を見せてやろう。」"
"The largest beings on Wraeclast
are not flesh and blood.","レイクラストで最も大きな存在は
血と肉で出来てはいない。"
"What is worse, the sting of the past, the pain of the present, or the fear of the future?",過去の傷、現在の苦痛、そして未来の恐怖。一番嫌なのはどれだ？
"Forged from the heart of the densest star, your courage will fail long before it does.","最も重き星の心臓から造られしこれよりも
お前の勇気は遥かに早く壊れるだろう。"
Fight with the ferocity of the First Ones.,最初のものたちのどう猛さで戦え。
"After the eruption, the skies turned grey,
ash began to fall, and a chill set in...","噴火が治まると、空は灰色となり、
灰が降り始め、寒気が立ち込めた……"
The forest is a stronghold mightier than any other.,森は他の何よりも強い砦である。
The devil finds work for idle hands.,悪魔は暇な手に仕事を与える。
"As the serpent shuns thought,
It shuns fear.
It strikes with the speed of wrath
And the skill of compulsion.","蛇は思考を押し退けるように、
恐怖をも押し退ける。
憤怒の速度と
強迫の技を持って攻撃する。"
"If fear doesn't kill you, I will.",恐怖がお前を殺さなければ、私が殺す。
"Bloodshed on the crimson shores,
longing for the endless sea.
Treasures, life, I'd give it all
just to capture thee.","深紅の岸辺の流血、
果てしない海を求める。
宝物、命、全て与えましょう。
あなたを捕らえるために。"
"You can be the wick or the wax. Either way, your light goes out and mine goes on.",あなたは芯にも蝋にもなることができる。どちらにせよあなたの火は消え、私の火は燃え続ける。
Reality is a puzzle. Ingenuity is power.,現実はパズルだ。創意は力だ。
"Diamora sings not for hunger, but for longing.",ディアモラは空腹ではなく切望のため歌う。
"""Keep smiling. The deepest cut comes not from insults, but from false praise.""",「笑顔を忘れるな。最も深い傷とは中傷ではなく、偽りの称賛によってつけられるのだ。」
The whispers of the old gods hum through the iron. They demand a hero.,古き神々の囁きが鉄を鳴らす。彼らは英雄を求めている。
Anticipation is a gift.,予感とは恵みだ。
"Unlike the other gods, when he was born from the volcano,
Valako rode the clouds of ash into the thundering sky.","他の神々とは異なり、ヴァラコが火山から生まれた時、
彼は灰の雲に乗って荒れる空へと昇っていった。"
The strongest souls are forged through struggle and defeat.,最も強き魂は戦いと敗北から造られる。
The secret was lost with its maker.,秘密はそれを作った者と共に失われた。
"Only once did Maligaro wonder if he'd gone too far.
His greatest success took three entire legions to capture.","一度だけ、マリガロは自分がやりすぎてしまったかと思った。
彼の最高傑作は捕らえるために三つの軍団を要した。"
"The Master's tether wraps itself around the soul.
Should he be denied, he will unmercifully set it free.","主の鎖は魂に巻き付く。
拒絶すれば、彼は無慈悲にそれを解放するだろう。"
"Ulcers, scabs, and pocks, the third army makes its claim.",潰瘍、かさぶた、膿疱。第三の軍が奪っていく。
"""Stitches? Wouldn't that defeat the purpose?""
- Jeffry, Torturer's Apprentice","縫合？それでは本末転倒では？
―ジェフリー、拷問官の弟子"
"""You think you have Coralito chained. You don't.
You think you're torturing him. You're not.
He needed to get close to you... and you let him.""","お前はコラリートを縛っていると思っている。お前は間違っている。
お前は奴を拷問していると思っている。お前は間違っている。
奴はお前に近づく必要があった……そしてお前はそれを許したのだ。"
A wall of steel and muscle.,鋼鉄と筋肉の壁。
Natural decay can be twisted to dark ends.,自然の腐敗は邪悪な目的へと歪めることができる。
"We move to be closer to her, but the distance yet grows.",我らは彼女に近づくが、距離は離れるばかり。
The truly mighty are never outnumbered.,真に強き者が数で負けることはない。
"As the sun rises and the light approaches,
so too shall your enemies fear you.","太陽が上り光がやってくる時、
敵は汝を恐れるだろう。"
The druids walk the Grelwood without fear.,ドルイドたちはグレルウッドを歩むことを恐れない。
"All your tomorrows lie ahead of you,
unknown and snarled to the very last.","お前の先には全ての明日が待っており、
それらは最後の最後まで未知で、もつれている。"
"Where legends tread,
the world hearkens.","伝説が歩む場所、
世界が耳を傾ける。"
"Banished for his tragic failure,
Erian learned to hunt to survive.","悲劇的な失敗により追放された
エリアンは生きるために狩りを覚えた。"
Blessed are those who tend the Grove.,祝福されしは木立の世話をする者たちだ。
"The mocking wind, a shielding spell,
The haunting screams, a maddening hell","嘲る風、護りの秘法、
恐ろしき叫び、狂わせる地獄。"
Some search forever for their path.,自らの道のりを永遠に探し続けるものもいる。
The storm cannot sway those of sure footing.,しっかりとした地盤を持つ者を嵐が揺るがすことはできない。
"""Captain Hiff Greybeard accomplished what nary a Brinerot
could: he died of old age. Almost had him a dozen times
meself, if it weren't for that damn leg of his... crafty shite...""","「ヒフ・グレイビアード船長は他のブラインロットにできないことを
やってのけた。老衰で死んだんだ。俺自身、十回ほどあいつを
やれそうなことがあった。あいつのあの足さえなけりゃな……ずる賢い野郎め……」"
"Where he tread, disintegrating storms of lightning
and death laid waste to all around him.","奴が歩んだ場所では雷と死の崩壊の嵐が
奴の周囲全てを破壊していった。"
"""Soar. Be swift. Let none trespass here, from
above or below, lest your purpose be forfeit.""","「飛翔せよ。素早く。上からも下からも、
何者もここへ通すな、お前の目的が失われぬよう。」"
"The cursed ones march forever,
On their hopeless, last endeavour.","呪われた者たちは永遠に更新を続ける、
絶望に満ちた最後の試みとして。"
"The combat stance used by Vaal nobles
was as elegant as it was deadly.","ヴァールの貴族により使われた戦闘の構えは
危険であるのと同じくらい華麗だった。"
"Praetor Draven knew his only chance to subjugate
the Ezomytes was to catch them unaware.","法務官ドレイヴンはエゾミアの民を征服する唯一のチャンスが
彼らの不意をつくことだと知っていた。"
"The Counts of Ogham share a
legacy of cunning and power.","オガムの伯爵たちは
狡猾さと力の遺産を引き継いでいる。"
Welcome to Wraeclast.,レイクラストへようこそ。
"""Beyond fire, blood, and nightmare,
the Saviour will build Utopia.""","「炎の、血の、悪夢の先で、
救世主は楽園を作るだろう。」"
Some stories are never told.,決して語られぬ物語もある。
"Tukohama knew that he could not lose a fight in his fortress.
So he carried his fortress to the fight.","トゥコハマは自分の砦で負けることはないと知っていた。
そこで彼は自分の砦を戦いへ持っていった。"
"""Upon plains of endless chill,
They Who Never Tire... dominate.
They Who Never Surrender... terrify.
 And They Who Lay Beneath... wait for Nightfall.""
- Tul, She That Silences","「終わらぬ寒さの平原で
疲れぬ者たちが……支配する。
諦めぬ者たちが……恐れさせる。
そして下に眠っていた者たちが……夜を待つ。」
ー沈黙させる者、トゥル"
"The unending carnage of war
mercilessly grinds away
at body and mind.","戦の終わりなき虐殺は
心も体も
無慈悲に削り続ける。"
"Lead by example, and you shall never be alone.",模範となり導けば、決して独りになることはない。
"The Wildwood was a gift, meant as a haven
against the Winter of the World.","世界の冬からの逃れるための聖域として
ワイルドウッドは与えられたのだ。"
"Ride the western wind, and take flight.",西風に乗り、飛翔せよ。
Not even the storm knows when lightning will strike.,雷がいつ落ちるかは嵐でさえ知らない。
"Never let the audience know your true form.
Misdirect them, beguile them.
Strike when they least expect it.","観客に決して真の姿を悟らせるな。
彼らを誘導し、欺くのだ。
そして彼らが最も予想していない時に攻めるのだ。"
"From aeons past, Dannig felt the Runefather's
gaze, challenging him. There is no honour in ease.
True greatness is torn from the jaws of defeat.","遥か遠い過去から、ダニグはルーンの父の眼差しが
彼を見定めるのを感じた。楽をすることに名誉はない。
真の偉大さとは敗北の口から奪い取るものだ。"
May your resolve never waver.,あなたの決意が決して揺らぎませんように。
The druids swore to protect the Grelwood with their very lives.,ドルイドたちはその命を賭けてグレルウッドを守ると誓った。
"When the Red Sekhema called,
the Ardura were the first to answer.","赤きセケマが呼びかけた時、
最初に応えたのがアードゥラだった。"
"""A thief in the night, Draven did creep,
families asleep, taken, held on high.
Clever, he thought, 'til his children paid.
Nay, villain, a man never bleeds alone.""","宵闇の盗賊、ドレイヴンは潜んだ
寝静まった町から奪い取った
俺は賢い、と彼は思った。自分の子らが代償を払うまでは。
悪党よ、お前は誤った。人は一人で傷つくのではない。"
"Light and shadow chase eternal,
but neither knows the other exists...","光と闇は永遠に互いを追い続ける。
だがどちらも相手の存在に気づいていない……"
"""Resist for long enough, and your oppressor
will lose his will. Then, you've won.""","抵抗を続ければ、いずれ圧制者はやる気を失う。
そうすれば勝ちだ。"
"A window onto a realm of red,
where countless voices scream...","無数の声が絶叫する
赤き世界への入口……"
"As a boy, in the arena, Daresso learned to
feign weakness to open up a lethal blow.","少年の頃、ダレッソは闘技場で
必殺の一撃のために隙を見せることを学んだ。"
"""There is nowhere my vengeance cannot find you.""",「私の復讐に見つからない場所などない」
"""Lundara held back the hordes, while Solerai rose to split the sky.
With a single stroke, she ended the Winter of the World.""
- Wranga, tale-woman of the Wahida akhara",WIP
The cry of death whispers in the wind.,死の叫びが風の中で囁く。
"A gift, a braid, of golden hair.
The war, forgotten.
The reason, remembered.","贈り物、一房の金色の髪。
忘れられし戦。
記憶に残りし理由。"
"The horrors we imagined as children
still exist somewhere in the dark...","我々が子供の頃に想像した恐怖が
未だ闇の中のどこかに存在している……"
Obedience stretches beyond the grave.,服従は埋葬後も続く。
"Sinuous, entwined... inextricable.",曲がりくねり絡まりあい……解けない。
"A flash of blue, a stormcloud's kiss,
her motionless dance the pulse of bliss","青の閃光、雷雲の口づけ
動かぬ舞は至福の鼓動"
Life and death ooze from the same sap.,生と死は同じ樹液から染み出す。
"""Boiling frogs isn't for spells, dear. That's a disgusting
rumour. They're actually for brewing poisons.""
- Selassie of the Black Fen","カエルを茹でるのは魔法のためじゃないわ。それは謂れのない噂よ。
実際は毒を作るため。
ー『黒沼』のセラッシー"
"""One can never fully eliminate Chance, but with the right
machinations, all the outcomes may be turned in your favour...""
- Cadiro Perandus","「完全に偶然を排除することはできぬが、適切な策により
全ての結果を望ましいものに変えることはできる……」
ーカディロ・ペランダス"
Coming Soon,"たった一人にそんないい矢を使うなんて無駄遣いだ。
ーヴァールの射手キラヴィ"
"A hearth unyielding, ever warm,
A light unbroken, endlessly reborn.","不屈の暖炉、いつまでも暖かく。
途切れぬ光、何度でも生まれ変わる。"
"Worship of house gods was tolerated
in Oriath, so long as it remained private.","オリアスでは家の神の崇拝は
表に出さぬ限り許されていた。"
"What they saw was what they believed, and
they believed Lunaris had not abandoned them.","彼らが見たのは彼らが信じたことだった。
そして彼らはルナリスに見捨てられていないことを信じていた。"
"The sacred sap flows slowly, but surely.",聖なる樹液はゆっくりと、だが確かに流れている。
"Natural grace is born, not earned.",自然な優美さというのは勝ち取るものではなく、生まれるものだ。
"The respect of Karui warriors is hard to earn,
but lasts a lifetime... and beyond.","カルイの戦士たちの敬意を得ることは難しいが、
それは一生、そしてその後も続く。"
Healing the soul requires sacrifice.,魂を癒やすには犠牲が必要だ。
"Fanatics are the most dangerous enemy,
for they care not for their own survival.","狂信者は最も厄介な敵だ。
奴らは自分が生き残ることを考えていないのだから。"
"He knew not why he was changing, only
that he wanted to hold his family close...","彼には自分が変化している理由がわからなかった。
わかっていたのは、家族を抱きしめたいということだけ……"
"The homeguard signalled for aid against a surprise attack,
but it was not their dekharas that responded.
It was Solerai herself.","防衛隊は奇襲に対し援軍を求めたが、
それに応えたのはデカーラたちではなかった。
ソレライ自身だったのだ。"
"Tale-women in training drink of a painful desert fruit.
Fire, they learn, springs from agony.","修行中の語り女たちは痛みを起こす砂漠の果物を飲む。
彼女たちは学ぶのだ、炎は苦痛から生まれるのだと。"
"Never blinking, always watching.",決して瞬かず、常に見つめて。
"When Kabala the Serpent Queen was banished from Keth,
the Sekhemas took a single hostage as punishment.","蛇の女王カバラがケスから追放された時、
セケマたちは罰として一人の人質を取った。"
"Dannig sculpted the Verisium to evoke the
night-blooming lotus of Middengard's stygian peaks,
which grow only where ash meets the snow and stars.","ダニグはミデンガルドの昏き山頂の
灰が雪と星々と出会う場所でのみ育つ夜咲きの蓮を
想起させるようヴェリシウムを彫刻した。"
To stray is to condemn this world to sin.,道から逸れることはこの世界を原罪に陥れることだ。
"If evil must always exist, so be it.
Embrace it. Become its master.","邪悪が必ず存在するというのなら、仕方あるまい。
それを受け入れよ。それを支配するのだ。"
Agony brings clarity to those of pure mind.,純粋な精神を持つ者には苦痛が明晰さを与える。
"As their eyes adjusted, they became aware of a strange
blue light. Countless glowing worms crawled above,
blissfully unaware of their flight from the sirens.","彼らの目が慣れてくると、奇妙な青い光に気づいた。
頭上では無数の光る蟲たちが、セイレーンからの逃亡に気づかず
幸せそうに這いずり回っていた。"
"Where her mouth should have been there was only a whirling, black void.",彼女の口があるべき場所には黒く渦巻く虚空しかなかった。
The dawn of a new era is set into motion,新たな時代の夜明けが動き出した。
Fear the fire that spreads like a plague.,疫病のように広まる炎を恐れよ。
"""The Brotherhood of Silence does not set out to torture our targets.
Excruciating pain is simply a byproduct of certain... necessary methods.""","「沈黙の一党は標的を拷問しようとしているわけではない。
耐え難い苦痛は一部の……必要な手段の副産物だ。」"
"I rule the north
A legacy earned
Time and time again
Sing Meginord's song!","我は北方の支配者
幾度も幾度も
勝ち取った伝説
メギノルドの歌を歌え！"
"Forged by the last remaining brother
to return all that was once given.","かつて与えられし全てを帰すため
最後の党員により造られた。"
Highgate held other secrets.,ハイゲートには他にも秘密があった。
"It coils deeper and deeper
It slithers between thoughts
It lies beneath the valley
It lies in our minds","更に深く深くへとうねってゆく
思考の間を這い進み
谷の底に潜んでいる
我らの心の中に潜んでいる"
"The warriors of the Unblinking Eye moved
together as one, shoulder to shoulder.","瞬かぬ目の戦士たちは肩を並べ、
一丸となって動いた。"
"Power comes to those who seek
Death comes to those who reach","力は求める者へやってくる
死は手を伸ばす者へやってくる"
They wrap around you until your blood turns as cold as theirs.,君の血が奴らと同じく冷たくなるまで君を締め付ける。
A pact with Prospero always comes at a price.,プロスペロとの契約には必ず代償がある。
Power is a matter of perspective.,力とは主観的なものだ。
"Drink deeply of the Well.
Let the Abyss coil within.","井戸から深く飲むのだ。
体内でアビスが螺旋を描くように。"
"The tribe revelled wildly, unaware that each fruit
they ate further bound their continuity to the fog's.
In time, the merest touch could break their reality.","祭りにふける部族は果実を食べるほど
彼らを霧と一体化させることに気づいていなかった。
やがて軽く触れるだけで彼らの現実は壊れてしまうだろう。"
"Adversity is the soil in
which persistence grows.",苦難とは辛抱強さを育てるための土だ。
"Below all living things,
there exists a flow...","全ての生けるものの下には、
流れが存在する……"
Some families have peculiar gifts...,奇妙な才を持つ一族もいる……
The Brinerot sail without fear of storms.,ブラインロットは嵐を恐れず航海する。
Tempered by the forbidden flame.,禁断の炎によって鍛えられた。
Bleeding just means you're still alive.,血が流れるってことは生きてるってことだ。
All creatures have the potential for greatness or unequivocal failure.,"全ての生き物は栄光と
明らかな失敗の可能性を併せ持つ。"
Trifle not with the trinket mage.,装身具の魔術師を侮るな。
"Asinia promised vengeance beyond death,
and she found a way to keep that promise.","ヴァールの血の神官たちは記録されている最古の知識階級の一部だった。
新たに解放された魂が他の生命の源に必死にしがみつこうとすることを
発見したのは彼らだった。"
Clever artifice is not always complex.,巧い工作というのは必ずしも複雑ではない。
"A Templar thinks he's righteous for flogging
himself once for every ten lashings he gives.","テンプラーは十回鞭を振るうごとに
自分も一度鞭で打つことが正義だと思っている。"
Bring mystery to life. Again and again.,謎に命を吹き込め。何度も、何度も。
"Kulemak sat triumphant, raising the crown.
Darkness coiled the world in eternal night.
Victory, a mere moment, came crashing down.
No conqueror, no conquered, only searing Light.","勝利に座したクーラマクは冠を持ち上げた。
闇が世界を永遠の夜に包みこんだ。
束の間の勝利は崩れ落ちた。
征服した者も、された者も居らず、焼き尽くす光だけがあった。"
"Rivers of power coursed through their veins.
Now, that power is yours, for good or ill.","彼らの血管には力の川が駆け巡っていた。
今、その力がお前のものとなった。結果はどうあれ。"
"""Tukohama may be asleep, but he still gives us his strength. A small
needle, an offering, and a vial... drink deeply, my son, and you
will more than survive the coming battle... you will thrive.""",「トゥコハマは眠っているかもしれぬが、それでも我らに力を与える。小さな針、捧げ物、そして小瓶……息子よ、一気に飲め、そうすればお前はこの先の戦いを生き残るだけじゃない……栄えるのだ」
"""Calculations complete, and He is assembled.
Our immaculate tactics are set in motion.""","「計算は完了し、彼は完成した。
我々の完全無欠の作戦が動き始めた。」"
"""How do I cope with what I witnessed on Wraeclast?
Thank the Ancestors! My cup, it overflows.""
- Lavianga, former advisor to Kaom","「レイクラストで見たことにどうやって耐えているのかって？
ご先祖様たちに感謝だ！私の盃は溢れている。」
ーカオムの元相談役、ラヴィアンガ"
"Uhtred drank. Verisium burned through his veins.
He gazed at death's face. With all his strength,
he turned instead to the stars, and witnessed Truth.","ウートレドは飲んだ。ヴェリシウムが彼の血管を焼いた。
彼は死の顔を見つめた。彼が全力を振り絞り、
星々を見るため上を向くと、そこには真実があった。"
War inevitably takes an untold toll on the soul.,戦争は避けられず、魂に計り知れない影響を及ぼす。
The mark of the smith was widely known.,その鍛冶師の印は広く知れ渡っていた。
Shaped metal never forgets the forge.,加工された金属は決して鍛冶場を忘れない。
"Ezomyte loyalty was not given to distant leaders.
It was earned by comrades in arms.","エゾミアの民の忠誠心は遠く離れた指揮官ではなく、
共に戦った占有に与えられた。"
"The Abyssals were created, not born,
and every moment in the light was agony.","アビサルたちは生まれたのではなく、創られたのであり、
光の中で過ごした一瞬一瞬が苦痛であった。"
Within lies a window.,その内には窓がある。
"""A sprinkle of liquid encouragement is often
required to garnish the perfect confession.""
- Brutus, Warden of Axiom","「最高の懺悔を飾り立てるには
しばしば液状の動機の一振りが必要だ」
―アクシオムの守り人ブルータス"
"""You mortals are insidious. You repress your
evil, or deny it exists. Liars! When I open
your heads, that violence floods out.""
- The Raven Trickster","「お前たち人間は陰湿だ。邪悪を抑制し、
その存在を否定する。嘘つきめ！私が
頭を開いてやれば、その暴力性は溢れ出すのだ。」
ー鴉のトリックスター"
"A common soldier from a common family kept hammering into the night
after each grueling march, his eyes afire with starlight and determination.
Few suspected that he would one day become the greatest among them.","平民の出の平兵士は厳しい行軍の度に
目を星明りと決意で燃やし、夜遅くまで鎚を振るっていた。
彼が自分たちの中で最も偉大な者となることを予想していた者は少なかった。"
"There was a very clear and delicious
reason why the Ezomytes chose to
stop their flight and settle in Phaaryl.","エゾミアの民が逃走を止め
ファーリルで暮らすことにしたのには
明らかな、そして美味な理由があった。"
The art of surgery advances one mistake at a time.,外科手術は一つずつ間違えながら進歩するのだ。
Secrecy and silence are powers all their own.,秘密と沈黙はそれだけで力だ。
Be not deceived by the treachery of men.,人の裏切りに騙されるな。
"""Drunken Erqi boasted to Tukohama; the God of War
challenged him to a clash of strength. Woe to the
Divine - he should have made it a test of skill!""","「酔っ払ったエルキはトゥコハマに自慢した：戦の神が
彼に力比べの挑戦をしたのだ。ああ、悲しき神よー
比べるのは技にするべきであった！」"
"The secret Order endured by publicly
praying however the Templars demanded.
One day, justice would fall upon them...","秘密の教団はテンプラーたちの要求通りに
公に祈りを捧げることで生き延びていた。
いつか正義の鉄槌が下るだろう……"
Infinite mutations over endless eons borne upon it in a singular moment.,永劫の時の中での無限の変異が一瞬にしてもたらされた。
The Baleful Gem's corruption lingers still...,悪意の宝石の穢れは今もなお残っている...
"The might of the Eternal Empire was formidable,
but rebels of every culture stood together as one.",人の腕の長さはしばしば彼が持てるより多くに届く。
The Sacred Hunt ends with mercy.,神聖なる狩りは慈悲で終わる。
"Heads fall to the sand, just as the star fell from the sky",砂に頭から飛び込もう、星が空から落ちるように。
"""You killed their Golden Sekhema. The Maraketh will think of nothing
but vengeance now."" - Dimos, Advisor to General Titucius","「あなたは奴らの金のセケマを殺しました。マラケスはもはや
復讐しか考えることはないでしょう。」ーティトゥシアス将軍の相談役、ディモス"
"""In the hands of Orbala, it made a god bleed.""
- Wranga, tale-woman of the Wahida akhara","「それはオルバラが振るった時、神を傷つけたこともある。」
ーワヒダ・アカーラの語り女、ランガ"
"Born in a star of man's own make,
fused to her hand by her last mistake.","人が作りし星で生まれ、
彼女の最後の過ちにより手と一体化した。"
"The spear was specially forged to assassinate Voll,
but Maligaro never got a chance to use it...",この槍はヴォール暗殺のために特注されたものだったが、マリガロがそれを使う機会は最後まで来なかった……
"""My people? I'm not doing this for them.
They belong to me. They want this for me.
Their sacrifice is a gift they give out of love
and adoration... I deserve it. I am their Queen.""",WIP
May the Lightless drown in the violence of His devotion.,光無き者たちが彼の信仰の暴力で溺れんことを。
"The night Draven attacked,
Erian was asleep at his post.","ドレイヴンが襲撃した夜、
エリアンは見張り場で居眠りしていた。"
"In our tales, and in our hearts, the rivers still flow.",我らの物語の中で、そして心の中で、川はまだ流れている。
"The first witch hunter knew one critical tactic:
never let your enemy have a clear moment.","最初の魔女狩りは一つの重要な戦術を知っていた：
敵に一瞬の余裕も与えるな。"
"Dannig saw Seren in his mind's eye, a public ornament of
extravagance. Until she bore Cadigan a son and vanished.
Decadence covering brutality, like all Kalguuran customs.","ダニグは心の目でセレンを見た、公な浪費の象徴だった。
彼女がカディガンの息子を産み、消えるまでは。全ての
カルグールの慣習同様、残忍性が退廃に隠されていた。"
"With a flick of the finger, their fates are written,
the pages torn to a million pieces.","指の一振りで彼らの運命は書かれ、
頁は百万の紙片に千切られる。"
"One way or another, it will find what it seeks.",どのような形であれ、それは探し物を見つけるだろう。
"Adonia rose with eyes afire, emanating a ghastly aura, and
broke off a carving from the wall of the Throne Room.
""You think me powerless without my wand? Insult me again!""","アドニアは目に炎を灯し立ち上がり、恐ろしいオーラを纏い
玉座の間の壁から彫刻を千切り取った。
「杖がなくては無力だと思ったか？もう一度私を侮辱してみろ！」"
He alone was welcome in the sacred spaces of the Titans.,彼だけがタイタンたちの聖域で歓迎された。
"Lost in the Black Fen, Erian hoped that dawn would save him.
He had no idea how far away the light truly was.","『黒沼』で道に迷ったエリアンは夜明けがくれば助かると思った。
彼は光が実際はどれほど遠くにあるのか、全く分かっていなかった。"
"In that moment, Viridi's bones became
branches, weaving over the Darkness.
She coiled around the nothing,
trapping it within her everything.","その瞬間、ヴィリディの骨は
枝となり、闇を覆うように織り重なった。
彼女は無の周りにとぐろを巻き、
彼女の全てで封じ込めた。"
"Smithed from ancient metal
wrought from the very stars.
It is a means to call upon them,
for one capable of wielding it.","星々そのものから作られた
古の金属で鍛えられた。
それを振るえる者にとって、それは
星々に呼びかける手段だ。"
The candlemass tradition was born in a time of darkness and fear.,キャンドルマスの伝統は闇と恐怖の時代に生まれた。
"An ancient Azmeri staff, overgrown by roots...",根に覆われし古代アズメリの杖……
"In ghastly pits beneath the world,
Kulemak grows countless new bodies,
each more powerful than the last.
Not all of his abominations survive.","世界の下の恐ろしい穴の中で、
クーラマクはそれぞれが前のものよりも強力な
無数の肉体を育てている。
その化け物の全てが生き残るわけではない。"
"""From what beast you derived, we can only fathom.
Aye, you of living ice, rotting gill, and untold nightmare!
We Brinerot return ye to the sea.""
- Weylam Roth","「お前がどんな化け物から生まれたのか、俺たちは想像することしかできん。
そう、生きた氷、腐ったエラ、そして語られざる悪夢のお前だ！
俺たちブラインロットがお前を海へ帰してやる。」
ーウェイラム・ロス"
"With Kulemak dead and the Abyssals destroyed, the
Master Below All could do nothing but wait... and plan.
As the cold crept in, an age of gods and heroes began.","クーラマクが死に、アビサルたちが破壊され、
全ての下の主は待ち……計画を練る他なかった。
冷気が立ち込める中、神々と英雄の時代が始まった。"
"For three centuries, the Wayward Druid returned each
spring to bless the lands of Ogham. None knew from
whence he came, or where he went, but he was loved.","三百年の間、気まぐれなドルイドは毎春戻り
オガムの地を祝福した。誰も彼がどこから来て、
どこへ行くのかは知らなかったが、彼は愛されていた。"
"""Where the boy went, ravens gathered,
feasting on misery. His vile influence
spread, swift as the carnage they wrought.""","「少年の行く先ではカラスが集まり、
不幸を喰らった。彼の邪悪な影響は
彼らが起こした虐殺同様、素早く広がっていった。"
"""I loosed a volley of arrows into the heart of the man
who slew my beloved. There was no satisfaction, no
healing, no revenge. There was only... emptiness.""","「その者の心臓に一斉に矢を放った。
私の最愛の人を殺した者。満足感はなく、
癒しも、復讐もない。あるのはただ……虚しさだけだった。」"
"Each crest was a Thane's word, bolted to Ivor's bow.
They would join the Count's side, or die by his hands.","それぞれの紋章は族長の言葉で、イヴォルの弓に留められていた。
彼らは伯爵に付くか、伯爵の手によって死ぬのだ。"
"The forests of the Vastiri held many secrets
mystical and dark. Men learned not to wander,
lest they return with a strange new purpose.","ヴァスティリの森には多くの暗く不思議な秘密があった。
人は彷徨わぬことを学んだ。
奇妙な新たな目的を持って帰らぬように。"
"The power of the Allflame rends
souls just as easily as flesh.","オールフレイムの力は
肉体と同じように魂を引き裂く。"
"""Kinslayer, you dishonour your own traditions to turn the tide of battle!
Let us see which is stronger... Karui savagery or the might of the Empire!""
- General Marceus Lioneye","「疑念を持たず見、躊躇いを持たずに殺せ。」
ーサーンのマルセウス・ライオンアイ"
"As the Maji approached the edge of Nothingness, she strung
fragments of the Wildwood's carcass together. When she
nocked her arrow, she pulled upon the elements of life itself.",マジは虚無の縁へと近づきながら、ワイルドウッドの死体の欠片を繋ぎ合わせた。彼女は矢をつがえると、生命そのものの元素を引いた。
"Sibilant promises surrounded them in the night.
All the travelers had to give him was their devotion...","その夜、囁く約束が彼らを取り囲んでいた。
旅人たちは忠誠を誓ってくれるだけで良いのだ……"
"""His approach to the gate was met with sounding trumpets
and an unfurling of banners. He never saw it coming.""
- anonymous Brotherhood of Silence report","彼が門へ近づくとラッパが鳴り、
紋章旗が広がった。彼は全く予想していなかった。
―沈黙の一党の匿名報告書"
"The rebelling Trarthans thought they were secure behind
the walls of the cities they'd captured. Emperor Tyndarus
Phrecius made it clear that nowhere would ever be safe.","反乱するトラーサス人たちは占拠した都市の壁の中は
安全だと思っていた。ティンダルス・フレシアス皇帝は
安全な場所などないということをはっきりと知らしめた。"
"For those without a home in the Vastiri, the
hot day is harsh, but the chill night is far worse.","ヴァスティリで家を持たぬ者にとって、
暑い日は厳しいが、寒い夜は遥かに過酷だ。"
"""And here we shall remain...
trapped in our symphony of eternal anguish.
Artist and Composer, their fates entwined for all of time.""
- Adamantia Brektov, the Composer","彼女の歌声を聞くことは終焉を見ることだ。
心が癒やせないほど純粋な想送歌。"
"""The time has passed for diplomacy!
If they will not respect House Azadi,
then let them die gloriously... and loudly.
We are the masters of the Death Trades!""
- Ratha Azadi","「話し合いの時は過ぎた！
アザディ家に敬意を払わぬのであれば、
名誉ある死を与えてやろう……大きな音を立ててな。
我々が死の商売の支配者だ！」
ーラサ・アザディ"
"Rare is the Necromancer who leads
his undead armies from the front.","稀なるは不死の軍勢の
先頭に立ち導く死霊術師だ。"
"Her sons sang with hate and mockery, their howling twisted in dark harmony.",彼女の息子たちは憎しみと嘲りを込めて歌い、彼らの捻れた叫び声は邪悪な和音を奏でた。
"Tale-women may not fight directly,
for they have a much higher purpose.","語り女は直接戦ってはならない。
彼女たちにはそれより遥かに重要な役割がある。"
"""When the Third Pact was written in stone, the Dreamer gave the alliance of men and
beasts knowledge. In return, they gave him a drop of blood; one from each of the
races of Wraeclast. In the centuries that followed, his Will began to subtly change.""
- Book of the Benevolent Dreamer, Histories 220:5",我々の物語は我々を団結させる。
"""Power of the Red Pyre! Flaming Heart of the Hive!
I release your burning message to rest here, forevermore.""
The Dreamer declared, casting out the lingering dark embers within him.","「赤き炎の力よ！巣の燃え盛る心臓よ！
其方の燃える意思をここに解き放ち、永遠の眠りにつかせよう。」
夢見人はそう宣言すると、彼の内にくすぶる暗い燃えさしを捨て去った。"
"""With piercing eyes, you saw through the Stillness.
Undulating as one, you gloriously covered all in white.
But... I can bear you no longer.""
The Dreamer whispered with fogging breath, ice creeping down his hand.","「貫くような目で、其方は静寂を見通した。
そして其方は一つとなり鳴き、全てを見事な白で覆った。
だが……私はこれ以上其方に耐えられぬ。」
手の先まで凍りつつある夢見人は白くなった息を吐きながらそう囁いた。"
"""Deep in thought, you would tremble the very air before you.
Wreathed in light, you nurtured them all.
And yet... Your nature became you.""
The Dreamer mused with aching heart, as remnants of forking tendrils burst forth.","「考え込む其方は眼の前の空気そのものを震わせた。
光に包まれ、其方は皆を育んだ。
だが……其方の性質が其方自身となってしまった。」
分岐する蔓が飛び出す中、夢見人は心を痛めながらそう考察した。"
"""We sometimes fail. We sometimes succeed. Who determines one from the other?
I now know we can never be made One, if we are bore of differing desires.
And yet, I have hope for a new truth. And I will see it... made real.""
- The Benevolent Dreamer","「私たちは失敗することもある。成功することもある。その違いは誰が決めるのだ？
異なる願いから生まれたのであれば、私たちは決して一つとなることができぬとわかった。
だがそれでも、私は新たな真実を期待している。そしてそれを……実現させる。」
ー善なる夢見人"
"""Drink deep. Unlife depends on life. Yours,
to be specific."" - Selassie of the Black Fen","「よく飲みなさい。不死には命が必要なの。
具体的には、あなたの命が。」ー『黒沼』のセラッシー"
"Darkness howls through ancient bones, a wistful cry
on hollow winds. The moon listens. The pack gathers.",闇の咆哮は古の骨を通り、虚ろな風に乗った物悲しい声となる。月は聞く。群れは集まる。
"A sensitive few among the first settlers of Ezomyr
followed the wisps by canoe. On a misty forested
island, Cirel of Tarth stood waiting to greet them.","エゾミアの最初の居住者たちのうち、数人の鋭い者たちは
カヌーでウィスプを追った。霧に覆われた森のある島で、
タースのシレルが彼らを出迎えた。"
"If you see the blushing tree of the northern woods,
remember: ""Blossoms of red, the tree's been fed.
Blossoms of white, prepare for a fight.""","北の森の赤らむ木を見たのなら、
思い出せ：「赤き花なら木は満たされている。
白き花なら、戦いに備えよ。」"
"In a time of great need, surrounded by Abyssals,
the Wayward Druid came to the Sun Clan's aid.
It is a debt they have never forgotten.","アビサルに囲まれた困難の時、
気まぐれなドルイドは太陽の氏族を助けに来た。
彼らがその借りを忘れたことはない。"
"Long ago, the witches of the Azak Tribe learned
how to tap into the flow of Vivid lifeforce to
'cooperate' with their enemies... forcefully.","遥か昔、アザク族の魔女たちは身につけた術で
『鮮明』の生命力の流れを利用し
敵と「協力」した……強制的に。"
"""A traditional hatungo does not carry an axe,
it is true. But as Narumoa showed us, there
are many ways to crush one's enemy...""","「伝統的なハトゥンゴは確かに斧を持たぬ。
だがナルモアが示してくれたように、
敵を潰す方法はいくつもある……」"
"Gruthkul was the Mother of Despair...
but one day, the Father will return,
and discover the fate of his children.","グルスクルは絶望の母だった……
だがいずれ、父は戻り、
我が子らの運命を知るだろう。"
"""Even in the face of the Winter of the World,
life found a way. The Spirit always provides.""","「世界の冬に直面しても、
命は続いた。精霊様は必ず与える。」"
"Wraeclast has known too few true heroes.
It remembers those that stood in defiance.","レイクラストに真の英雄は少なすぎた。
この地は立ち向かった者たちを覚えている。"
"Devotees of the Goddess of Lust
needed never fear her sting.","色欲の女神の信者たちは
彼女の針を恐れる必要はなかった。"
"They found a crying child tied to a frozen pyre.
She was clad in ice, but the village was ash.","凍った火葬場に縛り付けられた泣いている子供が見つかったそうだ。
彼女は氷に覆われていたが、村は灰と化していた。"
"The most beloved member of every Brinerot crew
is the one that refuses to do any actual work.","全てのブラインロット船の最も愛される船員は
全く仕事をしない者だ。"
"""It may be centuries hence, but I still hold utmost faith.
The Saviour will rise, and mankind will be free.""","数百年後かも知れないが、私は未だに信じている。
救世主が現れ、人類は解放されるのだ。"
"""When the headsman's blade swings,
your last moments stretch to eternity.""
- Vorm, the Twice-Pardoned","「処刑人の刃が落ちる時、
最期の瞬間は永遠に引き伸ばされるのだ。」
ー二度赦免されしヴォーム"
Kaom was not known for his restraint.,カオムの名声は我慢強さに基づくものではなかった。
"""To scrape the sky,
to touch the clouds themselves,
is to know true freedom.""
- Mutewind saying","「空を掠めることは、
雲そのものに触れることは、
真の自由を知ることだ。」
ーミュートウィンドの諺"
"The sea swells, the sky thunders; two ships tilt at odds.
Flashes of light show only swinging axes... and a grin.","海は膨れ上がり、空からは雷が鳴り響く。二隻の船が対立する。
一瞬の光が映すのは振るわれる斧……そして笑みだけだ。"
"Among the Templars, a secret few ate the sins of others.
They bore this burden to empower their hidden Order.","テンプラーたちの中で、一部の隠された者たちが他者の罪を食べていた。
彼らはこの重荷を背負い、それを秘密の教団の力とした。"
"The Unblinking Eye did not cower and wail.
They stood against the end.","瞬かぬ目は竦み上がり泣き叫ぶことはなかった。
彼らは終わりに立ち向かった。"
One warrior alone survived to face the Arbiter.,一人の戦士だけが生き残り、アービターと対峙した。
The greatest warrior of his era fought with honour.,その時代の最高の戦士は誇り高く戦った。
His enemy was for endurance forged. His own waned.,彼の相手は持久力を重視し造られていた。彼自身のそれは失われていった。
"Fire destroys, but fire also purifies.
Life always springs anew.","炎は破壊するが、炎は浄化もする。
いつだって命は新たに生まれていくる。"
"The final element the tale-women
mastered was Time itself.","語り女たちが習得した最後の元素は
時そのものだった。"
"""We survived the endless winter.
We endure the long summer.
One day, spring will return the rains.""","我らは終わりなき冬を生き延びた。
我らは長き夏に耐えている。
いつの日か、春が雨を持ち帰るだろう。"
"The Vaal protected those who integrated into their
culture. Many neighbours became one. Sekhema Safrin
vowed the Maraketh identity would remain resolute.","ヴァールは自分たちの文化へと統合された者たちを守った。
多くの隣人たちは一つとなった。セケマ・サフリンは
マラケスの民族文化は確固たるものであり続けると誓った。"
"During the Winter of the World, her akhara began
shepherding jingakh across the harsh Vastiri. Sekhema
Eshtera planted the seeds of Maraketh diplomacy.","世界の冬の間、彼女のアカーラはジンガクたちを率い
厳しきヴァスティリを渡り始めた。セケマ・エシュテラは
マラケスの外交の種を蒔いたのだ。"
"The relative peace under the fledgling Empire saw
the first Sekhema to choose, in her resplendent age and
wisdom, to step down. The role of Zaitema was born.","生まれたての帝国の下での相対的な平和により
初めて自ら退位を選んだ、輝かしき年と知恵を重ねた
セケマが現れた。こうしてザイテマという役目が生まれた。"
The most horrifying ideas often begin with a simple innovation.,最も恐ろしい発想はしばしば簡単な発明から始まるのだ。
The Banished Architect sought to employ the darkest secrets of the Vaal.,追放されしアーキテクトはヴァールの最も暗き秘密を利用しようとした。
The first Karui born on the fringes of the Vaal empire developed a blood fever born of corruption.,ヴァール帝国の片隅で生まれた最初のカルイは穢れより生まれし血熱に侵された。
"The priests found the Great Shield the night it fell to Middengard,
but it was the smiths who delved into the secrets it held.","ミデンガルドに大いなる盾が落ちた夜、それを見つけたのは神官たちだったが、
その秘密を解き明かそうとしたのは鍛冶師たちだった。"
"The priests of the Kalguur keep faith through numbers
and calculation, not unprovable promises.","カルグールの神官たちは証明できぬ約束ではなく、
数字や計算により信仰心を集める。"
"""True heroes grow stronger in the face of adversity.""
- Fourth Tenet of the Knights of the Sun","「真の英雄は困難に直面しより強く成長する」
ー太陽の騎士団の第四の信条"
"What is life, but a dreamlike spiral of panic?",人生など、夢のような恐慌の螺旋以外の何だというのか？
"The edges bend, the world flexes, the infinite spills into view.",境界は折れ、世界は曲がり、無限が溢れ出してくる。
"There is no light at the end of this inner strife,
but the shadows eventually become home.","この内なる争いの終わりに光はないが、
やがて影が我が家となる。"
"Nothingness is loathe to relinquish its grip.
Every moment is a struggle to exist.","虚無は掴んだその手を離したがらない。
一瞬一瞬が存在を続けるための苦闘なのだ。"
"They crawl and chitter and swarm
in the shadow of his presence.","彼の存在の影で
奴らは這いずり音を立て群がる。"
"Experiments with geomancy taught
the Maji more than they ever expected.","風水術での実験はマジに期待よりも
遥かに多くを教えてくれた。"
"In an endless war against darkness,
one must be ever vigilant.","終わらぬ暗闇との戦いの中では、
常に警戒を続けなければならない。"
"We happily give our limbs.
A net woven to keep safe the bones of the Lords.","我らは喜んで四肢を捧げよう。
主たちの骨を守るため編まれた網。"
"The limit of our knowledge is a barrier
that protects us from ourselves.","我々の知識の限界は
我々を我々自身から守る障壁なのだ。"
"Seeking to add their distinctiveness to his own, He
Who Dreamt acquired the essence of each of the races
of Wraeclast. His success slowly became his doom.","かれらの特徴を我が物としようとし、
夢見し者はレイクラストのそれぞれの種族の精髄を
手に入れた。彼の成功はやがて彼の破滅となった。"
"To become a warrior and a hunter, each young
Azmeri must prove themselves before the Spirit.","戦士となり狩人となるため、アズメリの若者は
精霊様の前で力を示さねばならない。"
"""Ghorr knows only hunger, only ravenous feasting.
It will consume all that lives, and more!""
- Rantings of a Templar prisoner, page fourteen","「ゴールは空腹しか知らぬ、暴食しか知らぬ。
全ての生ける者、そしてそれ以外も喰らうだろう！」
ーテンプラーの囚人のうわ言、第十四頁"
"""All Beidat desires is a foothold, a grip on your flesh,
on the world... he will offer you anything to get it...""
- Rantings of a Templar prisoner, page thirty","「ベイダットが望むのは足がかりだけ、我々の肉体を、
世界を掴むことだけだ……そのためには何でも約束するだろう……」
ーテンプラーの囚人のうわ言、第三十頁"
"""The mind at the center of the swarm... K'Tash does
the thinking... but it has only one thought... hate.""
- Rantings of a Templar prisoner, page ninety-four","「考えるのは群れの中心の知能……ク・タシュの仕事だが……
奴には考えは一つしかない……憎悪だ。」
ーテンプラーの囚人のうわ言、第九十四頁"
An indomitable force of control.,不屈の支配力。
"If you're going to act like you're better
than everyone else, make sure you are.","他の者より優れているような言動をするなら、
そうあるようにしろ。"
"They believed themselves courageous and selfless,
but that bravery became the doom at their door.","彼らは自分たちを勇敢で献身的だと思っていたが、
その勇敢さが彼らの玄関にやってくる破滅となった。"
"They clawed their way up from the agonising depths of nonexistence,
breathing deep with joy the exquisite light of meaning.","彼らは苦しき不存在の深みから這い上がり
意味の光という至福を嬉しそうに深く吸い込んだ。"
"Our world was dying, but we chose to survive.
We broke free from the chains within.","我らの世界は死に向かっていたが、我らは生き残ることを選んだ。
内なる鎖を破ったのだ。"
Entropy can be reversed.,エントロピーは逆転させることができる。
"At their height, the Vaal glittered under the sun.
A decade, a century, an aeon of prosperity...
now nothing more than a passing wonder.","ヴァールはその頂点では太陽の下で輝いていた。
十年、百年、永劫の繁栄の後……
もはやちょっとした不思議に過ぎない。"
"After the fires, in the depths of the Winter of the World, all life in the Vastiri banded together. Whether serpent, hyena, human, or golem, hated enemies clasped hand to claw, built refuge, and fought side by side against the Abyssals. Thus, the Third Pact was born.",炎の後、世界の冬の奥底で、ヴァスティリの全ての生命は団結した。蛇も、ハイエナも、人間も、ゴーレムも、憎み合った敵同士が手に爪を取り合い、避難所を作り、肩を並べて奈落の者たちに立ち向かった。このようにして、第三の盟約は生まれた。
"They believed themselves driven by necessity,
but that desperation made them monstrous.","彼らは必要に駆られていると信じていたが、
その必死さが彼らを怪物とした。"
"Countless souls scream in agonising harmony,
forever sinking under the weight of the newly dead.","無数の魂の悲鳴が苦痛の和音となり、
新たに死んだ者たちの重さに沈み続ける。"
"""Never mind the pain, it's only... making room. Unrelated fact,
a person can live a normal life with just one kidney. Or just one
lung. You never know what Vaal technology will cost you...""","痛みは気にするな、ただ……場所を開けているだけだ。関係ない話だが、
人は腎臓一つだけで普通に生きていけるんだ。肺一つだけでも。
ヴァールの技術の代償は予測不可能だ。"
"""Try on another life. See how it fits. You'll
find that your one life is utterly inadequate.""
- He of Many Names and Many Faces","「別の人生を試してみるといい。自分に合うかどうか。
自分一人の人生では全く足りないということに気づくだろう。」
ー多くの名と顔を持つ者"
"Those qualities possessed by the victor
are proven inherently right and true.","勝者の持つ性質は本質的に正しく
善いものであると証明されているのだ。"
"A champion is a tower of deeds,
each stacked upon the last,
each carved by hand.","英雄とは実績の塔だ。
それぞれが前のものに積み重ねられ、
それぞれが手によって彫刻されたものだ。"
"Victory finds those who make
a stand when all others fall.","勝利は他の者が倒れた時に
立っている者の所へやってくる。"
"Pierced, slashed, battered, and bludgeoned,
the champion rises with a bloodied grin.","貫かれ、刻まれ、打ちのめされ、殴打され、
英雄は血に汚れた笑顔で立ち上がる。"
"The victor holds back the tide,
never faltering, never failing.","怯むことも倒れることもなく、
勝者は流れを抑える。"
"The price of failure comes due
at the end of the victor's blade.","失敗の代償は
勝者の刃にて支払われる。"
"In his broken madness, Xesht spills forth the hordes,
reaching out to wreak pain and ruination.","壊れた狂気に囚われたゼシュトは軍勢を吐き出し、
苦痛と破滅を引き起こすためその手を伸ばす。"
"Before the starlight barrier failed, before the end came,
countless Kalguuran settlers sought a new life on Wraeclast.
Of the towns they founded and the lives they lived, little remains...","星明かりの障壁が破られる前、終わりがやってくる前、
無数のカルグール人の開拓者たちがレイクラストで新たな人生を始めようとしていた。
彼らはいくつもの町を作りいくつもの人生を生きたが、もはやそれらは殆ど残っていない……"
"A simple instruction that will purify an entire region,
making it safe and kind for weary travellers.","地域全体を浄化する簡単な方法で、そこは
疲れた旅人にとって安全で優しい場所となるだろう。"
"When darkness comes, we pray for light.
When darkness is all that there is,
we pray for death.","この世に闇しかなくなった時、
我々は死を求めて祈るようになる。"
"""I see a pattern in these towers. Whoever the Precursors were, they sought to master
this world, to shape it as they saw fit. My people had the same ambition...""","この塔にはパターンがあるようだ。先人が何者だったかはわからないが、彼らはこの世界を
支配しようと、思い通りに形作ろうとしたのだ。私の同胞たちも同じ野望を持っていた……"
"""If they had ever completed the tower network,
it could have changed the face of the world...""","「彼らが塔のネットワークを完成させていれば、
世界は変わっていたかもしれぬ……」"
"Darkness and light, naught but forest between.
As the forest fades, the twilight hunt begins.","闇と光、その間には森しかない。
森が消えていくと共に、黄昏の狩りが始まる。"
"The lash of the whip,
the ire of the tithe...
the press of the boot.","鞭の一振り、
税の怒り……
踏みつける靴。"
"The Well was naught.
The Precursors dug too deep.
The Well always had been.","井戸は無だった。
先人たちは深く掘りすぎた。
井戸はずっと存在していた。"
"For a brief shining time, the Precursors
could resculpt the world as they saw fit.","輝ける束の間、先人たちは
自由に世界を作り変えることができた。"
A carved piece of something older than the Vaal.,何かが刻まれた、ヴァールよりも古きものの一部だ。
The carvings it holds are too worn to decipher.,刻まれた文字は解読できぬほど風化している。
Pictographs seem to convey a dire warning.,象形文字が何か恐ろしいものに対する警告をしているようだ。
"It bears a pictograph of a lunar eclipse
made crimson by crystallised Corruption.","結晶化した汚れにより赤く染まった
月食の象形文字が描かれている。"
"It bears a pictograph of three stones
being placed at the foot of a great tower.","巨大な塔の根本に三つの石が置かれている
象形文字が描かれている。"
"It bears a pictograph of vast flames
sweeping across mountains and forests.","広大な炎が山や森を焼き尽くす
象形文字が描かれている。"
Accept the darkness.,闇を受け入れよ。
Accept the futility.,無意味を受け入れよ。
Accept the end.,終わりを受け入れよ。
Accept the now.,今を受け入れよ。
Accept oblivion.,虚無を受け入れよ。
Answer the whispers... as they did.,囁きに応えるのだ……彼らのように。
Peer into abysses unknown...,知られざる深淵を覗き込め……
"The Twisted Breachlord reaches out from his
Domain with maddened agony and anger.","歪んだブリーチロードは狂った苦痛と怒りで
その領域から手を伸ばす。"
A curious find...,奇妙なものを見つけた……
"His Trials will end when Time does...
and then, they will begin again.",彼の試練が終わるのは時が終わる時だ……そして、再び始まるのだ。
The cycle of vengeance never ends... even in death.,復讐の連鎖は終わらない……たとえ死んでも。
"Prospero smiles upon you, fair traveller.
Step close, take a chance, and try fortune's fare!","善き旅人よ、プロスペロが微笑んでいます。
さあこちらへ、運試しをしてみませんか？"
"During the first rain of each year, rich and poor alike
chased the Beetle through the flooding streets of Keth,
and its bounty was shared equally by all.",毎年の最初の雨が降ると、富める者も貧しい者もケスの水溢れる道を行く甲虫を追いかけ、その恵みは皆に等しく行き渡った。
"A decayed blackmarket explosive. It's waterlogged,
covered in barnacles and ready to explode.",闇市の腐った爆薬。水浸しで、フジツボに覆われていて、すぐに爆発しそうだ。
The Liege of the Lightless seeks dominion for the authority it brings.,光なき者たちの君主は権威のための支配を求めている。
The Hated Slave seeks dominion for the revenge it enables.,憎まれし奴隷は復讐のための支配を求めている。
The Blackblooded seeks dominion for its own sake.,黒き血を持つ者は支配のための支配を求めている。
The Sovereign of the Well seeks dominion to banish the Light.,井戸の王は光を追放するために支配を求めている。
"""We are nothing but flesh. Blood. If we are to
ascend, we must empower that flesh.""","「我らは肉でしかない。血でしかない。
我らが超越せんとするならば、その肉体を強化せねばならない。」"
"""Altering reality, even locally, is no simple matter.
Let us start not with ourselves, but with willing subjects.""","「現実を改変するということは、範囲を制限したとしても、単純な話ではない。
自分たちではなく、同意する被験者から始めるべきだ。」"
"""The soul carries the truth of what we are.
That is where we should focus our efforts.""","「魂には我らの存在の真実がある。
そこに注力すべきだ。」"
"""The results prove it. With enough focused Corruption,
we can alter the fundamental laws of existence in a
small area... the question now: what do we try first?""","「結果が証明している。十分な穢れの集中により、
狭い範囲で現実の法則を改変することができる……
次の質問はこうだ：何を最初に試す？」"
"The creature languished in Corruption, driven
by hunger alone. The sky opened, and
crushed the creature beneath its gift.","それは穢れの中で衰弱し、飢えだけで
動いていた。空が開き、その恵みにより
それを押し潰した。"
"The once infinitesimal creature erupted.
It was not torn apart, but expanded, filled
with the matter and will of the stars.","かつて極小だったそれは爆発した。
引きちぎられたのではなく、星々の
成分と意志で満ち、膨らんでいった。"
"It flexed its molten limbs and caressed its
metal bones. It meticulously rearranged
itself until it was complete.","それは溶融した四肢を動かし、己の
金属の骨を抱いた。そして完成するまで
丁寧に自分を組み替えていった。"
"Awareness shot through its Verisium
consciousness. It cursed the sky, and its rage
reverberated throughout its earthen cradle.","そのヴェリシウムで出来た意識に
自我が弾けた。それは空を呪い、
その怒りは大地の揺り籠を揺らした。"
"""Remember this tale, lest you hear the Bodach. If you
listen to its words, you'll never listen again.""
- Chronicler of Fables","「ボダックの声を聞かぬよう、この物語を覚えておけ。
奴の言葉を聞けば、二度と聞くことはできなくなる。」
ー寓話の記録者"
"""Carry this carving, lest the Bodach find you. If you've
no idol to offer, it carves your bones instead.""
- Chronicler of Fables","「ボダックに見つからぬよう、この彫刻を持っておけ。
捧げられる偶像がなければ、代わりにお前の骨が掘られることになる。」
ー寓話の記録者"
"""Wander not, lest the Bodach walk with you. You'll walk 'til
your feet open the earth, where its Darkness awaits.""
- Chronicler of Fables","「ボダックが共に歩かぬよう、彷徨うなかれ。足で大地が
裂けるまで歩み続けることになり、そこには奴の闇が待っている。」
ー寓話の記録者"
"""Stay in the light, lest the Bodach take you. You'll disappear
so completely none will know you existed.""
- Chronicler of Fables","「ボダックに連れ去られぬよう、光の中に留まるのだ。存在したことを
誰も知らなくなるほど完全に消えてしまうぞ。」
ー寓話の記録者"
"Kurgal's first body was a mere stone golem, enslaved by a
collar. He found such ecstasy in the power of dominion,
he clawed his way free... and soon, supplanted a Lich Lord.","クルガルの最初の身体は首輪をつけられた、ただの石の
ゴーレムだった。彼は支配の力に夢中になり、
必死に自由を勝ち取り……すぐにリッチの王に成り代わった。"
"Few mortals can comprehend the horror of experiencing
every possibility. Chaos alone takes joy in the
unthinkable and the unimaginable made manifest.","全ての可能性を体験する恐ろしさを理解できる人間は
少ない。カオスのみが考えられぬことと想像できぬことの
体現に喜びを見出す。"
"The Tasalio Tribe developed their own Way, seeing
the world not as it is, but as it should be, given its
roiling and endless grace of constant motion.","タサリオ族は自分たちの『道』を作った。彼らが見たのは
世界のある姿ではなく、あるべき姿。
それは動き続ける世界の荒々しくも無限の優美。"
"At the last, her hope gone - but not her resolve - she threw her
beloved Tangletongue. That was the day a god bled. For this, the
Great Roc graced a Maraketh warrior with a feather for the first time.","最後の時、希望を失い……だが覚悟は失っていなかった彼女は……
愛槍タングルタンを投げた。その日、神が血を流した。これにより、
大いなるロックは初めてマラケスの戦士に羽を与えた。"
"She holds in her hand a shattered crystal, a vision of her desire: to
see her sister's silver palace obliterated, to see it cast across the
heavens. One cross word, and the sky will rain down her fury.","彼女の手にあるのは砕けた結晶、彼女の望みの姿。
それは彼女の妹の銀の城が破壊され、天に散らばるのを
見ること。怒りの一言で、空は彼女の怒りを降らすだろう。"
"Young Guatelitzi was found moving among the prisoners,
preparing their living bodies for sacrifice. The High Priests
recognised his inclinations, and gave him a higher calling.","若きグアテリッツィは囚人たちの間を動き、
その生きた体を生贄のために整えていた。高位神官たちは
彼の素質に気づき、より重要な使命を与えた。"
"Confident their enemy was defenseless, the Keitans brazenly
charged the walls - but Arjun's ammunition supply reports
had been... 'inaccurate'... just like everything else Bardiyan.","敵が無防備であると確信し、ケイタ家は傲慢にも
壁に突撃した……だがアージュンの残弾の報告書は
……「不正確」だった……バーディヤ家の他の全てと同じように。"
"""I will become your Gemling Queen, my love, but not
with such dull stones. I want to give myself to you
for eternity. Surely we can seek perfection together?""","「我が愛よ、私はお前のジェムリングの女王となろう、だが
このようなつまらぬ石では駄目だ。私は私を永遠にお前に
捧げたい。共に完璧を求めようぞ。」"
"Ailith awoke to find her fire iridescent, and her mind alive
with visions. By morning, she began teaching what she'd
seen... thus was born the Keepers of the Pale Vision.","エイリスが目覚めると彼女の炎は虹色に輝き、頭には
様々な予知が浮かんできた。朝になると、彼女は見たものについて
教えはじめた……こうして蒼白の予知の守り手たちは生まれたのだ。"
"Reliving the same day for all time, Zarokh raged against
the moments that made up his prison. There would be
no redemption, for he had broken his only barya.","同じ日を永遠に繰り返すザロクは己の牢獄を作った瞬間に
怒りをぶつけた。贖罪はない、彼は己の唯一のバリャを
破壊してしまったのだから。"
"Zarokh's ire built over the centuries as he planned his escape.
The Afarud would find what he sought, and then... the
Weeping Black would break the chains of his prison.","脱出を計画する数百年の間で、ザロクの怒りは積もっていった。
アファルドが彼の探すものを見つければ……
『嘆く黒』が彼を囚える枷を破壊するだろう。"
"""No plan. No stealth. I want shock. Awe. I want them to
know who did it, and I want them telling tales. That's the
only way for us to earn their respect... and their fear.""","計画はない。隠密もない。私は衝撃を与えたい。畏怖を。
誰がやったのかを知ってほしい、噂となってほしい。
それが我々が奴らに尊敬……そして恐怖される唯一の方法だ。"
"A scavenging warrior found Tawhoa meditating in a grove.
""There is only so much jade in this world,"" intoned the god.
""Take my gift to your tribe. Ironwood will grow for all time.""","死体を漁る戦士が木立で瞑想するタウホアに出会った。
「この世にある翡翠は限られておる」と神は唱えた。
「我が贈り物を部族へ持って行くがいい。鉄樹は永遠に育つ。」"
"""Skothe kept us idle, sitting safe on these islands, while our
brethren remain slaves. We are one and the same! We must
fight! So, I bring you his head. I am now your Wolven King!""","「我らの同胞が奴隷とされている中、スコスはこの安全な島で、俺たちに
何もさせなかった。俺たちは一つにして同じものだ！戦わねばならない！
そこで、奴の首を持ってきた。これからは俺が狼王だ！」"
"The water used to cool the Locus of Corruption ran red
as blood, bright as flame, and bubbled with strange heat.
""Drink,"" he offered. ""Suffuse your flesh with power!""","汚れの中心を冷やすために使われた水は血のように赤く、
炎のように明るくなり、奇妙な熱を持ち沸騰した。
「飲め」と彼は言った。「肉体に力を行き渡らせるのだ！」"
"The Lich Lords destroyed his body, but with his dying fury,
Tecrod found a way. He lurks deep, in the blood, in the flesh,
in the Well... perhaps walking among them even now, unseen.","リッチの王たちは彼の肉体を破壊したが、死にゆく怒りの中で、テクロッドは
術を見つけた。彼は深い場所に潜んでいる。血の中に、肉体の中に、
井戸の中に……今も気づかれず、彼らの中を歩んでいるのかもしれない。"
"""This carving seems to depict curled bodies floating in vats...
the next shows all but one of them dying. What were they
trying to do? It seems they kept trying... kept experimenting...""","「この彫刻は桶の中に浮く丸まった身体を描いているようだ……
次のは一つ以外が全て死んでいる描写がされている。何をしようと
していたのだ？彼らは何度も……実験を続けていたようだが……」"
"Atazek and Atalui rose, battered and dark, bleeding from a hundred
different wounds. She gave her brother a sinister grin. ""Shall we
show them what happens to those who challenge the Vaal?""","アタゼクとアタルイは立ち上がった。ぼろぼろで黒ずみ、百の傷から
血を流しながら。彼女は兄に邪悪な笑みを向けた。「ヴァールに
挑戦する者がどうなるか教えてやりましょうか？」"
"Day and night, she hammered away, obsessed with proving it
could be done; a vast ring of artifice under the earth, pushing
energy to speeds never before seen - all to prove Qotra wrong.","昼も夜も、彼女は鎚を振るった。それが可能であることを証明することに
執着していた。エネルギーをかつてないほどの速度に加速させる、
地面の下の巨大な構造物の輪……全てはクォトラの過りを証明するために。"
"""How? Well, the Great Wyvern granted her passage, of course.
Eonyr and his flock soar the winds between us and the Moon.
The roar of the storm... that's them, as they hunt and call.""","「どうやって？もちろん、偉大なるワイヴァーンが彼女を送ってくれたんだ。
イオニルと彼の群れは我らと月の間の風に乗って飛ぶ。
嵐の唸り声……それは彼らが狩りをし、呼んでいる音だ。」"
"As possessed golems ravaged the land, Aul - crowned Ahn
by blood and tyranny - began the last ritual, causing azurite
crystals to rupture and grow throughout his doomed citadel.","取り憑かれたゴーレムたちが大地を破壊する中、血と圧政により
アーンとなったアウルは最後の儀式を始め、彼の滅びゆく城塞は
破裂するアズライトの結晶に覆われていった。"
"The oldest and greatest fortress on Wraeclast was grown, not built.
She Who Waited planted their seeds in a time of ash and snow.
Now, the gate of the Taisce is unassailable, yet open to all.","レイクラストで最も古く最も大きな砦は作られたのではなく、育てられたのだ。
『待った者』が灰と雪の時代にその種を植えたのだ。
今ではタシュケの門は難攻不落であると同時に、万人に対し開かれている。"
"The volcano roared, but there was no thunder, only the boom
of Uruk's hammer. Wraeclast had forgotten the old alliance,
but by the Molten One's will, the fires would rage again.","火山が吠えたが、轟きはなかった。あったのはウルクが鎚を
打つ音だけだ。レイクラストは古の同盟を忘れてしまっていたが、
溶融せし者の意思により、再び炎は燃え上がるのだった。"
"Shavronne gleefully raised her arms to the sky as lightning
flashed. She'd done it! Her creation was perfect! Invincible.
Immortal! But she soon realized there was one piece missing...","雷が光る中、シャヴロンは嬉しそうに両手を空に掲げた。
成功したのだ！彼女の作品は完璧だった！無敵だった。
不死身だった！だが彼女はすぐに部品が一つ足りないことに気づいた……"
"""Come, my faithful wife,"" he crooned. ""Sit. Eat. I wanted to
reward you for your loyalty. I even cooked this myself...""
She looked 'round for her sons, but hers was the only chair.","「来るのだ、忠実なる妻よ」彼は歌った。「座り給え。食べ給え。
君の忠誠心にご褒美をあげたかったんだ。私が自ら料理したのだ……」
彼女は息子たちを探したが、椅子は彼女の分しかなかった。"
"The High Templar needed thousands of prisoners if his and
Piety's experiments were to succeed. Conspiring on the
matter, they decided to revive an age old tradition... exile.","ハイ・テンプラーとパイエティの実験を成功させるには
何千人もの囚人が必要だった。その件について相談し、
彼らは古の伝統を復活させることにした……追放刑だ。"
"""These traditions we shall set forth, so that we may remain
strong, so that we may endure throughout the ages. Not to
bind, not to dominate, but to protect... and guide.""","「我らが強いままでいられるよう、時代を越えて生き延びられるよう
これらの伝統を定める。縛るためではない、支配するためでもない、
守るため……そして導くためだ。」"
"Those that serve the Liege of the Lightless are his, utterly.
Blood, flesh, and soul are fodder to bend to his will.
Under a Lich Lord, not even death is an escape.","光なき者の君主に仕える者たちは、絶対的に彼のものである。
血も、肉も、魂もが彼の意思で自由にできる素材なのだ。
リッチの王の下からは、死んでも逃れることはできない。"
"She flashed a smile full of wicked teeth. ""Sin, my darling.
Forget your Maraketh woes."" She bit and tore and reveled;
he lay trapped in silk, wrought with despair and ecstasy.","彼女は邪悪な歯が並んだ笑みを浮かべた。「愛しいシンよ、マラケスの
悲しみは忘れるのです。」彼女は噛みつき引き裂き歓喜した。
彼は糸に囚われ、絶望と絶頂に満ちていた。"
"Still a shadow of his former self, Kulemak turned to deception.
He promised Ahn untold power and mastery, in exchange for
a single golem. ""After all, what harm could one servant do?""","まだ全盛期のほんの影に過ぎないクーラマクは欺くことにした。
彼はアーンにかつてないほどの力と技を約束し、引き換えに一体の
ゴーレムを貰った。「一体の下僕で一体何ができるというのか？」"
"""The perfect harmony of architecture and thaumaturgy.
My vaults were impenetrable....until it was
decided that they wanted to be able to leave.""
--Estazunti, Architect of the Vault","「建築と魔術の完全な調和。
私の避難所は無敵だった……
彼らが出られるようにして欲しいと決めるまでは。」
ーエスタズンティ、避難所のアーキテクト"
"Such was her seductive power, every noble in the court fell
over themselves to do her bidding. Winning a single glance
away from her mirror meant more than their lives.","「彼女の魅力はあまりにも強く、宮廷の全ての貴族は
熱狂的に彼女の言葉に応じた。彼女が鏡から少しでも
こちらを向けば、それは命よりも価値のあることだった。"
"The Red Communion was meant to transcend the limits
of the soul, to transfigure the flesh, to bestow immortality.
It accomplished all of these things... most horribly.","赤き融和は魂の限界を超越し、
肉体を変性させ、不老不死を与えるはずだった。
その全ては達成された……最悪な形で。"
"""Those who bored the Queen suffered an excessive punishment:
everyone they had ever known would be killed, effectively
erasing their life. So, no matter the cost... none kept her waiting.""","「女王を退屈させた者には過剰な罰が与えられた：
彼らが知っていた者全てが殺され、実質的に彼らの
人生がなかったことにされたのだ。故に、どんな代償を
支払おうとも……彼女を待たせる者はいなかった。"
"""They drank until only dust remained. Ate until their gums
bled rust. Such was their greed, the only thing that remains
of the Broken Sun... is the Red Pyre, the Torus Eternal.""","「彼らは塵しか残らぬまで飲み続けた。歯茎が血を流し
錆びるまで食べ続けた。それほどの強欲により、衰えし太陽の
残っている部分は……赤き火葬壇、永遠なるトーラスだけだ」"
"""Where life once thrived, now only metal grows, inching
like endless worms through the ash. Where silence fell,
now sourceless thought whispers numbers in the dark.""","「かつて生命が栄えた場所で、今では金属だけが生えている。
無限の蟲のように灰の中を這い進んでいく。静寂が訪れた場所では、
どこからともない思考が闇の中で数を囁いている。」"
"""Countless graves glow silently in endless rows that stretch
on unseen. The living lie within, but do not decay, do not
die. Their eyes remain open, their essence stilled, waiting.""","「無数の墓が見えぬ所まで続く無限の列で静かに輝いている。
その内には生者が眠っているが、腐ることも、死ぬこともない。
彼らの目は開いており、彼らの精髄は停止され、待っている。」"
"""The Lords could not breathe, so they grew new lungs.
The Lords could not venture, so they grew new skin.
The Lords were alone, so they grew us, to serve them.""","「王たちは呼吸ができなかった、故に新たな肺を作った。
王たちは冒険ができなかった、故に新たな皮膚を作った。
王たちは孤独だった、故に仕えさせるため我らを作った。」"
"By the time Uhtred realised the truth, only Vorana remained
to defend them. While the rest fled, she implanted her flesh
with gems and set forth alone to face the endless hordes.","ウートレドが真実に気づいた頃には、彼らを守るために残っていたのは
ヴォラナだけだった。他が逃げる中、彼女は自分の肉体に
宝石を埋め込み、無限の軍勢と対峙しに一人向かったのだ。"
"Day and night, his priests followed each of the Kalguuran
heroes. When Medved disappeared, Uhtred grew even more
paranoid. Now, only two remained... Olroth and Vorana.","昼も夜も、神官たちはカルグールの英雄たちそれぞれに付いて回った。
メドヴェドが消えた時、ウートレドは更に疑心暗鬼になった。
もう二人しか残っていない……オルロスとヴォラナだ。"
"Studying the ill omens of the stars, Uhtred came to suspect
something was very wrong among the first Kalguurans.
Olroth, Vorana, Medved... three there were. Three dangers.","星の凶兆を研究し、ウートレドは最初のカルグール人たちの
何かが酷くおかしいと疑うようになった。オルロス、ヴォラナ、
メドヴェド……いたのは三人。三つの危険。"
"""You must cut the beast, like this,"" he told the wide-eyed
and forgetful woman. ""The juiciest parts are in the middle!""
She nodded, and began relearning the way of the wilds.","「獣を切るのだ、このように」彼は目を大きく見開いた、
忘れっぽい女性に話した。「最も肉汁の多い部分は真ん中だ！」
彼女は頷き、自然の生き方を再び学び始めた。"
"As King Kaom delved further into Wraeclast, so, too, did he
draw closer to the Beast. One night, in a nightmarish fit, he
swung his axe at his own men, slaughtering hundreds.","カオム王がレイクラストの深くへと進んでいくと同時に、
彼は魔獣に近づいていった。ある夜、悪夢のような発作で、
彼は自らの兵に斧を振り、数百を殺してしまった。"
"Doedre's depravity knew no limits. She stretched and
broke and rebuilt herself until she forgot her own shape.
She reverted to a familiar form, and began anew.","ドードゥリの邪悪さは際限なかった。彼女は自らの姿を
忘れてしまうまで己自身を引き伸ばし、壊し、作り直した。
彼女は見覚えのある姿に戻り、始めからやり直した。"
"The Architect of Destruction slipped explosive powder
under the royal temple one pinch at a time. For years,
he clung to that, never finding the courage to light it.","破壊のアーキテクトは王家の神殿の下に一摘みずつ
爆薬を仕込んだ。何年もの間、彼はそれにしがみつき、
点火する勇気を出せなかった。"
"""It was the quality of his heinous acts that set him apart, not
the quantity... all of the physical trauma inflicted occurred
while the victim was still alive. Perhaps this was the key.""","「彼を際立たせたのはその邪悪な行為の数ではなく、
質だ……全ての身体への傷は犠牲者が生きている間に
行われた。あるいはそれが鍵だったのかもしれない。」"
"Surrounded by abominations, Lysanda of Myr expected her
time had come to an end. Helbrym of Tarth charged from
the trees, breaking his oath, to save the Ezomyte Queen.","化物に囲まれ、ミュルのリサンダは自分の終わりを
予期した。タースのヘルブリムは木々から突撃し、
誓いを破り、エゾミアの女王を救った。"
"""I raised my eyes to look upon my death. Instead, I saw her.
Merveil. Fighting had always been about survival. Now the
fight became about something much greater... love.""","「自分の死を見るため、上を見上げた。だが私が見たのは
彼女だった。マーヴェイルだ。それまで戦いは生き残るためだった。
それからの戦いはもっと大きなことのためとなった……愛だ。」"
"""Her voice reached into my chest and plucked my beating
heart from its cage. By the wide, glistening eyes of my
fellow punters, I knew that they felt it, too.""","「彼女の声が私の胸へと手を伸ばし、私の脈打つ心臓を
その檻から奪っていった。周りの他の客の見開いた、輝く目を見て、
彼らも感じたのだとわかった。」"
"He almost saved the Vaal. His unique poison made it past
the Queen's cupbearers; he had only to direct his anger...
but in her presence, he could feel naught but lust.","「彼はもう少しでヴァールを救えていた。彼の特別な毒は女王の
盃持ちをすり抜けた。彼は怒りを向けるだけでよかった……
だが彼女の前で、彼は情欲しか感じることができなかった。」"
The blood of the Titans flows within humanity still. It need only be reawakened.,タイタンたちの血は未だに人類の中で流れている。目覚めさせるだけで良い。
"Life itself. Not as it was, but as
they aspired for it to be...","生命そのものだ。ありのままではなく、
彼らが望んだ通りの……"
"A burgeoning emergent
flare of empowered life","強化された生命から芽吹く
誕生の炎"
"A paradox, whose very existence
would change... everything.","矛盾だ。その存在そのものが
全てを……変えてしまう。"
"The Chieftain built a grand waikoama, and boasted that
it could never be sunk. Tasalio grinned, and the waves
rolled in, tilting the ship, cresting higher and higher...","族長は巨大なワイコアマを造り、決して沈むことはないと
自慢した。タサーリオがにやりと笑うと、波が押し寄せ、
船を傾けながらどんどんと高くなっていった……"
"The surging geysers flooded the tunnels of the ancient
enemy, destroying whole legions. His akhara turned to
praise the tale-man Khatal, but he was dust on the wind.","間欠泉の噴出が古の敵のトンネルを洗い流し、軍団を
全て葬り去った。彼のアカーラは語り男カタルを称えるため
振り向いたが、彼は塵となり風に散っていった。"
"Born of the gods, his treachery was met with divine fury.
One by one, the gods reclaimed their flesh, until all that
remained was a droplet of pure light: the first Vaal.","神々から生まれた彼の裏切りは神の激怒を引き起こした。
一人ずつ、神々は自分の肉体を奪い返し、残ったのは
純粋なる光の雫だけだった。これが最初のヴァール人となった。"
"Each initiate hears a bell tolling in their dreams. It is the
clarion call of the Benevolent Dreamer. From then on,
they dedicate their lives to a singular purpose.","入門者は皆夢の中で鐘の音を聞く。善なる夢見人の
呼びかけだ。以降、彼らは単一の目的に
人生を捧げるのだ。"
"It is said that the Steward of Tales roams Wraeclast still,
lost in the form of a Wyvern, full of sorrow and fury at
the loss of his beloved pupils to the King in the Mists...","物語の家令は霧の王に愛する弟子を奪われたことの
悲しみと怒りに包まれ、ワイヴァーンの姿で迷い、
未だレイクラストを彷徨っていると言われている。"
"To bear the head of a king is to send a
message both concise and profound.","王の首を持つとは、端的で重大な
メッセージを届けるということだ。"
"Locked within the unseen fabric
lie the chains of power and control.","見えざる織物の内に封じられているは
力と支配の鎖だ。"
Witness the genesis of madness.,狂気の誕生を見よ。
A masterwork of runecraft.,ルーン技術の匠の技だ。
Shattered pieces of glory long lost.,失われて久しい栄光のいくつもの欠片。
"""Behold! A marvel of innovation! Pay no mind the cost of flesh...""
- Guatelitzi, Architect of Flesh","「刮目せよ！奇跡の発明だ！肉体の代償は気にするな……」
ーグアテリッツィ、肉体のアーキテクト"
"The first Warden of Eaves swore to patrol the border twixt the worlds forevermore, so that the tragedy of Gruthkul's stampede would never recur. In time, his vigil on the edge began to... change him.","最初の『軒の守り手』はグルスクルの暴走のような悲劇が
二度と繰り返さぬよう、未来永劫世界間の縁を守ることを誓った。
やがて、彼の境界での番は彼を……変え始めた。"
"On the nights the fugue would come over her, the Ezomytes would
gather below, begging her to bring the rains. Atop the Taisce,
wailing with unknown sorrows, her cries made the skies rage.","遁走に支配されてしまう夜、エゾミアの民は眼下に集まり、
彼女に雨を呼ぶよう懇願するのだった。タシュケの上で、
知られざる悲しみに泣き叫ぶ彼女の声は空を怒り狂わせた。"
"""The laws are binding. They are absolute. If they believe
it is their choice to enforce them, all the better.
Upholding our solemn duty is imperative.""","「法には拘束力がある。絶対である。彼らがそれを
強制することが自分たちの選択であると考えているのなら、
尚良い。我らの神聖な義務を維持することが不可欠だ。」"
"""The murals tell a story of creation, of design... the Precursors
delved into the secrets of life itself. In their war with the Abyssals,
they sought to breed warriors, grown in legions, to fight back...""","「床の絵は創造の、設計の物語を語っている……先人たちは
生命そのものの秘密に手を出したのだ。アビサルどもとの
戦いの中で、彼らは反撃するため戦士を、軍勢を育てようとした……」"
"Intricate machinery imperceptibly woven into a
biological foundation. It felt delicate in her hands.
In him, it would be her greatest achievement.","精巧な機械が生物学的な基盤に見てもわからぬよう
編み込まれている。彼女が手に持つと繊細に感じられた。
彼の中で、それは彼女の最大の偉業となるのだ。"
"""To control the stars, we swallow the firmament.
We imbibe the truth. We are filled with the void.
We embrace the vast emptiness, or we die.""","「星を制御するため、我らは天を嚥下する。
真実を飲み干す。虚空に満たされる。我らは
広大な虚無を受け入れるか、さもなくば死ぬ。」"
"They'd cast him out, declared him a dark omen. Their judgement
rattled in his head. He'd no control over crops, or herds, but
that mattered little. Upon his return, their fear was his weapon.","彼らは彼を凶兆と言い、彼を追放した。その判断が彼の頭の中で
音を立てた。彼は作物も家畜もどうすることもできなかったが、それは
どうでもよかった。彼が戻った時、彼らの恐怖が彼の武器となった。"
"""They designed our salvation. No longer shall
our people's grief be in vain. From their hands,
perfection is wrought. Within His reach, we are safe.""","「彼らは我らの救いを作った。もう我々が無駄に
悲しむことはない。彼らの手により、完璧が
造られる。『彼』の手の届く場所なら、我らは安全だ。」"
"In his roiling fog, their fear becomes form.
Dark truths unveiled by a shroud. They see only
their perception of him, and thus, he is remade.","奴の渦巻く霧の中で、彼らの恐怖は実体を持つ。
覆いにより明かされた暗い真実。彼らは奴を
見たいように見、それにより奴は変化するのだ。"
"""Where Its dread gaze fell,
ruination followed...""","「その恐ろしい眼差しが向かった先、
破滅が後を追った……」"
Thorough notes tracking Gwennen's movements.,グウェネンの移動を追跡する細かいメモだ。
"The last one alive, she understood too late...",最後の生き残りは気づくのが遅すぎた……
"Schemes laid bare, in their hour of need...",最も重要な時に、策が暴かれた……
He made his way to the ends of the earth...,大地の果てまで彼は向かった……
"A collector travelled the world and
wove a fabled garment of rings...","蒐集家が世界を旅し、
伝説の指輪で出来た服を編んだ……"
"The rune hungers, an empty chasm...",ルーンは求める、空虚な谷のように……
Arcane energy churns wildly within.,内部で神秘のエネルギーが荒れ狂う。
"Knowledge unending had transcended physical form.
Her minds raced through metal latticework as the
flesh of the melding reached up to contain her.","無限の知識が身体の形状を超越した。
融合の肉体が彼女を封じようと伸びてくる中、
彼女のいくつもの精神は金属の格子を駆け巡った。"
"Our Broken Sun... it is no mere allegory. It is
the consequence of insolent disharmony.
For now, it is contained, but time is against us.","我らの壊れた太陽は……ただの寓喩ではない。
それは傲慢な不調和の結果だ。
今それは封印されているが、時間の問題だ。"
"The flesh rejoiced. The melding began.
Then, fear. Something foreign within.
It was cast out too late. The unity was broken.","肉体は歓喜した。融合が始まったのだ。
次の瞬間感じたのは、恐怖。何か異物が入り込んでいた。
それを弾き出したが、遅かった。統合は失敗していた。"
"Vruun tore through Tul's preserved, shattering their
bodies with reckless malice. ""The will of the Lords!""
he roared over his decimation. ""All broods must serve.""","ヴルーンはトゥルの保存した者たちを引き裂き、
後先考えぬ悪意で彼らの肉体を粉砕した。「王たちの意思だ！」
殺戮の最中で彼は叫んだ。「全ての群れは従わねばならぬ。」"
"""If you think you've won, it's only because you don't
understand their strategy. Each Vruun you kill only
teaches the next one how to endure against you.""","「勝ったと思っているのなら、それは奴らの戦略を
理解していないからだ。ヴルーンを一体殺した所で、
次のヴルーンにお前に立ち向かう術を教えるだけだ。」"
"""In the stars, I see our future. My plans are laid,
lines tracing a constellation. You may only see
pieces, but I see the whole, and it will be glorious.""","「星々の中に、我らの未来が見える。私の計画は星座を繋ぐ
線のように完成している。お前にはその一部しか見えぬだろうが、
私には全体が見えている。素晴らしい結果となるだろう。」"
"""There is no zealotry like that of a mystic roused
to battle. He broke his own code, wielding weapons
long forbidden, to defend that which he loved.""","「戦いに駆り立てられた神秘家に勝る熱狂はない。
彼は己の誓いを破り、愛するものを護るため、
永く禁じられた武器を取った。」"
"""Your laws of war are asinine. I shall prevail!
I'll crush every pawn you put before me.
Face me, coward! Play by my rules.""","「貴様の戦の法はくだらん。勝つのは私だ！
私の前に置かれた全ての駒を潰してやる。
臆病者め、私と戦え！私のルールで戦え。」"
"Bound by his oath to the Runefathers, Styrn the
Indomitable refused to bow to Cadigan the First.
His resistance laid the seeds for future defiance.","ルーンの父たちへの誓いに縛られ、不屈なるストリンは
カディガン一世に跪くことを拒否した。その抵抗が
将来の反抗の種を蒔いたのだ。"
"Each knight who encountered Styrn challenged
him to the traditional duel. One by one, he fought
his way across all of Middengard... and beyond.","ストリンに出会った全ての騎士は伝統的な決闘を
申し込んだ。一人ずつ、彼はミデンガルド中を……
そしてその先へと、戦っていった。"
"Rumors claim that Sir Styrn the Indomitable is
still out there, fighting his way across the world,
seeking that which he may never find...","噂によれば不屈なるストリンはまだ生きており、
決して見つけられぬものを求めて世界中を
戦いながら移動しているそうだ……"
"""The yellow sap... the Vivid flow... it is the energy of
harmony between disparate forces. They call it the
Catha, an aspect of the Goddess. It is so much more.""","「黄色い樹液……ヴィヴィッドの流れ……異なる力の
調和するエネルギー。それを女神の化身、カハと呼ぶ者もいる。
だがそれだけなんかじゃあない。」"
"""Wild energy is as misunderstood as the Mórrigan
itself. Many revere life, yet revile death. What is dead
feeds the living. Death is but one aspect of the whole.""","野生のエネルギーはモリガンそのものと同じくらい
誤解されている。多くの者たちは生命を尊ぶが、死を忌み嫌う。
死者は生者の糧となる。死は全の一つの側面に過ぎぬのだ。"
"Then, there was movement. What once preserved them
now pulled them free from their silence. In the
absence of stillness, their screams echoed.","次に動きがあった。かつては彼らを守っていたものが、
今彼らを沈黙から引き離した。静寂を失い、
彼らの絶叫が響き渡った。"
We search for the memories missing...,我らは欠けし記憶を探し求める……
We reach for the promises lost...,我らは失われし約束に手を伸ばす……
We grasp the eternal unborn...,我らは永遠に生まれぬ者たちを掴む……
We yield our mind to save the body...,我らは肉体を救うため精神を捧げる……
It is our steps that stir.,目覚めるは我らの歩み。
It is our hands that join.,繋がるは我らの手。
It is our flesh that binds.,縛るは我らの肉体。
It is our mind that splits.,分かれるは我らの精神。
"The true power of the Knights of the Sun came not from
force of arms, nor cleverness of artifice. Its beating heart
was the valour and determination of the heroes of old.","太陽の騎士団の真の力は武力ではなく、
賢い策でもない。その脈打つ心臓は
古の英雄たちの勇気と決意だった。"
"The pinnacle of Serle's work was not a grand artefact.
It was a subversion; a window. He stood upon a peak
and saw beyond mortal limitations, understanding, in
that moment, that so much more was possible...","サールの最高傑作は偉大なアーティファクトではなかった。
それは転覆だった、窓だった。彼は山頂に立ち、
人の限界の先を視、その瞬間、可能性はまだ遥かに
広がっていることを理解した……"
"""A man may win every battle, conquer every neighbor.
Yet, the oldest enemy will always overtake him in the end.
That day, when he realised that some functions of the body
could be displaced into artifice... it changed everything.""","「全ての戦いに勝ち、全ての隣人を征服できる者が
いるかもしれない。だが、最古の敵が最後には必ず彼を倒す。
その日、体の機能の一部が人工物に置き換えられると
彼が気づいた時……全てが変わった。"
"To become a Runefather - an Artificer of standing - one
must create something truly new. Astrid was the youngest
smith to ever succeed. Hers was not a work of supreme
power or strength, but simple flexibility and control.","ルーンの父、名誉あるアーティフィサーになるためには、
真に新しいものを作らなければならない。アストリッドは
それに成功した最も若い鍛冶師だった。彼女の作品は
究極の力を持つものではなく、単純な柔軟性と制御のものだった。"
"Time was not night and day to the Order of the Chalice.
It was the motions of the stars, the celestial patterns.
To understand Time was to comprehend existence itself.","聖杯の騎士団にとって時とは昼と夜ではなかった。
それは星々の動き、天体のパターンだった。
時を理解することは、存在そのものを理解するのと同じだった。"
"In distant Ezomyr, there exists a rare monastery
dedicated to the First Ones. The brothers there
are well accustomed to suffering as a virtue.","遥かなるエゾミアに、最初のものたちを讃える
珍しい修道院があるという。そこの修道僧たちは
美徳としての苦しみに親しんでいる。"
"Long did the Steward of Tales give
refuge to any and all who needed it.","物語の守り人は長い間、必要としていた
全ての者を保護していた。"
"For a brief few weeks each year, both Ezomyte
and Eternal were unified in fear of the legendary
boar. To this day, the Manor still bears gouges.","毎年の数週間だけ、エゾミアの民も永遠なる帝国人も
伝説の猪への恐怖の下団結していた。邸宅には今でも
えぐり取られた痕が残っている。"
"""There came a time when the oppressed could
simply endure indignity no longer. Can't spell
courage without 'rage,' now can you?""","「抑圧された者たちがその屈辱に
耐えられなくなった時が来た。勇気に
怒りは付き物だろう？」"
"""A hunt is just another kind of battle,
and as in any war, the side that wins
is the side that's better fed.""","「狩りはただの戦いの一種で、
他の戦争と同様に、勝つのは
きちんと食事を取っている側だ。」"
"It was said the Taisce could never fall
so long as Cirel of Tarth stood watch.","タルスのシレルが見張っている限り、
タシュケが落ちることはないと言われていた。"
"""Indeed, in the nearby mountains, that's
where you'll find the monks. Strange, they
are. Gave the Thane a gift to leave them be...""","「うむ、僧たちなら近くの山で
見つかるだろう。妙な連中だ。
放っておいて欲しいと族長に贈り物をした……」"
"None fought so bravely as the Brothers
of Holten. For every wound they took,
they left two Eternal soldiers gutted.","ホルテンの僧たちほど勇敢に戦った者は
いなかった。彼らが一つ傷を追うごとに、
帝国兵二人が倒れていた。"
"Caelyn knew he and his brother would
not survive the rebellion. The need
for freedom simply mattered more.","ケイリンには彼と弟が生きて反乱の終わりを
迎えられないことがわかっていた。自由を
求める心の方が重要だったのだ。"
"""It was a simple helm. Found in the Red
Vale. Didn't belong to no one famous or
the like. Could have been any of us...""","「シンプルな兜だった。赤き谷で見つかった
ものだ。別に有名な奴のものとかじゃあない。
俺たちの誰かだったかもしれない……」"
"""Curious lot, those monks. Kept to their
own, mostly. But when the call came to
rebel, they were there, alongside us.""","「妙な連中さ、あの僧たちは。大体は
外と交わることはなかった。だが反乱の
時になると、俺たちの隣にいたんだ。」"
"""Devotion to the Greatwolf came with...
certain side effects. A few generations on,
you'd find some baring teeth, and howling...""","「グレートウルフへの信仰は……いくつか
副作用があった。数世代後、歯を剥き出したり、
遠吠えをするようになったり……」"
"None now remember a name.
None now remember the act.","名を覚えている者はもういない。
行為を覚えている者ももういない。"
"The first to journey through all of Wraeclast,
Erian continually found himself getting exiled
or banished through unfortunate mishaps.","レイクラスト全土を旅した初めての者である
エリアンは、不運な事故により何度も
流刑や追放刑に処された。"
"""And then Bynden struck a mortal blow,
straight through the heart! And that damn
knight... he didn't flinch. Just kept on!""","「そしてビンデンは心臓を一突き、
致命傷だった！だがあのクソ騎士は……
身じろぎもしなかった。戦い続けたんだ！」"
"""Our histories are full of knights banished
for slaying their own kings. In most cases,
we understood, but still, there's a price.""","「我々の歴史には王殺しの罪で追放された騎士が
山程いる。殆どの場合は理解はできたが、
それでも代償は払わなければならない。」"
"High Druid Iaine was never able to change
his shape. That never held him back.","高位ドルイドのイアンは姿を変えることは
できなかった。それが妨げになったことはない。"
"""Roderick was first famous for his artistry
with wax. Second, for his... proclivities.""","「ロデリックは蝋を使った芸術性で有名だった。
それと……性癖で。」"
"The role of Executioner was much maligned
in Ogham. Every man who took the job
wore the same equipment, for anonymity.","処刑者という仕事はオガムではとても
嫌われていた。その仕事についた者は皆、
正体がばれぬよう同じ装備を身に着けていた。"
"The offensive at the Red Vale began with lockstep
maneuvers the rebels had practiced in secret.","赤き谷の攻勢は反乱軍が秘密裏に
訓練していた行進から始まった。"
"To suppress the rebellion, the Eternals began
harming the families of those involved.","反乱を鎮圧するため、帝国人たちは
関係者の家族に手を出し始めた。"
"Survival in the Vastiri was harsh and unforgiving,
but lizard meat was surprisingly tasty.","ヴァスティリでの生存は厳しく容赦ないものだったが、
トカゲ肉は予想外に美味かった。"
"The Wanderer was seen as a sign of good luck,
and welcome in every culture on Wraeclast...
though he has not been seen for a century.","『旅人』は吉兆と考えられ、レイクラストの
どの文化でも歓迎された……だが百年の間、
彼は現れていない。"
"""Ah, early Ezomyr. It was a time of  myth
and legend. Wandering knights, and
would-be kings. I long for those days.""","「うむ、生まれたばかりのエゾミア。神話や伝説の
時代だった。彷徨う騎士たちや、王となる者たち。
その日々が恋しいな。」"
"Obern had never been cruel to the Ezomytes.
Though he would not abandon his duty,
they left him alive. Others were not so lucky.","オベルンはエゾミアの民を残酷に扱ったことはなかった。
彼は義務を放棄することはしなかったが、彼らは彼を
生かしておいた。彼ほど幸運な者はそう多くはなかった。"
"Word of Draven's hostage-taking was not
sent back to the heart of the Empire. Even
he knew the stain of what he had done.","ドレイヴンの人質取りのことは帝国の中心に
伝わらなかった。彼でさえ、自分のしたことの
罪を知っていたのだ。"
"""Descendants of the Chosen could do
far more than mimic the Greatwolf...""","「選ばれし者の子孫たちの能力はグレートウルフの
物真似などに留まらなかった……」"
"A secret cult among the Ezomytes has long
worshipped a dark god. Those who find out
his name do not live to tell it to others.","エゾミアの民に潜む秘密のカルトは遥か昔から
邪悪な神を信仰していた。その名を知った者たちは、
他の者にそれを伝えられるほど長生きしなかった。"
"""In truth, our battle for freedom gave us
something. A spark, a spirit, a unity. I fear
what we may become without struggle.""","「実際、我々は自由を求める戦いから得られたものが
ある。火花、魂、団結だ。苦難がなくなった我々が
どうなってしまうのか恐ろしい。」"
"They longed for revenge, and spoke of it
often, but found themselves horrified
when Dunkel actually did it.","彼らは復讐を望み、それを口に出すことも多かったが、
実際にダンケルがそれを行った時、
彼らは怖気づいた。"
"The art of runesmithing died out among the Ezomytes,
lost to the passage of time. The practice reawakened when
smiths started to notice the difference Brynhand's personal
mark made for a hammer's durability and precision.","エゾミアの民の間ではルーン鍛冶の技術は
時の流れの中で失われてしまった。鍛冶師たちが
ブリュンハンドの銘が鎚の耐久性と精密さを
上げることに気づいた時、再びその技術が目覚めた。"
"""There is bravery in leadership, yes, but an
even greater courage in giving one's loyalty.
In trusting your life, or death, to another.""","「確かにリーダーとなるには勇気が必要だが、
忠誠を捧げることには更に大きな勇気が必要だ。
他者に自分の命を、死を、預けることに。」"
"""These forests used to run thick with
packs of boars... before my time, mind
you. Now, there's nary a hide nor tusk.""","「この森はかつては猪の群れが走り回っていた
……私が生まれる前の話だがな。今では
皮も牙も見当たらん。」"
"""Hrimnor lies in the Red Vale, for all time.""",「フリムナーは永遠に赤き谷で眠っている。」
"""Ah, Thane Grannell's mighty weapon.
According to the songs, he definitely
crushed his share of Eternal skulls that day.""","「おお、グラネル族長の強力な武器だな。
歌によれば、その日彼は帝国人の頭蓋を
存分に叩き潰したそうだ。」"
"""We sing Erian's songs now, but he was hated
for many a generation. All the poor man did
was fall asleep at the wrong time.""","「今ではエリアンの歌を歌っているが、彼は
幾世代もの間憎まれていた。可哀想に、
彼はまずい時に眠ってしまったというだけなのに。」"
"The Counts of Ogham were not kings,
but that did not spare them the drama
generated by having a noble court.","オガムの伯爵たちは王ではなかったが、
それは宮廷を持つことによる修羅場を
避けられるという意味ではなかった。"
"""The songs become... unclear on that long night.
Selassie of the Black Fen is described as a 'hag,'
but Erian did not seem to regret his time there...""","「その長い夜、歌は……不明瞭になった。
黒き沼のセラッシーは『魔女』と呼ばれるが、
エリアンはそこで過ごした時を後悔する様子はなかった……」"
"Most Ezomytes treat the Candlemass rite
as a tradition and a holiday. They have
no idea what really lurks underneath.","殆どのエゾミアの民はキャンドルマスの儀を
伝統かつ祝日と考えているが、彼らはその
真の背景を全く理解していない。"
"""Feathers gifted from Saqawal, hair
from Farrul's fur... 'twas a message:
fight, and you shall live free.""","「サカワルに与えられし羽根、ファルウルの
毛皮の毛……それは神託だった：
戦うことで、自由に生きられるのだと。」"
"His whole life, Aldur looked up at the stars,
forever wondering what secrets lay beyond.","アルダーはその生涯、星々を見上げ、
その先の秘密についてずっと思いを馳せていた。"
"""There is a sacredness to the fundamental rules
of existence; an elegance. All things move in
keeping with them, whether they know it or not.""","「存在の根本的な法則には神聖さが、
優美さがある。それを知る者も知らぬ者も、
万物がそれに従って動く。"
"The Knights of the Sun were founded out of a
love for that bygone mythical age of heroes.
Not what men are, but what they should be.","太陽の騎士たちはあの過ぎ去りし神話の
英雄の時代への憧れから結成された。
人があるものではなく、あるべきものへの。"
"Aldur created something that went beyond king
or country, beyond family or honour. The craft
of runesmithing stands apart, in deed and skill.","アルダーは王も国も、家族も名誉も越えた
ものを作った。ルーン鍛冶の技術は、
その行為も技量も一線を画している。"
"Serle may be the only figure lauded on two continents. He
made a name for himself on Middengard, then joined the
expedition to Wraeclast, eventually becoming an Ezomyte...","二つの大陸で讃えられている人物はサールだけかもしれない。
彼はミデンガルドで名を挙げ、レイクラストへの遠征に加わり、
やがてエゾミアの民となった……"
"For leading the expedition in search of that crimson omen,
Cadigan III gifted Olroth a royal boon of power. Should he
succeed, the Knights of the Sun would be forever lauded.","その真紅のお告げを探す遠征隊を率いたオルロスに、
カディガン三世はオルロスに力の恩寵を授けた。
彼が成功すれば、太陽の騎士団は永遠に讃えられるのだ。"
"To Vorana the Irrepressible, Cadigan III granted a royal boon
of hardiness. They had long clashed, but in this endeavour,
the King knew she was the best possible choice for success.","不屈のヴォラナには、カディガン三世は頑丈さの
恩寵を与えた。彼らの不和は長かったが、この試みにおいて、
彼女が成功のための最善の人選であることを王は理解していた。"
"Cadigan III met with Uhtred in secret, and granted him a
royal boon of leadership. His hidden task would be to
watch the others, and make sure they remained loyal.","カディガン三世は秘密裏にウートレドと会い、彼に
リーダーシップの恩寵を与えた。彼の秘密の役割は
他の者たちを見張り、彼らの忠誠心が揺らがぬことを確認することだった。"
"Medved and the Druids of the Circle were not commanded
to join the expedition. They volunteered. For this bravery,
Cadigan III granted their leader a royal rune of vitality.","メドヴェドと円環のドルイドたちは遠征隊に加わるよう
命じられはしなかった。彼らは志願したのだ。その勇気に免じ、
カディガン三世は彼らのリーダーに生命力のルーンを与えた。"
"The priests had long charted the dance of the stars,
but it was Aldur who brought that meaning to his forge.
Night and day, he wrestled the flames into submission.","神官たちは長い間星々の舞を記録してきたが、
その意味を鍛冶場にもたらしたのはアルダーだった。
昼も夜も、彼は炎を組み伏せ従わせた。"
"The first runes ever carved by the hand of man refused
to cool. Aldur trekked to the highest peak of the tallest
mountain, bringing his sword to the primordial snows.","人の手により初めて刻まれたルーンは冷ますことができなかった。
アルダーは最も高い山の最も高い頂きへ登り、
その原初の雪の下へと剣を運んだ。"
"On the highest peak, Aldur discovered the true secret
of runes. They awaited willpower, and command. Raising
his sword high, he received the might of the skies.","最も高い頂きで、アルダーはルーンの真の秘密を知った。
ルーンは意志を、そして命令を待っていたのだ。
剣を高く掲げ、彼は空の力を授かった。"
"Aldur made a choice to share the art of runesmithing
with all those who would seek the craft. He knew it
might be used for ill, even by his own descendants...","アルダーはルーン鍛冶の技術を求める者全てと
共有することを選んだ。彼はそれが悪事に
使われる可能性もわかっていた、自分自信の子孫にも……"
"Preserve the essence, so that it may evolve.",精髄を保存し、進化させよ。
"Grow the flesh, so that it may endure.",肉体を育て、耐えさせよ。
"Build the mind, so that it may serve.",精神を鍛え、仕えさせよ。
"Sharpen the claw, so that it may rend.",爪を研ぎ、引き裂かせよ。
"Devour the dream, because we must.",夢を喰え、必要に駆られて。
"Seek all that is, so it may become ours.",万物を探し出し、我らのものとせよ。
"To win over the Wildking, Aldur spent a winter on the
hunt with Kolr and his men. He did not land a single
arrow on any stag, yet Kolr agreed to unify. It was not
an arrow that mattered. It was the determined attempt.","ワイルドキングを口説き落とすため、アルダーは一冬をコールと
彼の部下たちと共に狩りをして過ごした。彼は鹿に矢を一本当てることさえ
できなかったが、コールは統合に同意した。重要なのは矢ではなかった。
決意ある挑戦だったのだ。"
"Vorana the Irrepressible never once recruited. The Black
Scythe Mercenaries were entirely composed of men and
women who had seen her relentless will to fight - and
thought to themselves, ""I would follow her anywhere.""","不屈のヴォラナは一度も人を募ったことはない。
黒い鎌の傭兵団は全て彼女の折れぬ戦意を
見た者たちから成っていた……彼らは思ったのだ、
「彼女にどこまでもついていこう」と。"
"Thrud cared for neither diplomacy nor treaty. To end
the ravaging of distant corners of Middengard, Aldur
challenged him to a duel. With runes, Aldur fought him
to a stalemate. Now power... that, Thrud could respect.","スラッドは話し合いも条約もするつもりはなかった。
ミデンガルドの僻地の略奪を止めるため、アルダーは
彼に決闘を申し込んだ。ルーンを使い、アルダーは
膠着状態になるまで戦い続けた。力になら……スラッドは敬意を払った。"
"Before they joined the expedition, the Druids of the
Circle offered sanctuary to all. Criminals, dissidents,
and the unwanted could walk a path to redemption.","遠征隊に参加する前、円環のドルイドたちは
万人に庇護を与えた。罪人、反体制派、そして
望まれぬ者たちは救済への道を歩むことができた。"
"For generations, the people had feared the power of
the Witch of the Dark Lake. Aldur set out to invite her
to the Royal Court... He ended up marrying her instead.","幾世代もの間、人々は暗き湖の魔女の力を
恐れていた。アルダーは彼女を
宮廷へ招待しに行き……彼女と結婚することとなった。"
"It reached out a long, horrific limb, and touched it
to my forehead. Awareness grew there. The truth.
A window into limitless darkness... and loneliness.","それは長く恐ろしい腕を伸ばし、私の額に
触れた。そこに意識が生まれた。真実が。
無限の闇……そして孤独への入口が。"
Something awaits you in the Well.,井戸の中で何かが待っている。
"""The Eternals were men of Empire. They believed that
slaying Rigwald would end the uprising. Their focus
on attacking him lost them the battle - and the war.""","「永遠なる帝国人たちは帝国しか知らなかった。彼らは
リグワルドを殺すことで反乱は終わると考えていた。彼への
攻撃に拘ったせいで、戦いに……そして戦争に負けることになった。"
"""Wildmen. The clanless. The unwanted. They hold an
almost mythical place in our stories, but they were
real people, and still are. We must remember them.""","「野人。部族なし。望まれざる者。我々の物語の中でまるで
神話のような立ち位置だが、彼らは実在した人物であり、
今も実在している。彼らのことを忘れてはならない。」"
"""Our culture is rife with contradiction. We fight to
the death for freedom, but struggle with the animal
within. Our strength must be tempered with restraint.""","「我らの文化は矛盾に満ちている。我々は
自由のために命を賭して戦うが、内なる獣と
争い続ける。我らの力は節制により鍛えねばならない。」"
"Attempting to redeem himself, Erian slew the Great
Beast Starkonja by creeping in during its hibernation.
For this, he was not lauded. None looked him in the eye.","名誉を挽回しようと、エリアンは大獣スターコンジャを
冬眠中に忍び寄り殺した。彼のこの行為は称賛されなかった。
誰も彼の目を見てくれなかった。"
"""We did not always treasure our local witches. When
our ancestors found the child Beira, they... assumed
some things about her. It was... a tragic mistake.""","「我々は始めから魔女たちを尊重していたわけではない。
先祖たちが子供時代のベイラを発見した時、彼らは……
先入観に囚われていた。あれは……悲劇的な過ちだった。」"
"""No, we did not journey between Phaaryl and Ezomyr
on foot. When settlers first found us in Caer Tarth, we
had... other ways... of joining them in their homeland.""","「いや、我々はファーリルとエゾミアの間を徒歩で旅した
訳ではない。カイル・タルスで移民たちが始めて我々に
出会った時、我々には彼らの故郷へ行く……別の手段があった。」"
"""When we first joined the Ezomytes in Phaaryl, we found
a verdant land teeming with unfamiliar energies. There
were none to protect it. We Druids took up the cause.""","「始めてファーリルのエゾミアの民の下へ行った時、そこは
不思議なエネルギーに満ちた緑豊かな地だった。それを守る者は
いなかった。我々ドルイドがその任を請け負った。」"
"""Contrary to the stories, the Empire did not hate us.
That would require it to have a heart. It let us go the
moment we became more trouble than we were worth.""","「伝わっている話とは異なり、帝国は我々を嫌っていなかった。
それには心が必要だ。我々が割に合わなくなったと
判断した瞬間、帝国は我らを解放した。」"
"""A lone knight and a Karui warrior travelled together out
of necessity, battling bandits for weeks. He gifted the
knight that hammer, which was later runed by smiths.""","「一人の騎士とカルイの戦士が必要に迫られ共に旅をし、
何週間にも渡って野盗と戦った。彼は騎士にその
鎚を贈り、後に鍛冶師たちがルーンを刻印した。」"
"Not all smiths laboured for honour. Some worked
for ill intents and dark minds. Some went mad,
and created weapons of mysterious malice.","全ての鍛冶師たちが名誉のために働いていたわけではない。
悪意や邪悪な心を持って働いた者もいた。狂気に陥り、
名状しがたい怨念を持った武器を造った者もいた。"
"""I did once wander from the Wildwood onto
a forested island. There I met men who believed
as I do, but they called it 'Tawhoa's Way'...""","「かつてワイルドウッドから森のある島へと迷い込んだ
ことがある。そこで私は志を同じくする者たちと出会ったが、
彼らはそれを『タウホアの道』と呼んでいた。」"
"The people loved Seren. She was the darling
of Middengard. There are those who still
search for her... or her grave, if one exists.","セレンは愛されていた。ミデンガルドの
人気者だった。未だに彼女を探すものも
いる……もしあるのならば、彼女の墓も。"
"""Many bloodbonds were forged in those years.
We quarrel with the Maraketh at times, yes, but
we will aid them once more, should the need arise.""","「その時代、多くの血の絆が結ばれた。
時に我らはマラケスと争うこともあるが、
必要が迫れば再び彼らの助けになろう。」"
"""It is shameful, what we used to do witches.
The thorns that grow in Phaaryl are descended
from those rites of pain and punishment.""","「我々が魔女たちにした仕打ちは恥ずべきことだ。
ファーリルに生える棘はその苦痛と罰の
儀式から来ているんだ。」"
"""The clans. Ah, the clans... we are a rowdy lot.
Unified, at times. A bloody mess, others. There
are many stories we tell only in jest, now.""","「氏族か。ああ、氏族か……我々は荒くれ者だ。
時には団結し。時には血塗れの。今では
冗談でしか語られぬ物語がる。」"
"""They say Cirel still waits. Though Caer Tarth
be a bleak waste, she knows one will come.
One with the power to do what she could not.""","「シレルはまだ待っているという。カイル・タルスが
荒廃しても、彼女はその者が来るのを知っている。
彼女に成せなかったことを成す力を持つ者が。」"
"""The witches could have inflicted great suffering
upon us. Instead, they showed us how to quell
the blushing trees. We realised we had erred.""","「魔女たちは我々に大きな不幸を見舞うことができた。
だが彼女たちは赤く染まった木々を鎮める方法を
教えてくれた。私たちは過ちに気づいたのだ。」"
"""Farrow has yet to make a name for himself,
but knowing him - and I think I do now -
he'll make his legacy one for the ages.""","「ファロウはまだ名を上げていないが、
彼のことだからー今は十分理解しているつもりだー
彼は歴史に残る遺産を築くだろう。」"
"""How does one defeat an Empire?
Simple... endure. The Empire is gone,
but we are still here. We have won.""","「帝国を倒すには？
簡単だ……耐えるだけだ。帝国は消え、
我らは残っている。我らの勝ちだ。」"
"""We do not always find peace with
humans. But let it be willed, that we
must never attack lone travellers.""","「我々は必ずしも人間と平和的に
関わるわけではない。だが我々は
決して独りの旅人を襲ってはならない。」"
"The gem warmed his palm. ""Our fear of this
power cost many lives. No longer!"" With his own
hands, Olroth sealed that expedition's demise.","魔石は彼の掌の中で熱を放っていた。「我々はこの力を恐れるあまり、
何人もの命を失ってしまった。だがそれもここまでだ！」オルロスは
彼自身の手で、遠征隊の破滅を確定させた。"
"In every era, in every age, Fate conspires to
unite heroes from across Wraeclast. That is
the secret of history: Fate and Order are one.","どの年代、どの時代でも、運命はレイクラスト中から
英雄たちを集めようとする。それが歴史の秘密だ。
運命と秩序は同じものなのだ。"
"The Empty-Eyed Fiend emerged from darkness.
Olroth raised his sword, gem in its pommel.
The Fiend smiled. Olroth swung.
Its head rolled, sockets ablaze with delight.","目の無い悪魔が闇から出現した。
オルロスは柄に魔石の嵌った剣を掲げた。
悪魔は笑った。オルロスは振り下ろした。
悪魔の首は転がり、その眼下は喜びで燃えていた。"
"In days of yore, the Druids of the Circle walked
the mountains and valleys of Middengard,
calming the lava flows and enriching the earth.","かつて円環のドルイドたちはミデンガルドの
山や谷を歩み、溶岩の流れを宥め
大地を豊かにしていった。"
"The Black Scythe Mercenary Company was an
extension of Vorana. No storied history, no
centuries of service... and yet, legendary.","『黒い鎌』傭兵団はヴォラナの延長だった。
語られる歴史もなく、何百年もの兵役もない……
それなのに、伝説的だった。"
"The Order of the Chalice still exists today.
Its priests teach engineering, mathematics,
and science to all those who would learn.","聖杯の騎士団は現在も存在している。
その神官たちは学ばんとする者たちに
工学、数学、そして科学を教えている。"
"The Knights of the Sun defined what it
means to be a hero in a world full of
monsters, mysteries, and darkness.","太陽の騎士たちは魔物、謎、そして
闇だらけの世界で、英雄であるということが
どういうことなのかを体現した。"
It neither blooms nor withers.,それは開花もしなければ萎れることもない。
